history_id,track_id,listened_at,device,ms_played
1,399,2026-07-12 04:37:43,Tablet,320141.0
2,469,2025-12-26 21:35:04,Desktop,117705.0
3,1001,2025-07-30 17:06:11,Mobile,158164.0
4,787,2026-02-07 05:24:05,Smart TV,220477.0
5,948,2025-09-09 09:41:06,Desktop,76574.0
6,566,2025-12-29 05:12:34,Smart TV,119197.0
7,506,2024-08-16 23:02:57,Tablet,42701.0
8,989,2025-07-29 05:19:12,Smart TV,275436.0
9,644,2025-09-11 19:31:35,Desktop,97666.0
10,247,2024-10-29 02:12:18,Tablet,228457.0
11,579,2024-09-11 13:41:24,Mobile,151842.0
12,611,2024-09-24 07:26:10,Unknown,102332.0
13,864,2024-03-21 13:25:17,Desktop,94700.0
14,915,2025-10-02 13:54:32,Web,185484.0
15,221,2026-08-17 09:57:35,Tablet,212080.0
16,929,2024-10-18 05:55:51,Mobile,246720.0
17,254,2024-02-23 11:53:19,Web,184777.0
18,769,2025-07-17 00:55:37,Smart TV,158114.0
19,365,2024-11-30 22:19:17,Web,172562.0
20,664,2025-08-02 20:41:58,Unknown,62306.0
21,271,2025-05-23 02:19:32,Mobile,269237.0
22,1071,2024-06-16 08:33:23,Web,79571.0
23,693,2024-03-24 15:01:25,Smart TV,99208.0
24,1117,2024-03-04 19:06:10,Unknown,118934.0
25,318,2025-07-15 03:15:27,Mobile,159120.0
26,535,2024-08-20 08:42:40,Mobile,37792.0
27,108,2025-10-20 08:12:39,Desktop,125738.0
28,313,2026-09-04 05:00:45,Unknown,151586.0
29,811,2024-01-20 18:34:39,Unknown,173951.0
30,850,2025-07-17 02:28:27,Desktop,33843.0
31,471,2025-08-19 17:53:37,Tablet,29701.0
32,754,2025-06-05 05:58:39,Mobile,154305.0
33,577,2024-09-29 20:15:10,Desktop,102238.0
34,525,2024-12-08 07:07:40,Mobile,135961.0
35,585,2025-04-07 01:02:57,Unknown,170325.0
36,1049,2026-02-27 14:46:14,Smart TV,125879.0
37,219,2026-01-30 07:29:06,Unknown,73529.0
38,612,2026-05-02 07:48:14,Web,359718.0
39,950,2024-02-25 23:35:12,Web,149014.0
40,445,2025-06-07 00:52:01,Desktop,77263.0
41,684,2024-07-30 18:11:22,Web,325748.0
42,938,2025-02-04 21:54:40,Smart TV,206079.0
43,1149,2025-09-03 10:23:20,Desktop,229635.0
44,160,2025-09-23 03:54:18,Tablet,318599.0
45,103,2026-05-27 00:24:29,Web,308197.0
46,912,2025-01-25 20:41:03,Web,343363.0
47,441,2025-10-23 06:56:46,Web,263420.0
48,156,2024-10-13 15:12:00,Mobile,209746.0
49,246,2024-11-05 05:09:51,Desktop,147743.0
50,247,2026-07-30 23:10:54,Mobile,230719.0
51,976,2024-06-27 00:31:20,Smart TV,90592.0
52,1188,2025-12-12 20:17:45,Tablet,148097.0
53,983,2024-03-05 05:34:52,Smart TV,81135.0
54,62,2024-02-08 18:06:38,Desktop,171251.0
55,28,2025-08-13 01:36:11,Web,131477.0
56,577,2026-01-06 17:26:45,Unknown,68776.0
57,557,2026-09-13 06:50:50,Mobile,89277.0
58,91,2026-06-13 20:30:21,Unknown,161604.0
59,1001,2026-03-21 08:25:45,Web,131566.0
60,746,2024-03-31 21:46:27,Tablet,125703.0
61,336,2025-01-17 23:58:44,Tablet,184068.0
62,299,2024-11-24 23:16:36,Smart TV,141584.0
63,763,2025-04-23 12:38:59,Unknown,300878.0
64,1013,2025-11-22 19:44:36,Mobile,182966.0
65,519,2026-06-25 05:00:40,Smart TV,133253.0
66,924,2026-02-10 19:37:55,Mobile,249914.0
67,704,2025-06-02 22:45:28,Unknown,78778.0
68,327,2026-05-21 20:53:15,Desktop,89172.0
69,812,2024-03-24 15:15:16,Tablet,237066.0
70,86,2025-06-16 03:46:47,Tablet,245207.0
71,338,2026-01-27 08:15:24,Smart TV,247701.0
72,240,2024-11-29 13:35:32,Unknown,227694.0
73,805,2024-08-12 21:00:31,Mobile,167880.0
74,463,2025-10-17 23:26:37,Desktop,119523.0
75,2,2026-07-03 18:22:07,Mobile,214685.0
76,628,2024-09-04 14:47:10,Unknown,83778.0
77,198,2026-09-01 06:57:15,Mobile,41467.0
78,425,2024-07-09 02:35:50,Mobile,57944.0
79,865,2026-08-25 13:01:00,Tablet,154616.0
80,615,2024-12-17 14:07:02,Tablet,97109.0
81,980,2025-10-12 22:23:03,Mobile,185834.0
82,1024,2024-11-23 12:47:51,Smart TV,52139.0
83,1104,2026-02-27 03:34:05,Web,115685.0
84,1005,2024-01-28 13:50:03,Mobile,29621.0
85,973,2024-09-15 19:47:48,Unknown,60512.0
86,193,2025-04-10 13:49:47,Smart TV,296687.0
87,71,2024-11-26 11:16:47,Smart TV,167927.0
88,444,2025-09-20 14:56:59,Tablet,44091.0
89,58,2026-08-15 18:26:01,Smart TV,119480.0
90,563,2025-12-14 20:34:22,Unknown,184056.0
91,100,2024-09-16 21:19:23,Desktop,87795.0
92,926,2024-10-27 05:55:31,Smart TV,41759.0
93,225,2025-12-04 05:38:09,Smart TV,400446.0
94,996,2024-09-12 00:12:26,Unknown,99401.0
95,362,2026-03-02 13:42:57,Web,68050.0
96,1196,2026-05-15 17:57:44,Unknown,134450.0
97,238,2024-04-13 05:59:12,Tablet,89653.0
98,1153,2024-01-25 15:57:02,Smart TV,222274.0
99,43,2025-12-26 19:07:15,Tablet,208490.0
100,218,2025-03-04 17:14:43,Unknown,31568.0
101,865,2024-03-09 02:22:22,Unknown,53854.0
102,733,2025-05-01 14:36:42,Desktop,223418.0
103,248,2024-01-25 05:53:53,Desktop,58621.0
104,914,2025-11-06 19:52:34,Mobile,144435.0
105,380,2025-08-19 15:02:46,Desktop,84806.0
106,302,2024-11-03 04:51:00,Web,219677.0
107,123,2025-06-06 00:26:34,Tablet,63060.0
108,1087,2024-01-10 11:02:39,Desktop,295720.0
109,984,2026-03-31 07:46:31,Smart TV,59605.0
110,439,2024-04-11 06:16:39,Tablet,93587.0
111,146,2024-05-29 04:37:20,Mobile,314447.0
112,979,2025-06-09 02:38:34,Smart TV,148244.0
113,741,2026-08-18 08:12:16,Smart TV,263075.0
114,88,2026-06-10 11:40:06,Unknown,214975.0
115,766,2025-02-04 16:22:39,Unknown,161877.0
116,261,2025-05-05 22:23:15,Smart TV,195691.0
117,323,2024-09-04 21:48:29,Mobile,179897.0
118,887,2025-09-06 01:07:31,Unknown,94174.0
119,299,2026-03-02 23:21:09,Web,54135.0
120,952,2025-10-27 12:25:58,Web,104304.0
121,632,2026-05-25 17:06:32,Unknown,179911.0
122,1148,2026-08-03 22:02:05,Desktop,133382.0
123,962,2024-12-11 03:18:45,Tablet,273462.0
124,1059,2025-09-23 22:59:14,Web,37902.0
125,592,2025-08-31 18:41:47,Web,77835.0
126,491,2025-08-02 06:57:49,Web,157530.0
127,1061,2025-11-23 14:59:01,Unknown,148268.0
128,386,2026-02-25 22:19:14,Unknown,259097.0
129,605,2024-07-13 13:09:40,Desktop,152683.0
130,948,2025-08-18 18:56:12,Web,114165.0
131,506,2024-07-29 21:46:38,Desktop,262244.0
132,1018,2025-01-18 08:56:35,Tablet,85577.0
133,941,2025-07-04 12:25:47,Web,58971.0
134,255,2026-09-16 13:42:36,Mobile,178176.0
135,137,2024-07-12 09:16:38,Tablet,268373.0
136,1196,2026-04-20 10:05:18,Web,234697.0
137,105,2025-03-13 22:52:07,Smart TV,276133.0
138,896,2025-01-31 11:24:04,Web,70594.0
139,112,2024-02-12 02:33:31,Web,123505.0
140,261,2026-03-13 03:29:28,Desktop,191483.0
141,82,2026-07-01 20:37:41,Tablet,47013.0
142,568,2024-10-18 15:38:55,Tablet,140644.0
143,1169,2026-02-08 09:42:41,Desktop,244672.0
144,311,2024-01-24 20:09:35,Desktop,132141.0
145,785,2024-07-27 19:43:23,Mobile,150960.0
146,1170,2026-01-28 22:21:35,Smart TV,243793.0
147,256,2024-04-07 08:57:49,Smart TV,228937.0
148,340,2026-07-02 06:19:06,Mobile,350181.0
149,490,2025-11-18 11:13:54,Smart TV,145127.0
150,914,2024-08-06 08:27:12,Unknown,69101.0
151,910,2025-03-29 05:28:31,Tablet,203618.0
152,779,2024-01-24 19:42:24,Unknown,288242.0
153,1007,2025-03-23 19:04:33,Tablet,100426.0
154,795,2026-05-08 16:05:58,Unknown,121805.0
155,159,2025-09-07 13:45:01,Desktop,58582.0
156,644,2024-12-27 14:44:57,Desktop,118335.0
157,778,2025-09-06 17:06:06,Tablet,342081.0
158,500,2025-10-22 02:21:19,Smart TV,196332.0
159,1171,2024-12-19 13:05:23,Unknown,86017.0
160,913,2026-07-20 15:26:32,Desktop,66330.0
161,552,2025-01-10 09:27:40,Tablet,125077.0
162,1060,2025-09-05 19:19:50,Smart TV,306285.0
163,747,2024-02-19 08:19:20,Mobile,35995.0
164,1133,2024-02-21 09:06:59,Smart TV,34617.0
165,306,2024-10-27 05:09:24,Desktop,340873.0
166,470,2025-02-23 11:20:41,Mobile,78207.0
167,107,2025-08-09 23:50:02,Unknown,278997.0
168,361,2024-10-22 19:56:59,Desktop,134593.0
169,484,2024-01-18 07:06:49,Mobile,168590.0
170,552,2026-04-16 06:30:26,Tablet,136106.0
171,756,2026-01-10 06:30:51,Desktop,50554.0
172,18,2024-11-29 06:15:17,Mobile,189684.0
173,1026,2025-05-31 02:04:11,Smart TV,152809.0
174,320,2026-05-16 04:48:59,Web,84655.0
175,1176,2026-03-12 10:10:05,Unknown,202706.0
176,226,2025-12-31 09:02:14,Mobile,68659.0
177,138,2025-01-21 04:56:53,Smart TV,51646.0
178,809,2025-07-17 19:42:51,Smart TV,288281.0
179,1065,2024-12-28 22:02:46,Smart TV,222606.0
180,515,2025-06-20 14:50:35,Desktop,77005.0
181,75,2024-07-30 02:40:22,Web,155958.0
182,237,2025-09-10 15:00:55,Mobile,145924.0
183,645,2025-05-13 07:14:04,Unknown,175560.0
184,302,2025-04-05 21:29:48,Unknown,230428.0
185,619,2025-02-09 08:54:06,Smart TV,46770.0
186,518,2025-05-13 14:32:09,Desktop,151005.0
187,949,2024-05-13 15:08:19,Desktop,174210.0
188,208,2024-10-29 13:37:05,Smart TV,64388.0
189,888,2024-03-20 21:46:52,Tablet,122086.0
190,978,2024-02-11 17:27:23,Web,49866.0
191,1038,2024-06-18 00:24:09,Unknown,411155.0
192,1151,2024-10-03 02:10:49,Tablet,36858.0
193,761,2024-01-25 16:19:27,Tablet,221504.0
194,943,2024-12-21 22:38:16,Tablet,130096.0
195,1200,2024-05-06 15:57:41,Tablet,273456.0
196,75,2025-11-13 19:57:06,Mobile,182762.0
197,315,2026-08-13 13:45:35,Unknown,93149.0
198,548,2024-05-27 05:10:39,Tablet,139552.0
199,787,2024-10-09 14:21:34,Mobile,105517.0
200,273,2024-07-18 15:13:57,Desktop,123718.0
201,875,2025-07-14 20:41:13,Mobile,119113.0
202,136,2024-06-16 01:21:50,Mobile,93904.0
203,449,2025-04-24 06:01:46,Mobile,357915.0
204,942,2026-04-11 12:28:43,Smart TV,208569.0
205,529,2025-08-13 20:20:12,Unknown,173085.0
206,678,2025-10-08 11:53:19,Unknown,196245.0
207,1066,2025-11-29 10:09:24,Desktop,275382.0
208,464,2026-04-14 00:48:33,Tablet,120861.0
209,616,2025-05-25 14:44:06,Web,64009.0
210,219,2026-04-23 05:23:14,Desktop,148052.0
211,510,2025-04-20 05:34:47,Tablet,274393.0
212,744,2025-02-26 14:33:29,Mobile,178188.0
213,497,2024-06-15 22:41:05,Mobile,104774.0
214,643,2026-08-06 02:04:18,Desktop,107169.0
215,849,2025-04-29 01:06:50,Web,173679.0
216,483,2025-05-13 17:54:29,Desktop,174609.0
217,831,2025-03-16 08:33:36,Desktop,123956.0
218,689,2024-06-12 21:46:18,Mobile,181517.0
219,207,2024-03-25 02:59:48,Tablet,154616.0
220,878,2025-05-19 03:21:39,Unknown,276515.0
221,312,2024-02-22 00:04:33,Web,203756.0
222,752,2025-11-26 13:00:25,Desktop,173820.0
223,635,2024-12-04 03:38:23,Mobile,55926.0
224,1,2026-04-21 06:59:58,Smart TV,287500.0
225,221,2024-09-30 21:36:14,Mobile,154499.0
226,583,2024-05-21 02:21:52,Desktop,214930.0
227,1055,2024-04-08 18:04:26,Mobile,253422.0
228,806,2026-05-22 12:19:48,Smart TV,231462.0
229,735,2026-09-01 18:31:39,Smart TV,123684.0
230,857,2026-04-06 08:33:38,Unknown,206792.0
231,669,2024-08-03 08:45:46,Mobile,149153.0
232,163,2024-03-01 21:23:48,Smart TV,199902.0
233,259,2024-06-01 02:40:26,Web,131904.0
234,1187,2024-09-01 17:32:03,Unknown,178527.0
235,1131,2026-01-16 21:23:47,Smart TV,152055.0
236,70,2025-01-07 05:41:56,Mobile,175217.0
237,65,2026-05-11 09:10:53,Smart TV,139206.0
238,815,2026-03-13 11:46:52,Unknown,147504.0
239,865,2025-11-05 11:27:39,Unknown,251530.0
240,377,2024-01-08 05:58:39,Smart TV,352268.0
241,686,2024-05-31 01:31:48,Tablet,335086.0
242,1015,2026-09-07 10:06:59,Smart TV,262212.0
243,79,2026-02-28 00:20:09,Tablet,251655.0
244,764,2024-12-11 00:05:58,Tablet,87072.0
245,414,2024-08-04 05:22:53,Unknown,159230.0
246,1035,2024-10-07 19:19:42,Tablet,131928.0
247,403,2025-03-21 01:26:07,Tablet,131879.0
248,595,2025-07-05 16:37:06,Smart TV,56408.0
249,129,2025-04-30 15:11:29,Tablet,339900.0
250,1172,2024-08-24 11:28:31,Web,303319.0
251,615,2026-07-01 23:44:26,Unknown,185400.0
252,1187,2024-09-17 14:22:28,Mobile,126686.0
253,455,2026-09-01 16:21:24,Mobile,154616.0
254,156,2026-04-01 09:57:45,Smart TV,178852.0
255,34,2025-05-28 23:18:08,Unknown,181970.0
256,105,2025-05-23 21:07:24,Web,88673.0
257,238,2026-05-25 08:33:00,Unknown,333445.0
258,673,2024-06-30 19:50:42,Smart TV,154616.0
259,164,2024-12-02 23:33:03,Mobile,129359.0
260,266,2026-08-11 09:24:01,Web,52638.0
261,852,2024-06-14 15:31:35,Mobile,100208.0
262,592,2024-11-12 19:44:42,Mobile,173360.0
263,319,2026-06-13 04:25:17,Desktop,154616.0
264,136,2026-03-08 09:49:56,Smart TV,252022.0
265,692,2024-05-04 18:13:16,Smart TV,271135.0
266,1047,2024-05-05 17:31:17,Mobile,233947.0
267,730,2026-03-18 03:21:02,Desktop,132352.0
268,1117,2026-08-25 09:06:44,Tablet,183816.0
269,177,2024-03-05 05:54:31,Unknown,95547.0
270,1096,2024-07-17 17:25:42,Web,402813.0
271,62,2024-12-14 14:10:23,Tablet,277143.0
272,825,2024-08-05 06:05:57,Tablet,65987.0
273,138,2026-02-01 08:15:20,Smart TV,337687.0
274,1142,2026-02-28 16:40:11,Desktop,131095.0
275,86,2024-02-07 16:29:23,Mobile,114271.0
276,763,2025-10-26 12:19:57,Web,185495.0
277,950,2024-03-28 04:52:54,Tablet,190660.0
278,239,2025-08-30 04:56:35,Tablet,118451.0
279,698,2024-05-02 22:45:12,Unknown,235403.0
280,650,2024-09-08 11:21:42,Mobile,243913.0
281,219,2024-02-26 10:55:48,Unknown,171112.0
282,529,2026-04-15 13:49:12,Smart TV,285021.0
283,153,2025-06-27 13:14:42,Web,75412.0
284,834,2024-01-24 00:57:07,Unknown,341638.0
285,191,2026-06-09 05:00:12,Mobile,343888.0
286,743,2024-04-26 03:27:52,Web,339641.0
287,254,2024-07-06 20:59:11,Desktop,95287.0
288,101,2024-10-10 11:20:27,Tablet,209199.0
289,164,2026-04-11 19:59:10,Tablet,354863.0
290,609,2026-07-17 20:06:39,Smart TV,279533.0
291,84,2024-11-15 15:17:52,Unknown,45191.0
292,107,2024-05-20 02:30:10,Mobile,73050.0
293,219,2026-07-01 17:21:58,Smart TV,40430.0
294,1110,2024-04-19 09:37:20,Desktop,82760.0
295,168,2024-12-08 06:07:49,Unknown,87803.0
296,213,2025-10-07 00:36:47,Desktop,110416.0
297,347,2026-01-25 18:33:25,Unknown,72665.0
298,1072,2026-06-15 09:57:03,Desktop,204200.0
299,1009,2025-07-14 08:39:43,Unknown,39571.0
300,796,2024-07-16 19:12:57,Tablet,69947.0
301,843,2026-07-21 21:03:23,Mobile,104601.0
302,861,2024-09-18 23:36:18,Mobile,154616.0
303,831,2025-08-27 06:57:36,Tablet,254687.0
304,378,2026-04-13 23:19:53,Desktop,113911.0
305,272,2025-12-29 01:27:49,Mobile,99403.0
306,148,2025-12-01 14:22:16,Mobile,97338.0
307,1177,2024-01-03 23:43:59,Unknown,88250.0
308,29,2025-02-27 03:53:38,Desktop,85987.0
309,253,2026-06-08 13:25:33,Unknown,147284.0
310,1063,2025-11-27 10:00:53,Unknown,139451.0
311,299,2024-07-30 14:10:14,Unknown,143405.0
312,498,2025-05-16 17:48:02,Web,355023.0
313,7,2025-03-19 16:52:42,Mobile,103074.0
314,940,2025-06-20 10:31:29,Web,118536.0
315,289,2024-10-17 10:10:12,Smart TV,53310.0
316,1085,2024-03-07 21:21:11,Desktop,99126.0
317,921,2024-07-24 10:02:05,Web,302777.0
318,329,2025-05-06 08:01:49,Desktop,108803.0
319,996,2025-01-28 07:58:08,Unknown,210251.0
320,297,2024-04-22 09:44:44,Unknown,284896.0
321,203,2024-10-05 23:58:03,Smart TV,197944.0
322,42,2024-03-05 20:38:58,Web,261288.0
323,517,2026-04-09 08:53:40,Tablet,283213.0
324,1177,2026-03-29 19:17:37,Tablet,262597.0
325,7,2024-06-01 00:42:45,Tablet,159443.0
326,860,2025-08-04 12:25:34,Mobile,41500.0
327,628,2026-01-08 15:28:05,Tablet,74216.0
328,409,2025-10-05 14:38:04,Tablet,282023.0
329,1156,2024-12-31 03:29:54,Desktop,95915.0
330,666,2024-02-16 12:14:19,Tablet,164736.0
331,683,2025-05-19 08:17:09,Unknown,163211.0
332,157,2024-04-15 20:34:36,Mobile,176761.0
333,420,2025-04-23 15:00:48,Mobile,141106.0
334,1124,2025-03-27 04:56:29,Web,81190.0
335,199,2024-02-07 09:20:14,Mobile,57887.0
336,575,2025-10-20 21:25:52,Mobile,174686.0
337,698,2026-08-03 08:37:05,Web,186634.0
338,1100,2026-02-03 22:54:18,Smart TV,190447.0
339,568,2025-07-08 06:04:53,Mobile,290626.0
340,1003,2026-04-16 07:52:38,Mobile,274259.0
341,182,2025-05-30 21:13:19,Mobile,59175.0
342,875,2025-12-14 12:42:18,Tablet,318888.0
343,337,2024-01-28 03:33:00,Unknown,404792.0
344,564,2024-07-16 06:15:53,Mobile,332531.0
345,368,2024-07-19 07:36:43,Mobile,58404.0
346,921,2024-08-19 22:31:27,Unknown,87061.0
347,419,2025-01-10 22:49:59,Unknown,224834.0
348,885,2024-06-06 02:18:12,Smart TV,203609.0
349,16,2024-06-24 13:38:11,Smart TV,61833.0
350,223,2024-03-27 05:44:08,Mobile,69824.0
351,891,2024-08-22 06:03:02,Tablet,123177.0
352,1088,2026-08-30 21:32:33,Web,176227.0
353,928,2024-06-10 21:38:12,Smart TV,229436.0
354,871,2024-06-25 22:14:38,Web,230885.0
355,533,2025-09-12 07:47:48,Mobile,313178.0
356,402,2025-02-19 10:45:36,Mobile,122973.0
357,1191,2024-04-28 04:36:57,Unknown,242741.0
358,1093,2026-08-30 04:07:12,Unknown,125681.0
359,1190,2025-12-30 04:55:23,Desktop,34887.0
360,259,2024-09-03 01:50:52,Mobile,200816.0
361,495,2025-07-05 20:06:28,Mobile,75909.0
362,532,2024-09-24 12:05:25,Mobile,229940.0
363,876,2025-05-17 07:28:29,Unknown,82857.0
364,184,2025-06-14 05:22:55,Unknown,183637.0
365,1120,2024-03-23 11:43:04,Web,155779.0
366,62,2024-02-03 00:25:11,Unknown,273433.0
367,50,2026-06-02 01:06:17,Unknown,44390.0
368,1200,2024-03-24 03:00:30,Mobile,252224.0
369,900,2026-03-13 19:37:31,Unknown,278344.0
370,53,2026-01-06 05:27:11,Unknown,309645.0
371,236,2026-03-24 18:21:02,Web,187763.0
372,327,2024-03-28 19:52:15,Tablet,296531.0
373,1106,2025-05-03 10:27:21,Mobile,101941.0
374,309,2024-06-28 10:31:16,Web,175230.0
375,778,2025-04-25 01:28:13,Mobile,202400.0
376,101,2024-01-03 09:30:47,Unknown,218552.0
377,700,2024-03-31 13:09:38,Desktop,244691.0
378,830,2025-01-21 20:29:53,Web,82974.0
379,1048,2024-08-21 11:42:38,Web,164182.0
380,349,2026-03-14 21:00:05,Unknown,167578.0
381,81,2025-10-02 17:06:13,Smart TV,69641.0
382,1144,2025-04-16 22:30:14,Tablet,113642.0
383,1077,2024-07-08 04:34:44,Mobile,50839.0
384,251,2026-06-05 14:15:37,Tablet,74923.0
385,1084,2026-01-26 00:10:51,Unknown,146943.0
386,364,2025-07-14 17:14:41,Tablet,178971.0
387,398,2025-01-22 06:50:00,Web,120062.0
388,497,2024-06-07 02:23:09,Unknown,48389.0
389,605,2026-01-13 06:13:16,Unknown,118895.0
390,630,2025-02-21 10:50:05,Smart TV,74679.0
391,268,2025-01-12 19:14:08,Web,146384.0
392,169,2025-04-18 01:29:04,Unknown,343129.0
393,799,2024-06-09 12:54:48,Web,225805.0
394,87,2024-07-10 14:40:58,Web,152062.0
395,697,2025-07-10 06:48:24,Unknown,153122.0
396,48,2025-11-15 03:04:49,Web,207643.0
397,596,2025-06-09 20:57:39,Mobile,221994.0
398,463,2026-01-18 03:58:02,Tablet,102637.0
399,1063,2024-07-01 10:01:41,Smart TV,113164.0
400,127,2025-11-20 12:22:35,Mobile,46135.0
401,597,2024-09-01 07:27:02,Web,194100.0
402,398,2026-04-28 19:09:31,Unknown,72165.0
403,251,2025-02-08 08:04:42,Mobile,177947.0
404,194,2025-12-29 21:50:24,Mobile,215893.0
405,1115,2024-02-19 22:04:49,Mobile,381575.0
406,406,2025-05-19 07:53:34,Desktop,96800.0
407,81,2026-06-22 14:48:20,Mobile,344651.0
408,1035,2025-05-23 11:55:18,Tablet,278506.0
409,834,2026-03-08 20:07:03,Mobile,262826.0
410,22,2026-07-22 06:43:45,Mobile,128774.0
411,219,2024-12-08 15:06:37,Tablet,55023.0
412,1073,2026-08-04 00:28:39,Smart TV,99779.0
413,1019,2024-09-27 10:19:38,Unknown,237421.0
414,851,2026-07-27 00:06:42,Smart TV,209553.0
415,754,2025-09-16 12:35:23,Web,80067.0
416,146,2026-04-07 04:29:04,Tablet,318502.0
417,588,2024-04-21 19:37:57,Tablet,129135.0
418,978,2024-12-17 00:57:37,Smart TV,168671.0
419,399,2024-06-23 05:44:27,Tablet,313289.0
420,303,2024-03-16 08:44:35,Smart TV,167760.0
421,158,2024-04-04 09:17:22,Unknown,299122.0
422,603,2024-05-13 18:55:15,Mobile,166037.0
423,752,2025-10-07 00:46:25,Smart TV,197667.0
424,810,2025-03-14 15:51:04,Tablet,218792.0
425,197,2024-04-29 04:41:20,Mobile,132598.0
426,396,2026-06-14 02:00:59,Smart TV,207109.0
427,815,2026-06-24 22:06:56,Mobile,58641.0
428,792,2024-06-06 16:35:20,Desktop,44090.0
429,205,2026-09-02 06:23:24,Web,252338.0
430,729,2024-02-23 15:38:53,Tablet,218154.0
431,223,2025-05-12 22:48:20,Tablet,192504.0
432,293,2025-09-28 07:40:37,Web,384398.0
433,83,2024-04-28 08:48:52,Tablet,137563.0
434,917,2026-03-09 07:03:57,Unknown,99999.0
435,1127,2026-01-24 19:14:45,Desktop,59018.0
436,767,2025-09-21 04:31:10,Smart TV,67528.0
437,37,2025-09-12 01:43:44,Tablet,99924.0
438,133,2026-04-02 10:32:05,Mobile,128114.0
439,928,2024-09-18 21:13:21,Tablet,321661.0
440,1174,2025-09-30 22:47:26,Smart TV,102162.0
441,608,2026-04-30 20:07:23,Unknown,220898.0
442,935,2024-04-01 19:00:47,Web,90446.0
443,1187,2025-01-28 23:11:03,Web,336090.0
444,1158,2024-04-15 10:43:08,Web,60630.0
445,1167,2025-09-25 07:04:47,Mobile,347535.0
446,379,2026-05-09 08:07:12,Smart TV,79553.0
447,828,2025-07-31 20:23:00,Tablet,385387.0
448,48,2025-07-25 17:13:14,Smart TV,102175.0
449,856,2026-07-02 01:06:40,Desktop,251043.0
450,634,2025-07-29 08:18:18,Unknown,201668.0
451,741,2025-10-27 08:52:56,Unknown,282052.0
452,1150,2026-02-14 00:38:13,Mobile,288889.0
453,706,2026-09-10 14:50:08,Desktop,317408.0
454,1160,2025-09-16 15:48:24,Desktop,109568.0
455,832,2025-08-27 13:03:38,Unknown,161818.0
456,545,2024-04-05 20:02:50,Smart TV,156003.0
457,150,2026-08-03 07:53:14,Smart TV,29028.0
458,202,2025-11-19 05:18:19,Web,170467.0
459,1171,2024-12-10 04:22:33,Web,65112.0
460,817,2025-07-08 05:25:23,Web,86713.0
461,1043,2024-10-05 22:47:36,Desktop,358755.0
462,980,2026-02-09 08:08:45,Tablet,37744.0
463,890,2025-09-06 14:13:26,Mobile,261162.0
464,240,2026-05-03 14:05:49,Unknown,213171.0
465,396,2026-04-13 22:16:41,Mobile,149815.0
466,99,2026-08-26 02:24:39,Unknown,179090.0
467,572,2024-03-23 10:40:08,Unknown,158311.0
468,659,2024-02-25 16:29:53,Unknown,180724.0
469,1069,2024-07-19 21:12:24,Unknown,169311.0
470,295,2024-02-21 13:24:41,Mobile,107077.0
471,1015,2025-03-27 16:07:04,Mobile,185711.0
472,920,2026-06-25 05:05:14,Smart TV,224261.0
473,267,2025-09-02 04:59:42,Mobile,153310.0
474,1008,2026-01-12 22:46:11,Mobile,284993.0
475,330,2025-08-01 21:54:38,Mobile,76961.0
476,814,2026-08-17 19:04:39,Desktop,191314.0
477,407,2024-07-26 16:31:29,Web,97820.0
478,733,2026-01-02 06:14:05,Smart TV,119890.0
479,223,2025-04-23 19:49:53,Desktop,207893.0
480,337,2025-11-25 03:42:04,Smart TV,81836.0
481,231,2024-08-12 15:21:39,Unknown,132298.0
482,651,2024-05-15 17:01:46,Web,229240.0
483,771,2024-05-04 06:55:54,Unknown,106793.0
484,1117,2024-10-30 11:10:51,Desktop,87065.0
485,1186,2024-11-26 01:44:23,Tablet,59915.0
486,89,2026-04-17 03:26:28,Mobile,142965.0
487,485,2025-04-07 07:27:35,Smart TV,148936.0
488,964,2025-07-01 03:56:32,Unknown,370723.0
489,1024,2025-11-14 18:41:31,Mobile,92251.0
490,331,2025-10-16 03:21:33,Tablet,341356.0
491,1099,2026-04-27 06:38:26,Tablet,66112.0
492,860,2024-06-24 20:50:41,Smart TV,190738.0
493,897,2024-08-27 15:30:39,Tablet,226698.0
494,498,2026-06-16 04:11:11,Unknown,322378.0
495,653,2025-02-22 01:03:41,Smart TV,83528.0
496,47,2025-05-19 21:25:50,Smart TV,237552.0
497,244,2025-04-09 17:24:54,Smart TV,147069.0
498,484,2026-07-10 14:44:55,Mobile,149694.0
499,748,2026-02-21 00:04:55,Unknown,142051.0
500,351,2024-07-03 08:09:08,Desktop,274269.0
501,177,2025-02-06 13:19:37,Smart TV,53240.0
502,215,2025-12-04 09:38:42,Mobile,88789.0
503,1071,2025-10-28 06:20:34,Web,73285.0
504,1163,2025-02-11 16:37:43,Tablet,293208.0
505,1095,2026-03-02 09:46:35,Tablet,125196.0
506,592,2026-03-13 19:54:20,Desktop,209723.0
507,78,2026-05-21 12:02:49,Unknown,158380.0
508,471,2025-11-09 19:44:38,Unknown,110215.0
509,514,2025-06-03 10:37:35,Tablet,276236.0
510,692,2026-05-16 22:11:58,Unknown,196012.0
511,173,2024-10-17 12:37:33,Smart TV,196809.0
512,74,2025-12-12 23:50:30,Desktop,197529.0
513,482,2026-07-05 19:48:19,Desktop,173219.0
514,1105,2026-02-26 23:54:38,Smart TV,85874.0
515,563,2025-01-24 02:50:22,Unknown,380825.0
516,945,2025-05-21 22:13:30,Desktop,173960.0
517,1177,2026-07-26 15:53:28,Desktop,160672.0
518,266,2024-11-23 18:47:28,Unknown,119922.0
519,79,2026-03-20 23:25:19,Mobile,219649.0
520,817,2025-10-20 06:46:50,Web,184779.0
521,107,2025-12-13 09:48:21,Web,308873.0
522,800,2025-01-25 22:33:24,Mobile,97821.0
523,63,2025-11-20 04:32:41,Desktop,72485.0
524,702,2026-05-22 13:38:10,Tablet,66094.0
525,806,2025-04-16 21:36:43,Tablet,154515.0
526,603,2024-07-09 23:14:23,Unknown,95983.0
527,1091,2026-01-27 20:58:24,Desktop,227257.0
528,399,2025-07-13 20:50:51,Desktop,311261.0
529,534,2024-03-22 11:56:15,Unknown,111751.0
530,990,2024-07-01 12:30:03,Desktop,104580.0
531,827,2026-08-26 21:26:57,Web,132308.0
532,1085,2025-09-14 13:28:23,Tablet,41364.0
533,218,2025-07-27 14:14:37,Unknown,89307.0
534,1003,2025-06-15 09:34:12,Tablet,320815.0
535,665,2024-01-17 22:12:18,Unknown,118551.0
536,589,2026-04-24 09:31:42,Unknown,113010.0
537,246,2026-06-17 18:39:09,Mobile,49064.0
538,986,2025-09-05 17:37:51,Unknown,79333.0
539,684,2025-08-18 08:35:35,Web,124482.0
540,431,2025-02-07 11:11:55,Mobile,67174.0
541,670,2026-04-27 11:56:00,Desktop,88778.0
542,750,2025-09-26 07:48:30,Tablet,292196.0
543,200,2024-08-31 15:31:09,Mobile,179795.0
544,545,2026-09-02 05:26:59,Mobile,248207.0
545,581,2026-08-31 03:10:21,Smart TV,61854.0
546,785,2025-09-22 19:16:04,Tablet,216301.0
547,1073,2025-04-29 20:26:35,Desktop,53166.0
548,979,2024-01-07 09:53:29,Tablet,105774.0
549,1079,2025-07-25 12:40:54,Web,136944.0
550,1142,2026-04-08 15:35:18,Tablet,138124.0
551,1038,2025-03-01 16:22:33,Desktop,248009.0
552,284,2025-05-19 12:18:07,Unknown,99031.0
553,573,2025-07-08 23:01:00,Web,126300.0
554,650,2026-03-17 22:20:32,Web,155501.0
555,244,2026-09-17 03:01:16,Web,166498.0
556,53,2024-05-19 00:13:40,Web,280837.0
557,763,2025-10-16 08:21:30,Mobile,241516.0
558,485,2024-05-14 23:23:53,Mobile,183899.0
559,668,2026-06-08 11:33:19,Web,154616.0
560,985,2024-02-04 18:59:51,Tablet,111892.0
561,374,2025-11-29 03:39:15,Tablet,96327.0
562,1075,2025-09-23 13:56:49,Unknown,153781.0
563,1005,2024-05-27 18:11:21,Desktop,174755.0
564,867,2025-04-04 23:12:15,Web,147395.0
565,847,2024-06-02 00:13:54,Unknown,68535.0
566,344,2026-07-30 13:25:43,Mobile,133125.0
567,1077,2024-08-11 06:17:38,Mobile,203243.0
568,274,2024-07-13 02:17:26,Unknown,84270.0
569,15,2025-10-03 11:05:59,Unknown,221383.0
570,17,2026-06-25 03:16:16,Smart TV,133248.0
571,328,2024-07-27 20:07:29,Desktop,177823.0
572,966,2025-02-17 18:53:04,Desktop,224315.0
573,371,2026-07-10 12:44:46,Unknown,120975.0
574,744,2025-07-29 22:51:18,Desktop,130092.0
575,1170,2026-08-22 01:11:25,Tablet,102693.0
576,929,2025-01-26 23:56:43,Smart TV,235772.0
577,109,2025-07-16 06:36:49,Unknown,184077.0
578,961,2024-06-28 02:18:19,Smart TV,171828.0
579,445,2026-08-06 20:33:08,Mobile,135306.0
580,668,2024-07-05 06:16:55,Tablet,92473.0
581,439,2026-01-28 14:59:53,Unknown,179491.0
582,875,2026-03-29 11:54:14,Unknown,237330.0
583,621,2024-08-29 20:08:20,Desktop,112105.0
584,666,2025-10-30 13:14:29,Tablet,277052.0
585,1107,2024-07-27 11:39:29,Smart TV,218842.0
586,251,2025-05-15 23:28:09,Smart TV,114023.0
587,449,2024-06-14 14:18:42,Tablet,146467.0
588,682,2024-09-24 09:14:38,Smart TV,122238.0
589,239,2024-07-03 16:16:06,Tablet,143185.0
590,899,2024-01-03 06:48:03,Desktop,227128.0
591,114,2024-12-05 08:58:27,Tablet,132308.0
592,1020,2026-01-06 04:05:47,Web,67748.0
593,284,2025-08-16 20:19:39,Desktop,164370.0
594,306,2024-01-29 03:35:17,Unknown,96234.0
595,112,2025-07-15 06:51:39,Web,93423.0
596,1136,2025-05-15 22:05:05,Smart TV,202735.0
597,1063,2025-05-30 18:25:11,Unknown,238201.0
598,432,2025-12-10 13:33:04,Desktop,290158.0
599,1096,2025-02-07 02:12:59,Mobile,334888.0
600,414,2024-01-18 10:07:35,Smart TV,372236.0
601,168,2026-04-14 20:51:00,Mobile,263358.0
602,943,2024-03-09 12:37:47,Desktop,268955.0
603,1169,2026-07-09 03:24:24,Tablet,39234.0
604,343,2026-03-08 21:22:03,Mobile,174459.0
605,621,2024-07-22 17:24:08,Tablet,68349.0
606,395,2024-02-28 22:17:06,Tablet,275429.0
607,852,2025-04-26 03:00:32,Mobile,101998.0
608,236,2024-05-28 14:29:02,Desktop,46826.0
609,237,2024-07-31 05:43:51,Unknown,73453.0
610,943,2025-02-23 16:59:12,Mobile,246426.0
611,183,2024-04-28 04:06:13,Desktop,91071.0
612,86,2024-05-03 22:28:58,Unknown,294624.0
613,703,2025-11-08 19:15:57,Desktop,316663.0
614,439,2024-02-07 10:41:24,Web,125607.0
615,427,2025-07-03 00:29:17,Unknown,122360.0
616,618,2026-03-06 18:58:07,Web,69494.0
617,361,2024-04-12 03:16:49,Unknown,94275.0
618,809,2025-10-02 19:06:28,Mobile,95611.0
619,1181,2025-11-11 11:53:33,Web,356574.0
620,770,2024-05-11 00:37:23,Unknown,188098.0
621,752,2026-09-17 12:44:31,Mobile,185645.0
622,3,2026-04-04 07:48:50,Web,247582.0
623,263,2026-03-08 21:14:35,Mobile,154616.0
624,469,2025-04-09 04:19:11,Web,45241.0
625,1126,2024-11-30 19:38:51,Desktop,138989.0
626,435,2026-05-16 00:59:04,Unknown,138362.0
627,320,2024-01-27 05:07:40,Smart TV,246261.0
628,253,2025-01-05 22:21:51,Smart TV,96705.0
629,570,2024-03-02 06:03:24,Unknown,149064.0
630,175,2025-03-17 15:31:02,Desktop,173045.0
631,267,2024-05-09 10:14:43,Mobile,211124.0
632,702,2024-11-23 09:30:17,Unknown,174260.0
633,16,2024-08-15 10:23:35,Mobile,60915.0
634,744,2026-07-18 14:45:54,Unknown,346362.0
635,925,2025-01-12 15:24:28,Mobile,173145.0
636,760,2025-03-29 21:29:08,Web,150526.0
637,584,2025-03-11 06:16:47,Mobile,287091.0
638,281,2026-05-06 09:08:32,Mobile,154616.0
639,1137,2024-03-01 04:18:53,Mobile,240603.0
640,425,2024-01-28 15:01:16,Smart TV,187926.0
641,566,2026-02-20 03:16:33,Mobile,148244.0
642,1115,2024-01-14 18:49:04,Web,83878.0
643,918,2024-04-19 05:23:35,Mobile,177516.0
644,702,2025-12-22 02:12:49,Mobile,96925.0
645,837,2025-04-08 03:42:05,Desktop,86041.0
646,681,2024-03-22 01:44:25,Tablet,208007.0
647,565,2025-05-18 10:55:52,Mobile,83179.0
648,403,2024-01-26 00:38:04,Tablet,155898.0
649,1082,2025-11-23 12:56:14,Tablet,118767.0
650,520,2025-05-23 01:04:50,Web,108495.0
651,408,2025-11-18 07:17:42,Smart TV,154420.0
652,521,2026-05-08 15:55:40,Desktop,259909.0
653,162,2024-12-27 21:18:16,Desktop,65078.0
654,973,2024-01-20 01:10:05,Smart TV,51895.0
655,872,2024-04-12 11:18:31,Mobile,206289.0
656,139,2026-03-25 04:14:27,Unknown,47737.0
657,958,2024-05-07 09:11:11,Web,53207.0
658,1200,2024-08-29 19:48:07,Unknown,276400.0
659,1153,2026-02-14 22:58:36,Web,291174.0
660,511,2025-11-14 02:23:41,Web,80733.0
661,1028,2024-02-08 21:28:06,Smart TV,71172.0
662,809,2026-03-13 22:04:03,Desktop,223452.0
663,134,2024-07-22 16:51:58,Smart TV,240171.0
664,783,2025-09-09 20:15:47,Smart TV,192580.0
665,204,2024-06-01 07:52:28,Smart TV,182232.0
666,983,2025-08-07 09:41:27,Web,88409.0
667,895,2024-07-06 07:40:47,Unknown,250124.0
668,593,2025-08-19 20:41:49,Smart TV,208146.0
669,31,2024-03-09 09:36:57,Unknown,63343.0
670,286,2024-01-27 07:48:14,Tablet,98145.0
671,352,2024-04-18 03:14:28,Unknown,108783.0
672,57,2025-10-07 22:51:23,Tablet,72889.0
673,172,2024-08-28 13:26:54,Tablet,249469.0
674,1051,2025-09-01 18:22:00,Smart TV,310485.0
675,301,2026-07-07 04:04:34,Mobile,48801.0
676,1101,2025-05-30 22:47:25,Unknown,113597.0
677,1041,2024-02-01 02:34:14,Web,243150.0
678,623,2025-07-01 05:01:59,Web,67425.0
679,1069,2025-06-09 08:29:17,Tablet,111047.0
680,766,2025-03-24 00:25:11,Mobile,147467.0
681,532,2025-07-07 01:42:17,Unknown,187131.0
682,192,2026-04-28 06:32:50,Mobile,198423.0
683,614,2025-09-01 14:40:52,Mobile,36708.0
684,324,2025-06-07 18:11:34,Desktop,276154.0
685,868,2025-07-27 18:22:30,Smart TV,71203.0
686,1185,2026-08-23 17:22:19,Mobile,237043.0
687,727,2024-08-22 04:17:35,Tablet,125047.0
688,868,2024-04-25 12:54:39,Tablet,136784.0
689,509,2024-06-30 17:44:58,Unknown,78141.0
690,1133,2025-07-25 08:09:37,Mobile,72979.0
691,943,2025-08-17 23:58:48,Web,223867.0
692,93,2026-06-25 22:01:05,Web,339011.0
693,771,2025-01-27 19:54:29,Tablet,115609.0
694,880,2024-01-27 09:40:18,Mobile,184536.0
695,910,2024-01-12 05:34:07,Desktop,162780.0
696,328,2026-08-13 12:56:45,Unknown,211699.0
697,833,2024-10-08 19:45:22,Tablet,154616.0
698,455,2024-09-29 19:27:53,Desktop,83069.0
699,85,2026-06-20 15:52:15,Smart TV,64965.0
700,310,2026-02-09 19:11:42,Smart TV,206525.0
701,46,2025-09-30 02:18:31,Desktop,56756.0
702,232,2025-08-23 09:02:23,Tablet,118305.0
703,335,2026-04-20 07:26:53,Desktop,233478.0
704,974,2026-01-06 14:50:29,Desktop,239177.0
705,90,2026-07-29 09:15:59,Smart TV,97542.0
706,681,2026-03-09 00:47:54,Web,228962.0
707,619,2025-05-22 05:15:58,Smart TV,65949.0
708,652,2025-10-27 01:08:57,Web,188239.0
709,58,2026-03-17 20:39:06,Smart TV,113844.0
710,992,2026-07-07 02:22:43,Web,278564.0
711,1103,2025-08-09 19:54:06,Unknown,277853.0
712,6,2026-06-06 14:35:21,Mobile,132744.0
713,557,2024-03-22 16:07:25,Mobile,97641.0
714,464,2026-05-09 11:53:08,Unknown,159917.0
715,772,2026-08-27 09:38:57,Tablet,157276.0
716,510,2025-12-16 21:10:53,Smart TV,139186.0
717,639,2026-08-10 18:26:57,Mobile,102514.0
718,671,2024-12-14 21:25:16,Unknown,124188.0
719,101,2024-04-23 04:31:08,Unknown,161140.0
720,370,2024-02-29 17:23:40,Smart TV,351417.0
721,92,2024-12-25 04:07:42,Unknown,40550.0
722,127,2024-08-20 21:41:59,Smart TV,169203.0
723,425,2025-03-07 11:26:47,Unknown,106413.0
724,258,2024-04-12 18:44:18,Tablet,113765.0
725,115,2025-01-23 17:40:36,Unknown,49037.0
726,1173,2024-11-04 04:56:50,Web,87050.0
727,367,2024-02-18 10:40:45,Unknown,169140.0
728,562,2026-03-15 20:16:14,Smart TV,243521.0
729,103,2024-11-30 15:52:01,Web,154616.0
730,645,2025-03-09 13:15:34,Tablet,124805.0
731,60,2025-08-07 16:24:23,Web,256442.0
732,453,2024-07-15 18:26:17,Desktop,329566.0
733,497,2026-05-27 13:27:14,Smart TV,67742.0
734,268,2026-05-24 23:03:58,Unknown,84249.0
735,593,2024-02-25 03:56:48,Tablet,107112.0
736,711,2024-08-22 01:57:18,Smart TV,56977.0
737,329,2026-05-26 06:47:56,Desktop,49656.0
738,926,2025-03-14 17:25:00,Smart TV,185668.0
739,276,2026-02-21 11:30:19,Mobile,181659.0
740,162,2024-06-30 10:13:42,Web,261178.0
741,1031,2026-04-14 09:08:45,Smart TV,211173.0
742,123,2024-01-07 19:32:46,Tablet,39603.0
743,812,2025-05-07 18:00:19,Mobile,262576.0
744,355,2025-08-14 21:40:56,Mobile,232307.0
745,560,2025-04-01 04:54:42,Web,401619.0
746,337,2025-10-15 15:28:24,Desktop,80958.0
747,110,2024-07-27 19:15:05,Smart TV,144442.0
748,701,2024-08-21 15:39:31,Smart TV,90220.0
749,1091,2024-02-19 16:47:30,Unknown,160536.0
750,346,2025-01-12 09:38:18,Desktop,260223.0
751,253,2025-11-18 20:17:51,Web,261861.0
752,519,2025-01-05 09:46:13,Smart TV,54413.0
753,522,2024-11-08 23:46:06,Web,91584.0
754,299,2026-06-09 07:09:56,Desktop,283720.0
755,397,2024-06-06 16:17:28,Unknown,81867.0
756,1007,2025-11-29 22:36:08,Smart TV,180221.0
757,898,2026-07-11 14:29:45,Web,149007.0
758,341,2025-05-16 06:10:45,Tablet,43369.0
759,1104,2025-01-23 06:10:45,Web,195868.0
760,26,2025-11-01 19:45:59,Tablet,38993.0
761,793,2026-09-12 08:59:26,Unknown,184596.0
762,399,2024-02-03 14:04:34,Desktop,217798.0
763,666,2026-01-06 19:51:16,Tablet,212238.0
764,470,2024-12-04 08:21:23,Unknown,154616.0
765,213,2025-06-11 02:31:00,Smart TV,153997.0
766,1035,2024-10-20 18:43:15,Web,257420.0
767,353,2024-10-12 09:15:05,Web,124148.0
768,536,2024-09-25 15:33:52,Tablet,66540.0
769,741,2025-12-05 02:24:05,Smart TV,168154.0
770,1132,2024-04-19 00:34:00,Unknown,206656.0
771,657,2024-09-03 23:26:04,Smart TV,140947.0
772,1029,2025-06-08 09:18:03,Tablet,301095.0
773,1164,2025-08-16 15:29:42,Desktop,292510.0
774,125,2024-11-09 11:27:02,Smart TV,142660.0
775,215,2024-10-07 16:21:45,Desktop,132963.0
776,75,2026-04-09 03:15:36,Tablet,210464.0
777,781,2025-12-28 09:11:53,Desktop,102384.0
778,1141,2025-10-26 08:14:32,Desktop,137342.0
779,488,2025-08-04 03:45:27,Unknown,52063.0
780,1126,2025-05-26 01:05:43,Tablet,145770.0
781,431,2024-06-25 18:49:34,Unknown,286775.0
782,1184,2025-07-24 07:43:19,Mobile,56565.0
783,31,2024-07-08 08:22:29,Mobile,154616.0
784,1070,2025-01-30 16:47:44,Mobile,87595.0
785,1041,2026-05-11 22:59:16,Unknown,162070.0
786,985,2026-01-02 14:03:44,Web,85858.0
787,388,2025-01-16 13:58:14,Unknown,160966.0
788,482,2026-07-08 20:08:07,Desktop,137959.0
789,175,2025-08-26 18:34:50,Web,154775.0
790,863,2026-03-12 20:02:13,Web,180465.0
791,837,2026-06-06 21:26:02,Mobile,101207.0
792,72,2024-01-04 07:13:45,Smart TV,160767.0
793,828,2026-07-26 06:38:24,Web,53267.0
794,675,2026-09-02 21:25:13,Mobile,208804.0
795,679,2024-01-21 01:40:39,Unknown,140032.0
796,799,2025-03-08 09:46:55,Unknown,154616.0
797,805,2026-07-27 13:30:23,Mobile,150445.0
798,461,2024-10-15 00:03:27,Mobile,289244.0
799,817,2025-09-20 21:32:06,Mobile,92987.0
800,1071,2025-09-21 00:32:51,Desktop,170186.0
801,881,2025-03-05 19:57:38,Smart TV,106395.0
802,1095,2026-01-13 20:39:39,Smart TV,232245.0
803,941,2026-03-14 00:33:41,Tablet,134912.0
804,1138,2025-06-16 23:07:47,Unknown,151023.0
805,994,2026-03-11 22:22:06,Tablet,39408.0
806,879,2024-07-03 13:13:01,Smart TV,119499.0
807,773,2024-01-24 21:39:08,Mobile,79283.0
808,272,2025-03-17 13:03:10,Tablet,157788.0
809,1183,2025-07-26 06:48:00,Mobile,187669.0
810,1134,2026-05-25 00:12:46,Tablet,307024.0
811,755,2026-08-14 05:04:05,Web,370853.0
812,688,2025-06-06 11:26:43,Smart TV,233275.0
813,936,2024-10-24 03:17:04,Web,192926.0
814,789,2025-09-08 06:43:52,Unknown,260602.0
815,1130,2024-05-28 10:12:23,Smart TV,49589.0
816,283,2025-03-22 09:41:40,Smart TV,105302.0
817,685,2025-06-08 21:23:42,Unknown,61274.0
818,542,2026-01-08 13:20:30,Tablet,77866.0
819,710,2025-11-28 10:41:29,Mobile,102478.0
820,654,2025-03-21 18:24:55,Tablet,154616.0
821,290,2024-05-09 13:22:05,Tablet,154616.0
822,37,2026-08-18 01:48:44,Unknown,32432.0
823,701,2025-02-23 10:00:59,Desktop,200316.0
824,279,2024-10-12 17:06:44,Tablet,295746.0
825,672,2026-06-27 10:11:39,Smart TV,12651.0
826,1066,2025-10-29 18:48:46,Unknown,95837.0
827,927,2024-09-03 03:16:48,Smart TV,93889.0
828,1111,2026-08-04 13:35:08,Web,31093.0
829,1152,2025-10-18 02:08:53,Mobile,71957.0
830,365,2026-05-14 16:53:14,Unknown,181284.0
831,177,2024-11-18 06:46:10,Mobile,186501.0
832,743,2024-08-20 16:02:28,Desktop,61378.0
833,90,2024-02-03 16:50:04,Web,45722.0
834,31,2024-01-05 17:37:01,Unknown,81691.0
835,178,2026-06-17 18:21:23,Web,173713.0
836,601,2024-08-20 23:30:54,Smart TV,75329.0
837,847,2025-08-30 20:13:08,Smart TV,177155.0
838,706,2024-05-14 21:40:11,Mobile,124569.0
839,847,2026-05-06 03:12:26,Tablet,271787.0
840,290,2025-04-30 07:21:40,Mobile,159447.0
841,437,2026-07-12 02:34:29,Desktop,58068.0
842,721,2026-03-04 20:26:34,Unknown,194543.0
843,376,2024-03-11 17:02:57,Unknown,165592.0
844,738,2025-03-24 09:19:18,Desktop,143565.0
845,691,2026-06-11 05:30:42,Web,111281.0
846,1118,2025-03-21 01:25:01,Tablet,179066.0
847,1123,2024-08-12 09:09:07,Tablet,255043.0
848,400,2025-07-14 11:03:18,Desktop,354302.0
849,784,2026-08-01 22:57:36,Desktop,327880.0
850,1107,2024-02-18 12:02:44,Smart TV,150037.0
851,567,2025-12-22 01:49:29,Web,156520.0
852,722,2024-03-22 13:15:39,Tablet,351051.0
853,375,2026-01-16 00:21:15,Web,220243.0
854,665,2024-04-19 01:32:51,Unknown,162132.0
855,57,2025-11-13 21:50:54,Mobile,44805.0
856,206,2025-04-18 18:28:40,Unknown,289222.0
857,40,2024-05-25 11:57:41,Smart TV,341092.0
858,797,2024-02-25 06:26:59,Unknown,50274.0
859,760,2026-07-30 08:30:45,Web,84653.0
860,171,2025-11-29 06:26:56,Unknown,404170.0
861,277,2024-07-05 15:56:15,Tablet,191303.0
862,732,2026-06-11 02:10:01,Unknown,24889.0
863,104,2024-03-21 11:37:58,Unknown,87171.0
864,375,2026-07-17 12:38:05,Unknown,330517.0
865,532,2025-03-26 23:04:22,Smart TV,342356.0
866,579,2024-02-14 17:55:28,Desktop,66221.0
867,265,2025-04-19 21:39:42,Web,298748.0
868,750,2025-10-21 01:01:16,Mobile,321163.0
869,99,2024-01-10 14:17:48,Desktop,149305.0
870,623,2026-03-02 00:26:39,Mobile,76658.0
871,7,2024-10-11 12:40:40,Desktop,92202.0
872,878,2024-02-16 18:26:25,Web,194201.0
873,132,2024-03-14 19:45:40,Mobile,76031.0
874,454,2025-10-31 12:15:46,Desktop,321516.0
875,1118,2025-01-02 12:36:05,Web,181993.0
876,1162,2024-12-14 05:20:03,Mobile,39532.0
877,122,2025-02-21 17:43:38,Unknown,151792.0
878,40,2025-02-11 20:47:47,Tablet,206514.0
879,121,2024-03-16 19:54:21,Web,104687.0
880,91,2026-03-07 08:47:51,Unknown,187963.0
881,257,2026-01-03 07:55:48,Web,138888.0
882,629,2025-08-17 13:39:07,Smart TV,317732.0
883,1006,2025-04-14 13:43:31,Web,301709.0
884,672,2024-01-09 07:56:09,Mobile,94242.0
885,150,2025-05-20 07:44:14,Desktop,199824.0
886,802,2024-07-07 10:24:29,Desktop,65476.0
887,1193,2024-03-03 22:51:18,Unknown,87223.0
888,307,2024-08-12 08:03:29,Mobile,77353.0
889,32,2026-01-24 01:09:47,Smart TV,227215.0
890,96,2024-12-30 08:53:38,Tablet,30812.0
891,1139,2026-07-24 15:04:24,Desktop,212000.0
892,239,2024-03-31 13:58:55,Desktop,103090.0
893,14,2024-10-15 12:10:45,Smart TV,314583.0
894,685,2026-02-11 20:28:57,Smart TV,192870.0
895,663,2026-05-27 20:35:33,Tablet,321403.0
896,868,2024-11-15 06:05:52,Desktop,129222.0
897,859,2025-11-18 06:31:25,Desktop,265255.0
898,938,2025-01-13 12:52:43,Smart TV,152910.0
899,949,2026-06-30 00:53:52,Smart TV,132649.0
900,235,2024-04-03 12:32:01,Tablet,202338.0
901,13,2024-07-04 06:52:58,Mobile,163968.0
902,351,2024-03-10 12:50:12,Mobile,372030.0
903,1070,2025-08-09 17:47:52,Tablet,130918.0
904,194,2025-03-20 03:52:28,Desktop,329440.0
905,1097,2025-01-15 12:05:57,Tablet,164555.0
906,641,2025-08-05 16:53:04,Unknown,235274.0
907,193,2025-01-25 20:14:37,Web,220032.0
908,485,2025-05-05 19:28:40,Desktop,163890.0
909,138,2025-07-14 13:40:09,Tablet,260219.0
910,983,2026-07-09 06:16:33,Web,211722.0
911,110,2025-11-04 03:29:39,Unknown,412354.0
912,977,2024-06-15 00:02:39,Tablet,72410.0
913,604,2025-07-03 04:38:26,Desktop,207772.0
914,278,2025-11-09 05:39:40,Web,37648.0
915,998,2024-10-12 23:50:30,Unknown,110956.0
916,1075,2026-02-04 03:59:39,Web,62003.0
917,1183,2025-09-08 07:08:47,Unknown,301289.0
918,27,2024-05-10 01:18:53,Web,251678.0
919,306,2024-08-12 04:46:36,Web,94837.0
920,261,2025-12-13 03:45:31,Mobile,70078.0
921,268,2025-05-30 03:24:20,Smart TV,143118.0
922,520,2025-02-09 07:10:26,Mobile,46783.0
923,706,2026-01-02 21:39:30,Smart TV,116527.0
924,942,2024-12-30 14:29:11,Tablet,286441.0
925,460,2024-05-15 02:35:11,Tablet,188435.0
926,184,2025-03-01 02:41:42,Tablet,146863.0
927,84,2026-05-31 05:47:36,Desktop,136159.0
928,245,2026-08-24 01:03:43,Unknown,69910.0
929,1109,2026-04-20 10:02:43,Desktop,37737.0
930,309,2025-08-04 02:57:17,Mobile,255942.0
931,860,2025-05-13 00:30:33,Tablet,178397.0
932,755,2026-05-11 15:12:26,Smart TV,337087.0
933,84,2025-01-27 08:30:53,Mobile,158179.0
934,1169,2025-06-08 14:20:05,Tablet,116235.0
935,588,2026-03-08 09:16:28,Smart TV,131546.0
936,802,2024-07-20 11:08:50,Desktop,193192.0
937,1163,2025-03-02 12:31:01,Smart TV,51365.0
938,343,2025-04-09 06:54:33,Desktop,54218.0
939,889,2026-06-22 04:16:37,Web,61761.0
940,444,2026-03-15 14:57:42,Unknown,146783.0
941,704,2026-08-21 23:49:52,Unknown,188183.0
942,310,2024-04-13 18:44:21,Mobile,347052.0
943,1094,2026-01-22 17:56:57,Unknown,220927.0
944,201,2026-01-27 22:40:28,Desktop,227944.0
945,638,2026-07-18 03:04:53,Smart TV,213315.0
946,540,2024-08-13 07:19:07,Desktop,175297.0
947,577,2026-08-27 16:46:55,Web,219201.0
948,118,2025-01-08 19:21:21,Web,133653.0
949,415,2026-08-30 01:15:52,Mobile,267537.0
950,750,2026-05-18 19:15:37,Unknown,196151.0
951,547,2025-01-13 16:59:58,Unknown,231162.0
952,1155,2025-11-22 09:46:41,Smart TV,159097.0
953,550,2026-01-09 23:08:46,Desktop,151477.0
954,895,2025-01-14 20:32:46,Smart TV,175457.0
955,792,2026-08-11 21:39:01,Mobile,183530.0
956,883,2024-08-01 10:12:26,Web,84047.0
957,758,2024-01-23 19:29:47,Web,154616.0
958,628,2025-06-04 03:11:13,Smart TV,178481.0
959,293,2024-11-26 13:30:55,Smart TV,246017.0
960,373,2024-04-25 08:43:15,Web,47591.0
961,280,2024-09-02 13:23:46,Mobile,275295.0
962,545,2024-07-04 14:00:37,Mobile,79854.0
963,543,2025-10-28 19:49:23,Desktop,211254.0
964,851,2026-04-16 04:14:09,Web,91552.0
965,438,2026-01-05 02:01:58,Unknown,116341.0
966,938,2024-08-19 03:47:44,Mobile,253319.0
967,62,2025-06-30 23:30:22,Tablet,245859.0
968,730,2026-07-30 06:04:50,Web,76819.0
969,1125,2025-04-02 03:21:48,Web,314514.0
970,321,2024-08-02 13:12:26,Unknown,193129.0
971,361,2025-03-19 18:24:15,Unknown,205609.0
972,1021,2024-02-19 04:05:36,Desktop,225879.0
973,52,2025-12-09 19:15:41,Unknown,126207.0
974,303,2024-08-15 16:11:28,Smart TV,170970.0
975,820,2025-11-29 11:47:36,Mobile,155886.0
976,229,2024-10-12 02:15:19,Unknown,236324.0
977,732,2026-04-14 05:33:08,Mobile,149369.0
978,51,2026-08-07 13:22:47,Mobile,156909.0
979,75,2024-01-26 05:32:00,Unknown,131839.0
980,263,2024-03-08 11:15:25,Desktop,99211.0
981,246,2025-03-11 00:57:49,Tablet,167875.0
982,253,2026-02-26 07:55:23,Unknown,283049.0
983,178,2025-05-21 05:59:18,Desktop,28393.0
984,775,2025-09-29 12:35:32,Smart TV,125767.0
985,361,2026-07-17 00:58:31,Unknown,162952.0
986,993,2026-03-13 08:57:40,Tablet,129913.0
987,722,2026-04-27 07:45:45,Desktop,334816.0
988,907,2024-08-20 22:25:33,Tablet,84005.0
989,357,2024-01-02 10:27:40,Unknown,156131.0
990,455,2026-03-11 12:53:24,Smart TV,56700.0
991,179,2025-06-03 12:44:36,Mobile,382599.0
992,101,2025-07-18 16:42:57,Tablet,41263.0
993,1020,2026-03-17 04:23:52,Desktop,170095.0
994,781,2024-02-09 03:35:32,Smart TV,51710.0
995,205,2024-12-28 23:28:36,Tablet,273713.0
996,456,2026-07-03 20:19:34,Desktop,126648.0
997,184,2026-09-13 17:56:57,Smart TV,193444.0
998,537,2025-06-30 09:24:12,Web,272299.0
999,907,2026-02-10 09:33:46,Desktop,69412.0
1000,313,2024-05-25 05:52:33,Unknown,249226.0
1001,218,2026-02-11 22:06:56,Web,76030.0
1002,1148,2025-11-17 20:36:36,Unknown,54162.0
1003,378,2024-07-01 12:52:45,Tablet,86584.0
1004,692,2024-08-04 13:31:45,Desktop,238602.0
1005,981,2026-06-04 08:54:25,Tablet,50483.0
1006,114,2024-10-05 14:26:51,Mobile,135055.0
1007,484,2024-01-07 17:40:44,Tablet,183456.0
1008,625,2026-03-01 04:26:34,Mobile,197587.0
1009,147,2024-08-13 14:01:50,Tablet,57439.0
1010,588,2025-11-10 14:32:16,Smart TV,110737.0
1011,749,2025-01-30 02:18:11,Smart TV,174537.0
1012,93,2025-01-05 11:35:36,Desktop,126449.0
1013,138,2025-01-12 03:08:54,Mobile,198294.0
1014,159,2025-08-02 12:27:35,Tablet,88310.0
1015,188,2025-08-13 13:41:19,Web,239803.0
1016,924,2025-07-14 18:04:57,Smart TV,125414.0
1017,2,2026-04-10 04:59:28,Desktop,38004.0
1018,31,2024-03-13 22:40:25,Desktop,204392.0
1019,184,2024-06-02 11:11:42,Desktop,52920.0
1020,881,2026-07-16 22:35:04,Unknown,167167.0
1021,930,2025-02-19 01:19:22,Desktop,165487.0
1022,152,2024-06-17 15:31:24,Mobile,98004.0
1023,380,2024-05-15 15:56:29,Mobile,255848.0
1024,943,2026-09-09 12:20:48,Tablet,230808.0
1025,974,2025-10-26 19:49:54,Unknown,130611.0
1026,426,2026-08-21 22:58:21,Unknown,236287.0
1027,633,2024-07-26 04:11:51,Smart TV,58074.0
1028,674,2024-11-12 06:51:30,Unknown,37803.0
1029,1185,2025-10-14 12:11:32,Mobile,96521.0
1030,325,2024-05-03 21:20:20,Web,56786.0
1031,996,2026-04-06 13:46:03,Unknown,78123.0
1032,935,2026-03-29 10:20:36,Mobile,127877.0
1033,288,2025-03-06 20:26:05,Tablet,103811.0
1034,892,2025-05-23 14:35:48,Smart TV,147755.0
1035,634,2026-06-25 03:14:28,Web,171506.0
1036,874,2025-12-08 01:13:46,Mobile,105802.0
1037,833,2024-09-07 12:51:08,Desktop,149644.0
1038,78,2025-08-25 14:03:29,Tablet,187883.0
1039,382,2026-09-12 16:54:30,Unknown,95212.0
1040,1159,2025-10-27 13:02:16,Desktop,76723.0
1041,658,2024-07-29 01:48:14,Unknown,242435.0
1042,17,2024-07-02 13:23:55,Desktop,99453.0
1043,948,2025-02-27 07:30:49,Mobile,203527.0
1044,644,2025-09-20 10:33:28,Tablet,297460.0
1045,1168,2026-02-20 12:12:41,Web,249845.0
1046,848,2025-11-04 15:49:27,Web,64876.0
1047,599,2026-02-02 08:03:40,Mobile,121208.0
1048,626,2025-09-18 04:25:00,Tablet,130925.0
1049,501,2026-02-10 22:07:01,Web,131865.0
1050,565,2025-08-15 16:24:59,Web,103551.0
1051,840,2024-09-27 00:37:31,Unknown,207478.0
1052,1150,2024-06-24 05:19:10,Tablet,109736.0
1053,861,2024-05-11 22:02:36,Desktop,174590.0
1054,1179,2025-11-16 19:24:44,Tablet,274220.0
1055,553,2024-04-12 09:04:20,Tablet,60615.0
1056,913,2024-05-12 02:13:42,Smart TV,233032.0
1057,89,2025-05-05 11:53:57,Web,111034.0
1058,395,2024-10-20 22:56:54,Web,243310.0
1059,968,2026-03-30 21:19:16,Mobile,56946.0
1060,501,2024-01-11 01:33:44,Web,151795.0
1061,782,2026-08-09 02:20:00,Tablet,46249.0
1062,112,2026-04-22 00:59:49,Web,84224.0
1063,219,2024-05-19 04:10:46,Web,74348.0
1064,806,2026-06-04 12:58:12,Desktop,192769.0
1065,678,2025-08-19 12:17:01,Mobile,225621.0
1066,1138,2026-08-20 15:39:52,Tablet,236499.0
1067,448,2026-08-25 02:30:15,Web,121271.0
1068,388,2024-09-22 11:54:54,Mobile,92913.0
1069,457,2026-08-14 19:44:06,Desktop,298741.0
1070,608,2026-06-30 06:41:00,Unknown,94997.0
1071,278,2024-02-04 09:03:12,Desktop,62082.0
1072,543,2025-02-20 07:34:11,Desktop,154616.0
1073,924,2026-01-01 21:05:49,Unknown,139724.0
1074,812,2026-03-11 19:40:14,Unknown,225674.0
1075,643,2025-12-28 05:07:43,Tablet,131591.0
1076,103,2024-06-05 23:48:17,Smart TV,67347.0
1077,898,2026-06-29 10:24:52,Mobile,34949.0
1078,619,2024-07-31 11:35:51,Web,33351.0
1079,97,2024-06-16 05:53:51,Web,195908.0
1080,865,2025-02-04 12:19:06,Unknown,75176.0
1081,327,2024-07-22 07:19:10,Tablet,87310.0
1082,479,2024-01-10 04:57:44,Smart TV,18515.0
1083,1175,2024-04-20 07:50:49,Mobile,154616.0
1084,450,2024-07-21 09:14:04,Unknown,173628.0
1085,252,2025-11-17 15:34:29,Mobile,294926.0
1086,897,2026-05-26 15:32:30,Tablet,65114.0
1087,712,2026-02-07 11:28:32,Desktop,116544.0
1088,570,2025-10-19 13:28:42,Desktop,71761.0
1089,473,2026-01-22 21:10:47,Smart TV,215369.0
1090,350,2024-08-28 01:03:26,Desktop,85094.0
1091,96,2024-05-10 19:40:02,Tablet,88309.0
1092,34,2024-04-03 16:32:15,Unknown,168333.0
1093,272,2024-10-26 01:53:51,Unknown,269111.0
1094,848,2026-07-27 09:25:40,Unknown,132120.0
1095,209,2026-05-01 17:20:27,Web,208346.0
1096,534,2025-02-27 03:51:16,Desktop,256403.0
1097,541,2024-02-21 14:03:55,Tablet,174338.0
1098,903,2024-06-06 17:04:53,Mobile,134753.0
1099,369,2024-06-08 11:31:44,Tablet,126546.0
1100,703,2025-01-29 14:21:08,Web,316070.0
1101,1039,2026-01-12 05:22:04,Unknown,380712.0
1102,385,2025-04-07 20:52:37,Desktop,234452.0
1103,205,2024-05-13 03:04:40,Tablet,64886.0
1104,938,2026-09-16 18:41:47,Unknown,43767.0
1105,1133,2025-03-01 22:21:43,Mobile,30199.0
1106,931,2026-05-25 01:48:05,Unknown,185370.0
1107,74,2026-03-28 22:54:40,Web,361565.0
1108,213,2025-08-24 22:33:09,Desktop,136570.0
1109,652,2026-01-22 03:58:58,Desktop,118494.0
1110,1009,2026-08-26 14:07:11,Tablet,169804.0
1111,931,2024-07-05 05:57:16,Desktop,31377.0
1112,296,2024-04-25 13:40:41,Web,102352.0
1113,534,2025-08-28 23:31:18,Desktop,176790.0
1114,4,2025-12-09 19:38:43,Web,112499.0
1115,603,2024-11-05 16:07:21,Web,248584.0
1116,1029,2026-05-10 18:52:49,Web,190834.0
1117,25,2024-10-04 16:54:59,Web,49022.0
1118,774,2026-02-23 18:28:37,Web,193165.0
1119,389,2026-03-17 16:19:05,Desktop,182407.0
1120,814,2025-03-13 23:06:26,Tablet,187440.0
1121,649,2025-02-28 08:29:22,Smart TV,101993.0
1122,972,2024-11-22 06:12:27,Desktop,50222.0
1123,36,2025-03-04 02:55:58,Mobile,204056.0
1124,291,2026-04-08 22:00:44,Tablet,64995.0
1125,323,2024-06-03 21:34:23,Smart TV,116804.0
1126,448,2024-02-13 05:31:15,Unknown,218716.0
1127,1192,2025-02-15 08:28:06,Unknown,187485.0
1128,316,2025-10-23 14:52:36,Web,94129.0
1129,369,2024-02-13 15:42:32,Web,89060.0
1130,1054,2024-01-28 23:31:52,Desktop,143294.0
1131,420,2026-01-11 03:53:40,Mobile,76845.0
1132,90,2024-10-06 20:53:41,Unknown,141677.0
1133,322,2024-03-06 23:23:16,Mobile,40431.0
1134,355,2026-03-11 02:46:36,Unknown,117475.0
1135,231,2025-12-29 13:33:42,Tablet,234719.0
1136,855,2025-07-02 18:11:10,Mobile,253398.0
1137,213,2026-02-20 21:13:15,Tablet,46232.0
1138,1101,2024-02-29 14:10:47,Desktop,70732.0
1139,2,2024-02-13 14:08:10,Smart TV,74051.0
1140,906,2025-10-15 19:05:36,Tablet,176523.0
1141,671,2026-03-05 14:06:58,Smart TV,237917.0
1142,637,2026-03-04 04:19:25,Desktop,238245.0
1143,607,2025-11-05 06:33:51,Smart TV,81155.0
1144,297,2024-07-02 02:44:03,Unknown,154616.0
1145,131,2024-02-16 10:21:06,Desktop,102382.0
1146,231,2024-10-15 17:40:48,Tablet,370892.0
1147,230,2024-04-02 17:09:02,Smart TV,171146.0
1148,569,2025-08-12 19:10:54,Unknown,65085.0
1149,408,2024-04-23 20:00:30,Smart TV,34660.0
1150,865,2025-02-23 00:45:44,Unknown,201462.0
1151,5,2024-03-04 00:11:45,Desktop,127445.0
1152,1105,2024-12-10 07:02:28,Mobile,176962.0
1153,8,2024-11-25 23:00:12,Web,61084.0
1154,501,2026-06-26 19:16:37,Mobile,352512.0
1155,728,2025-07-20 05:53:32,Tablet,254752.0
1156,351,2025-11-06 20:33:17,Smart TV,322891.0
1157,816,2025-06-30 15:44:08,Smart TV,82899.0
1158,500,2026-05-28 08:16:11,Desktop,106703.0
1159,1028,2025-09-16 14:01:50,Desktop,130884.0
1160,440,2026-04-14 17:36:33,Tablet,163350.0
1161,689,2025-10-12 04:09:08,Smart TV,294337.0
1162,363,2025-02-11 16:33:41,Web,66745.0
1163,223,2024-01-01 02:42:29,Desktop,65595.0
1164,412,2026-07-10 08:12:51,Unknown,136102.0
1165,1108,2026-05-19 18:29:57,Desktop,133044.0
1166,945,2026-01-24 21:50:54,Smart TV,223972.0
1167,667,2025-12-26 00:43:13,Smart TV,83965.0
1168,790,2024-04-07 23:41:21,Unknown,59582.0
1169,759,2026-04-25 21:11:24,Tablet,154616.0
1170,1071,2024-04-12 23:49:05,Mobile,316898.0
1171,261,2025-04-23 22:05:21,Smart TV,105837.0
1172,1031,2025-12-12 04:01:45,Tablet,155224.0
1173,1093,2025-10-20 08:59:28,Unknown,122310.0
1174,1019,2024-07-01 00:36:20,Desktop,278324.0
1175,801,2025-01-20 13:25:18,Tablet,264776.0
1176,788,2026-02-21 06:13:09,Mobile,219351.0
1177,284,2024-11-27 16:19:08,Tablet,53121.0
1178,1159,2026-07-01 05:55:00,Web,131745.0
1179,892,2025-10-05 23:10:22,Web,52480.0
1180,280,2025-08-16 22:07:49,Smart TV,51225.0
1181,293,2026-02-22 22:28:36,Web,190519.0
1182,129,2026-02-21 15:56:32,Mobile,228089.0
1183,1152,2024-01-04 20:08:35,Unknown,277690.0
1184,1020,2024-09-18 20:21:28,Tablet,93361.0
1185,583,2025-02-19 10:02:29,Tablet,79069.0
1186,1033,2026-05-17 11:00:18,Web,80601.0
1187,939,2025-06-15 22:56:04,Tablet,74497.0
1188,1099,2026-04-07 19:24:49,Tablet,67286.0
1189,1094,2024-01-29 09:39:23,Tablet,154616.0
1190,342,2025-11-09 23:18:07,Mobile,131624.0
1191,670,2026-09-15 06:13:20,Mobile,67603.0
1192,336,2025-02-12 05:04:49,Smart TV,194456.0
1193,594,2025-07-20 21:54:42,Tablet,154616.0
1194,367,2024-10-04 19:27:56,Mobile,155403.0
1195,454,2024-01-01 20:15:12,Desktop,320505.0
1196,85,2024-12-03 17:33:57,Tablet,102857.0
1197,486,2025-09-25 21:39:48,Unknown,164075.0
1198,218,2025-07-20 12:39:24,Mobile,97350.0
1199,306,2026-08-05 16:16:39,Mobile,317146.0
1200,2,2024-08-05 01:40:19,Unknown,187502.0
1201,826,2024-04-14 21:33:37,Web,180717.0
1202,417,2024-01-18 13:00:49,Web,145636.0
1203,1158,2024-07-15 15:57:25,Web,399576.0
1204,885,2025-04-04 20:44:03,Unknown,41769.0
1205,40,2025-10-31 04:18:27,Unknown,243052.0
1206,72,2024-02-01 04:06:50,Web,142146.0
1207,252,2024-02-18 08:24:27,Web,133157.0
1208,270,2025-09-07 21:40:27,Web,219804.0
1209,703,2026-09-04 15:21:44,Web,246601.0
1210,338,2024-11-04 01:24:21,Desktop,156765.0
1211,240,2024-11-27 12:31:54,Smart TV,248177.0
1212,281,2024-11-18 15:29:27,Desktop,222184.0
1213,256,2025-09-15 00:17:17,Unknown,110810.0
1214,604,2025-03-26 01:04:13,Smart TV,109510.0
1215,622,2025-07-08 10:30:23,Tablet,236229.0
1216,457,2025-09-07 15:54:48,Desktop,181052.0
1217,1095,2024-08-18 11:22:45,Desktop,50734.0
1218,589,2024-12-07 12:39:33,Tablet,111184.0
1219,116,2024-01-04 09:04:14,Mobile,151883.0
1220,140,2026-08-09 17:11:45,Desktop,65374.0
1221,949,2025-05-21 05:43:05,Unknown,90368.0
1222,1118,2026-01-19 08:58:13,Unknown,153497.0
1223,658,2025-07-21 11:49:22,Web,92118.0
1224,349,2025-11-28 12:36:27,Mobile,92491.0
1225,832,2024-04-28 18:17:24,Mobile,111302.0
1226,919,2024-03-09 01:59:34,Unknown,147740.0
1227,97,2025-01-06 11:13:57,Smart TV,152105.0
1228,630,2024-10-02 17:10:15,Desktop,92037.0
1229,731,2026-03-01 05:08:20,Unknown,126660.0
1230,606,2024-04-24 16:47:36,Unknown,49780.0
1231,1170,2025-04-15 07:15:40,Tablet,88550.0
1232,417,2024-02-07 12:08:15,Mobile,103350.0
1233,456,2024-07-18 04:32:39,Mobile,104017.0
1234,412,2024-09-02 23:27:30,Desktop,105373.0
1235,875,2026-08-16 01:21:46,Desktop,194916.0
1236,1141,2024-03-10 12:50:19,Smart TV,174714.0
1237,403,2024-01-10 10:23:07,Web,213031.0
1238,129,2024-11-16 06:36:34,Smart TV,85751.0
1239,670,2026-05-01 07:44:39,Smart TV,271298.0
1240,1049,2024-02-21 03:41:47,Web,234968.0
1241,871,2025-12-03 17:25:00,Smart TV,79090.0
1242,1017,2024-03-30 17:26:48,Desktop,129207.0
1243,815,2025-08-25 02:22:39,Smart TV,279686.0
1244,280,2025-08-24 22:00:46,Unknown,215500.0
1245,881,2024-09-25 12:25:55,Tablet,61202.0
1246,60,2025-12-07 01:20:40,Tablet,72095.0
1247,697,2025-05-06 08:17:48,Desktop,250966.0
1248,698,2024-06-16 03:27:58,Smart TV,209296.0
1249,1070,2024-10-24 10:28:01,Web,48030.0
1250,1054,2026-03-06 18:48:45,Unknown,78319.0
1251,938,2025-08-19 13:29:49,Web,134073.0
1252,1005,2024-12-02 23:07:25,Tablet,135016.0
1253,259,2026-08-26 18:52:16,Mobile,272028.0
1254,367,2024-05-26 02:36:06,Unknown,93394.0
1255,1104,2025-09-15 22:58:52,Web,199695.0
1256,1084,2025-07-07 06:49:40,Smart TV,281779.0
1257,168,2025-04-18 00:31:25,Tablet,281972.0
1258,613,2026-07-26 09:33:51,Web,298972.0
1259,423,2025-03-11 18:04:16,Smart TV,277717.0
1260,1072,2024-04-17 03:01:18,Mobile,93355.0
1261,430,2025-06-24 18:18:20,Tablet,108178.0
1262,234,2026-03-04 02:58:56,Smart TV,257027.0
1263,1104,2024-03-22 10:00:58,Mobile,221242.0
1264,47,2026-01-25 22:28:17,Unknown,275888.0
1265,1174,2025-10-07 06:04:39,Tablet,176027.0
1266,97,2025-01-14 11:29:29,Smart TV,60454.0
1267,1199,2024-07-31 08:02:48,Unknown,263713.0
1268,642,2026-02-01 18:22:17,Unknown,207915.0
1269,952,2026-09-11 00:25:58,Desktop,211324.0
1270,260,2025-11-20 14:21:56,Mobile,27705.0
1271,1179,2024-09-03 21:16:50,Tablet,79517.0
1272,258,2026-05-23 20:52:50,Unknown,177022.0
1273,646,2024-12-23 04:24:54,Tablet,112497.0
1274,121,2025-12-07 19:20:14,Mobile,93227.0
1275,1029,2026-01-04 04:28:44,Desktop,56658.0
1276,614,2024-08-05 16:47:09,Web,54200.0
1277,1088,2025-05-23 07:29:13,Smart TV,88891.0
1278,162,2024-08-10 12:41:42,Tablet,200535.0
1279,503,2024-08-02 12:51:38,Mobile,136874.0
1280,15,2025-10-03 12:09:20,Smart TV,198642.0
1281,186,2025-01-10 23:02:31,Desktop,292990.0
1282,177,2025-10-28 12:10:18,Desktop,326480.0
1283,1198,2025-05-14 20:41:01,Mobile,100781.0
1284,208,2025-01-23 10:33:54,Tablet,125563.0
1285,88,2025-11-06 04:52:46,Smart TV,228301.0
1286,996,2024-07-05 16:38:11,Tablet,32962.0
1287,864,2026-02-23 23:40:17,Desktop,154616.0
1288,605,2024-06-30 18:58:39,Web,41100.0
1289,141,2026-04-16 15:00:29,Tablet,35567.0
1290,946,2026-09-08 11:46:19,Tablet,177320.0
1291,614,2025-02-23 09:40:12,Mobile,29313.0
1292,77,2024-07-12 20:23:48,Desktop,222299.0
1293,17,2024-09-27 05:11:45,Desktop,126684.0
1294,1043,2026-06-12 03:43:48,Web,141347.0
1295,929,2024-04-28 19:15:19,Web,303167.0
1296,433,2026-08-06 00:47:12,Mobile,235011.0
1297,857,2025-05-22 14:38:28,Unknown,89817.0
1298,8,2025-08-06 06:19:27,Web,100494.0
1299,1043,2025-04-10 09:48:59,Web,349239.0
1300,230,2026-05-26 08:38:01,Tablet,165815.0
1301,930,2024-05-19 17:52:31,Desktop,63129.0
1302,44,2025-10-19 15:28:01,Mobile,268648.0
1303,217,2026-02-14 13:58:18,Unknown,156284.0
1304,72,2024-07-26 11:06:25,Tablet,199674.0
1305,134,2025-06-03 17:57:53,Smart TV,117765.0
1306,736,2026-09-11 18:38:24,Smart TV,105774.0
1307,582,2026-02-18 17:17:25,Mobile,100717.0
1308,477,2026-01-04 00:18:24,Mobile,249164.0
1309,715,2024-07-16 18:39:54,Mobile,303506.0
1310,382,2025-07-12 04:39:00,Desktop,87889.0
1311,81,2026-08-04 09:32:16,Desktop,74712.0
1312,175,2025-09-17 01:16:07,Smart TV,149481.0
1313,275,2024-01-08 09:46:36,Mobile,300535.0
1314,1014,2025-12-07 21:32:17,Tablet,263038.0
1315,441,2024-06-12 09:51:24,Tablet,122489.0
1316,155,2024-03-01 22:37:26,Mobile,143627.0
1317,296,2024-05-27 10:05:13,Mobile,295205.0
1318,1143,2025-05-01 05:29:54,Tablet,150260.0
1319,834,2024-07-28 06:40:29,Smart TV,98891.0
1320,612,2026-03-23 05:14:54,Unknown,154616.0
1321,439,2024-06-25 15:15:47,Tablet,43444.0
1322,106,2024-02-06 07:00:20,Mobile,93828.0
1323,782,2024-08-08 01:49:47,Smart TV,96858.0
1324,919,2025-12-12 23:46:03,Desktop,97229.0
1325,72,2024-02-02 21:38:49,Smart TV,88310.0
1326,849,2026-01-08 04:56:05,Smart TV,79008.0
1327,1114,2025-08-20 01:08:06,Tablet,41753.0
1328,642,2024-01-31 02:10:55,Web,74225.0
1329,1154,2026-09-15 00:26:55,Tablet,48927.0
1330,946,2024-04-01 06:53:59,Smart TV,203995.0
1331,352,2024-06-13 03:24:18,Smart TV,50276.0
1332,1160,2024-02-12 18:32:37,Smart TV,138842.0
1333,1016,2024-05-25 06:45:31,Web,40762.0
1334,648,2026-06-10 10:10:12,Smart TV,310931.0
1335,228,2025-08-06 06:05:13,Mobile,239822.0
1336,971,2026-05-04 00:13:44,Smart TV,97975.0
1337,111,2024-05-28 08:12:47,Desktop,306527.0
1338,377,2025-01-04 05:15:03,Desktop,77466.0
1339,702,2024-07-04 07:48:57,Mobile,167696.0
1340,291,2026-09-04 00:37:10,Smart TV,167935.0
1341,972,2026-06-23 06:33:51,Unknown,85184.0
1342,375,2025-03-06 23:21:29,Desktop,229550.0
1343,268,2025-04-26 14:53:25,Web,57683.0
1344,1142,2024-01-25 04:52:35,Unknown,102565.0
1345,736,2025-08-21 19:39:45,Desktop,142214.0
1346,217,2024-04-18 20:56:02,Tablet,129151.0
1347,1191,2026-08-02 03:18:36,Smart TV,74088.0
1348,585,2026-01-20 22:05:14,Web,272367.0
1349,981,2025-07-23 15:34:53,Tablet,219291.0
1350,863,2024-05-09 07:47:15,Mobile,139902.0
1351,1025,2025-06-22 09:48:09,Tablet,109484.0
1352,473,2025-03-24 23:56:00,Tablet,215784.0
1353,225,2025-08-08 01:11:03,Tablet,229369.0
1354,268,2024-03-28 15:55:02,Tablet,113595.0
1355,1084,2026-08-13 07:20:24,Unknown,193864.0
1356,262,2026-05-03 07:11:11,Web,143119.0
1357,1107,2024-10-02 18:33:48,Mobile,181984.0
1358,1033,2024-06-10 04:16:10,Smart TV,114818.0
1359,653,2024-10-07 15:43:02,Mobile,57711.0
1360,345,2024-03-08 06:03:43,Unknown,81736.0
1361,304,2026-06-06 00:31:46,Desktop,150237.0
1362,447,2024-01-03 02:13:10,Smart TV,32076.0
1363,510,2026-03-23 10:37:12,Smart TV,227913.0
1364,491,2025-08-30 04:02:59,Tablet,154616.0
1365,1171,2026-02-25 20:41:05,Mobile,186182.0
1366,832,2026-03-28 00:05:47,Mobile,40342.0
1367,788,2025-08-04 22:51:23,Unknown,87053.0
1368,1013,2024-07-25 16:37:46,Tablet,292629.0
1369,1183,2026-01-14 16:44:30,Smart TV,315064.0
1370,19,2025-07-08 12:15:50,Mobile,148566.0
1371,1122,2025-03-11 17:28:38,Mobile,300143.0
1372,104,2024-01-24 21:43:33,Tablet,322622.0
1373,568,2025-12-01 07:58:40,Mobile,143654.0
1374,501,2026-09-02 16:13:34,Mobile,78113.0
1375,652,2024-04-04 21:59:44,Web,129774.0
1376,676,2025-05-28 05:09:09,Web,317321.0
1377,308,2024-01-19 06:53:07,Unknown,234990.0
1378,25,2024-03-11 13:13:01,Web,101441.0
1379,846,2025-02-24 01:05:28,Tablet,156277.0
1380,513,2024-10-17 21:11:24,Smart TV,169613.0
1381,885,2025-03-28 05:23:54,Tablet,179285.0
1382,283,2024-09-30 23:26:45,Unknown,280467.0
1383,1105,2026-07-21 03:20:06,Desktop,213873.0
1384,456,2025-06-09 16:15:54,Mobile,114208.0
1385,306,2026-09-11 14:14:19,Tablet,98269.0
1386,144,2025-05-23 09:32:31,Smart TV,258358.0
1387,466,2026-03-19 13:03:10,Web,261341.0
1388,328,2026-08-31 08:05:33,Mobile,143387.0
1389,604,2024-03-30 05:48:22,Tablet,206294.0
1390,286,2025-07-18 12:05:17,Smart TV,40892.0
1391,143,2025-10-05 06:25:59,Web,303361.0
1392,1157,2024-01-19 10:26:39,Mobile,233249.0
1393,65,2024-03-03 16:55:02,Web,193916.0
1394,874,2025-02-22 00:51:24,Desktop,52983.0
1395,1070,2024-05-26 16:41:07,Unknown,35499.0
1396,360,2024-07-24 04:37:46,Unknown,123461.0
1397,875,2024-03-11 12:46:26,Web,70433.0
1398,1091,2026-01-02 13:37:35,Smart TV,36828.0
1399,666,2024-08-17 09:24:48,Web,150168.0
1400,364,2026-07-04 05:15:17,Desktop,311457.0
1401,615,2025-01-27 00:54:56,Desktop,47558.0
1402,15,2025-01-09 18:10:33,Desktop,248585.0
1403,634,2025-05-18 05:25:16,Smart TV,123251.0
1404,171,2025-05-17 14:55:17,Web,241034.0
1405,208,2026-02-06 04:35:43,Desktop,309407.0
1406,808,2025-04-08 00:08:17,Unknown,228148.0
1407,794,2026-08-15 12:46:57,Desktop,250996.0
1408,267,2024-10-09 02:47:18,Smart TV,342981.0
1409,838,2026-05-22 19:52:16,Web,194175.0
1410,601,2025-04-29 17:00:21,Tablet,253786.0
1411,124,2025-10-16 07:33:42,Mobile,129436.0
1412,1046,2024-11-06 18:13:34,Desktop,164593.0
1413,258,2024-08-28 11:24:12,Web,158198.0
1414,110,2024-11-10 15:15:55,Tablet,370333.0
1415,313,2026-08-28 04:01:18,Unknown,70090.0
1416,887,2026-05-13 09:12:12,Desktop,125263.0
1417,731,2024-09-19 20:55:44,Smart TV,154616.0
1418,567,2026-03-31 10:18:20,Mobile,228331.0
1419,208,2025-11-17 22:17:56,Tablet,203849.0
1420,165,2025-06-27 05:20:35,Unknown,154616.0
1421,879,2024-08-27 11:10:02,Web,74318.0
1422,1025,2026-06-14 18:18:08,Tablet,226641.0
1423,1059,2024-10-10 21:21:38,Smart TV,169343.0
1424,830,2024-09-22 00:39:56,Mobile,151184.0
1425,90,2024-07-05 03:19:01,Web,64376.0
1426,402,2025-11-03 10:09:24,Desktop,54349.0
1427,61,2024-05-01 14:36:58,Tablet,32957.0
1428,869,2024-01-05 08:43:40,Unknown,159727.0
1429,1035,2025-01-29 01:55:29,Mobile,277538.0
1430,413,2024-04-17 21:39:05,Tablet,127101.0
1431,102,2024-03-23 03:15:26,Mobile,273870.0
1432,430,2024-10-31 17:17:18,Unknown,211924.0
1433,1017,2026-02-04 03:36:03,Unknown,161253.0
1434,1137,2025-02-28 01:39:35,Unknown,236391.0
1435,795,2026-06-24 05:39:53,Unknown,146600.0
1436,105,2026-01-09 18:28:16,Web,99642.0
1437,956,2026-04-21 19:04:26,Mobile,125886.0
1438,247,2024-03-19 07:30:05,Web,285916.0
1439,1086,2024-06-18 04:20:47,Tablet,35217.0
1440,1083,2025-11-23 16:09:08,Desktop,154616.0
1441,959,2025-09-05 02:02:51,Smart TV,151385.0
1442,217,2025-03-12 01:00:03,Tablet,110998.0
1443,963,2026-05-04 05:37:47,Tablet,45044.0
1444,787,2024-09-14 17:31:01,Desktop,182516.0
1445,994,2024-12-12 08:15:12,Tablet,33686.0
1446,218,2026-07-10 00:15:14,Mobile,57114.0
1447,1125,2025-01-10 12:48:43,Mobile,181579.0
1448,31,2024-06-22 23:42:51,Desktop,81785.0
1449,277,2024-08-06 14:23:27,Mobile,202749.0
1450,801,2025-08-22 01:23:07,Unknown,294014.0
1451,784,2025-07-18 12:49:51,Unknown,292096.0
1452,967,2024-01-21 14:09:38,Web,209186.0
1453,136,2025-03-23 22:33:51,Web,189861.0
1454,291,2024-04-01 11:43:06,Smart TV,46926.0
1455,611,2026-04-23 05:17:10,Mobile,154616.0
1456,446,2024-07-21 13:15:07,Unknown,63640.0
1457,1071,2026-02-24 09:23:40,Desktop,343077.0
1458,231,2025-09-26 19:35:42,Web,346354.0
1459,1110,2026-05-25 10:39:42,Mobile,175108.0
1460,618,2026-07-23 03:54:02,Mobile,243473.0
1461,32,2024-11-19 08:19:27,Mobile,62007.0
1462,773,2025-05-02 13:16:45,Smart TV,187298.0
1463,596,2025-02-17 08:55:21,Tablet,76217.0
1464,676,2024-08-26 11:16:53,Web,244282.0
1465,35,2026-04-19 04:18:50,Smart TV,163843.0
1466,862,2024-09-22 05:39:37,Tablet,267207.0
1467,870,2026-05-26 04:27:07,Web,139136.0
1468,658,2026-02-01 04:02:50,Smart TV,82316.0
1469,1010,2024-12-03 03:35:08,Tablet,47709.0
1470,1020,2025-06-02 03:35:05,Smart TV,91394.0
1471,94,2026-02-19 21:47:34,Smart TV,105851.0
1472,39,2024-06-06 10:45:49,Unknown,172365.0
1473,758,2026-03-01 10:12:04,Desktop,157534.0
1474,76,2025-01-01 02:21:14,Desktop,117125.0
1475,126,2026-04-26 18:12:21,Web,193975.0
1476,985,2025-06-28 23:20:45,Unknown,285233.0
1477,126,2024-08-09 03:33:26,Desktop,201189.0
1478,1086,2024-01-17 06:45:41,Mobile,211888.0
1479,618,2025-05-30 11:48:28,Smart TV,234455.0
1480,103,2024-06-14 20:29:04,Smart TV,90695.0
1481,1082,2025-02-16 05:22:13,Tablet,207657.0
1482,615,2024-02-16 16:20:11,Mobile,104824.0
1483,913,2025-10-30 13:44:06,Mobile,230794.0
1484,423,2026-08-23 12:18:56,Smart TV,109264.0
1485,975,2025-03-03 05:02:15,Tablet,163111.0
1486,884,2026-01-09 18:20:53,Smart TV,245488.0
1487,62,2026-03-27 09:35:04,Smart TV,196101.0
1488,479,2024-06-29 02:05:41,Desktop,185431.0
1489,532,2024-01-07 12:37:42,Tablet,308670.0
1490,297,2025-04-30 07:16:56,Web,237961.0
1491,921,2025-03-15 09:22:14,Unknown,283512.0
1492,659,2025-02-25 16:23:32,Tablet,67318.0
1493,949,2025-05-26 12:20:33,Mobile,77599.0
1494,57,2024-09-04 19:11:10,Smart TV,72921.0
1495,431,2026-05-30 14:39:08,Unknown,253681.0
1496,423,2024-07-03 02:10:16,Unknown,261130.0
1497,302,2025-05-08 03:45:38,Smart TV,62822.0
1498,760,2025-10-28 17:50:37,Smart TV,104818.0
1499,219,2025-03-09 05:59:05,Tablet,43513.0
1500,1113,2025-01-15 04:09:04,Smart TV,70670.0
1501,1182,2025-07-20 08:28:19,Mobile,62557.0
1502,871,2026-09-05 21:03:56,Desktop,36940.0
1503,384,2024-01-31 06:33:36,Tablet,287000.0
1504,1126,2024-01-15 03:28:57,Desktop,308511.0
1505,815,2024-10-02 18:02:20,Tablet,240791.0
1506,52,2026-06-08 02:36:05,Mobile,135129.0
1507,443,2026-04-05 02:55:36,Mobile,128714.0
1508,702,2025-12-02 00:23:32,Desktop,172435.0
1509,428,2024-07-08 15:02:47,Web,297509.0
1510,772,2025-08-14 08:09:03,Smart TV,226635.0
1511,328,2025-07-30 10:08:41,Desktop,270430.0
1512,1138,2024-01-06 19:39:29,Unknown,78553.0
1513,815,2026-02-13 11:50:11,Web,100886.0
1514,1127,2024-11-28 03:57:30,Tablet,174869.0
1515,461,2024-05-10 16:49:17,Smart TV,256915.0
1516,370,2025-07-07 03:10:04,Smart TV,95190.0
1517,456,2024-12-22 23:44:47,Tablet,30256.0
1518,880,2024-03-01 04:34:01,Smart TV,300016.0
1519,810,2025-10-23 12:03:21,Desktop,190916.0
1520,1133,2025-10-21 11:03:29,Smart TV,76390.0
1521,543,2025-09-30 22:48:49,Unknown,212078.0
1522,2,2025-06-01 19:53:02,Smart TV,132175.0
1523,1015,2025-01-07 15:01:44,Mobile,247128.0
1524,1118,2024-01-11 03:45:37,Desktop,143008.0
1525,96,2024-06-18 06:46:41,Web,182486.0
1526,488,2025-09-26 01:11:09,Mobile,74302.0
1527,1198,2024-08-18 06:18:41,Desktop,314625.0
1528,507,2024-07-30 06:18:36,Web,32877.0
1529,138,2024-02-11 05:36:20,Web,329138.0
1530,705,2026-05-23 02:09:42,Desktop,53494.0
1531,692,2024-10-17 11:57:45,Mobile,280079.0
1532,463,2026-05-25 14:44:20,Tablet,144717.0
1533,584,2025-12-12 07:34:42,Desktop,202730.0
1534,395,2026-06-15 05:54:20,Desktop,125805.0
1535,874,2024-05-15 00:15:49,Tablet,250079.0
1536,1103,2025-10-22 08:23:30,Web,96991.0
1537,554,2024-04-02 05:53:13,Web,164752.0
1538,805,2024-11-16 22:16:20,Mobile,251633.0
1539,242,2024-05-26 08:50:14,Mobile,273660.0
1540,986,2025-04-15 11:14:59,Mobile,185975.0
1541,31,2025-01-28 06:38:08,Unknown,149804.0
1542,191,2025-08-02 07:23:47,Mobile,334436.0
1543,272,2024-07-04 14:24:02,Mobile,155644.0
1544,987,2025-01-16 08:27:04,Smart TV,253038.0
1545,562,2025-04-29 11:35:46,Unknown,96065.0
1546,817,2024-09-14 13:56:53,Unknown,56140.0
1547,53,2026-06-30 22:36:10,Desktop,156596.0
1548,55,2024-01-05 20:47:32,Tablet,152333.0
1549,551,2024-11-18 05:00:13,Unknown,121519.0
1550,217,2024-03-05 12:52:57,Web,132891.0
1551,21,2024-11-21 03:25:32,Desktop,124588.0
1552,206,2025-08-18 23:17:46,Mobile,67592.0
1553,1060,2026-05-21 16:04:43,Unknown,202601.0
1554,287,2024-09-24 16:58:17,Unknown,160913.0
1555,515,2026-05-30 04:46:48,Tablet,73708.0
1556,484,2025-12-26 09:15:41,Unknown,174335.0
1557,1106,2026-03-21 03:59:07,Mobile,117771.0
1558,620,2026-03-01 19:45:36,Smart TV,153210.0
1559,783,2026-04-29 20:55:11,Desktop,74530.0
1560,349,2025-08-26 21:27:55,Mobile,362440.0
1561,734,2026-06-12 22:28:58,Smart TV,274281.0
1562,1112,2025-11-12 10:33:09,Tablet,300819.0
1563,684,2025-10-13 18:19:49,Tablet,277876.0
1564,1087,2024-07-15 19:42:53,Unknown,92355.0
1565,896,2025-12-28 17:23:49,Mobile,74663.0
1566,1041,2024-09-29 14:29:13,Desktop,137199.0
1567,743,2024-11-08 07:53:24,Web,305703.0
1568,765,2024-03-23 21:19:16,Desktop,135447.0
1569,376,2026-06-09 12:45:22,Tablet,14520.0
1570,376,2024-12-27 23:08:33,Web,222721.0
1571,916,2024-06-25 20:06:53,Web,162744.0
1572,370,2025-10-23 00:27:46,Desktop,73876.0
1573,504,2026-08-02 09:57:31,Desktop,64041.0
1574,24,2026-03-17 00:29:22,Smart TV,198692.0
1575,349,2026-05-01 16:08:35,Mobile,60532.0
1576,538,2026-07-29 12:28:37,Tablet,250375.0
1577,740,2025-03-16 07:04:14,Web,106900.0
1578,81,2024-01-20 08:25:56,Mobile,262231.0
1579,1178,2024-08-12 08:56:32,Tablet,94253.0
1580,364,2024-05-17 05:50:13,Mobile,123614.0
1581,456,2025-01-26 00:12:38,Mobile,129258.0
1582,1084,2024-05-27 16:47:57,Smart TV,226999.0
1583,576,2025-02-13 04:02:15,Mobile,357465.0
1584,971,2025-03-22 04:43:33,Tablet,87629.0
1585,725,2024-01-11 00:32:10,Desktop,161104.0
1586,410,2024-10-04 15:25:29,Unknown,67477.0
1587,301,2026-05-27 08:07:00,Desktop,172069.0
1588,841,2024-04-27 00:27:09,Web,133209.0
1589,580,2025-12-30 03:23:29,Desktop,277634.0
1590,204,2025-02-02 12:42:19,Mobile,122268.0
1591,403,2025-04-15 06:30:19,Smart TV,133834.0
1592,1072,2025-01-05 17:21:10,Mobile,309387.0
1593,865,2026-05-29 07:35:19,Desktop,213388.0
1594,93,2026-04-18 10:06:05,Smart TV,324449.0
1595,672,2026-05-28 12:23:08,Smart TV,62474.0
1596,41,2024-03-29 18:00:03,Desktop,242462.0
1597,614,2025-12-15 06:39:13,Tablet,29058.0
1598,449,2025-03-31 11:12:04,Smart TV,138730.0
1599,345,2024-08-12 09:46:54,Desktop,115912.0
1600,1027,2026-04-23 14:09:10,Mobile,185708.0
1601,339,2025-01-02 10:40:59,Desktop,179005.0
1602,776,2026-05-12 04:58:52,Web,198807.0
1603,958,2024-06-26 07:12:13,Web,189063.0
1604,130,2025-10-30 00:26:24,Web,154616.0
1605,466,2025-05-27 12:16:39,Unknown,257572.0
1606,549,2024-06-27 03:19:36,Web,188744.0
1607,33,2026-05-05 01:11:00,Tablet,152894.0
1608,160,2024-09-25 15:33:32,Unknown,61572.0
1609,841,2026-01-24 03:25:02,Tablet,74524.0
1610,537,2024-10-09 07:43:43,Smart TV,177861.0
1611,169,2025-07-09 16:26:02,Web,350614.0
1612,852,2024-09-19 15:04:36,Smart TV,282739.0
1613,479,2025-02-17 20:09:02,Web,45202.0
1614,179,2025-06-15 13:34:19,Tablet,329568.0
1615,69,2026-08-18 02:10:39,Unknown,73890.0
1616,342,2025-08-13 04:00:17,Web,31896.0
1617,84,2025-12-15 16:32:42,Smart TV,148765.0
1618,42,2024-10-24 08:35:57,Smart TV,121148.0
1619,69,2024-12-11 01:19:44,Web,93339.0
1620,871,2025-08-29 18:32:21,Smart TV,92581.0
1621,902,2025-11-12 07:40:54,Unknown,51848.0
1622,247,2025-07-15 04:56:18,Smart TV,85923.0
1623,974,2026-07-22 20:55:18,Tablet,181453.0
1624,34,2026-02-28 18:38:15,Smart TV,116811.0
1625,674,2024-08-11 18:17:28,Mobile,190174.0
1626,794,2025-04-27 07:28:22,Unknown,167652.0
1627,347,2025-12-14 18:45:06,Tablet,157753.0
1628,987,2025-02-13 00:52:34,Unknown,258648.0
1629,661,2026-05-18 00:47:51,Tablet,290202.0
1630,283,2024-05-22 04:17:39,Unknown,271919.0
1631,1149,2025-03-08 02:49:50,Unknown,168900.0
1632,907,2024-01-31 14:49:23,Mobile,133566.0
1633,143,2025-02-15 05:55:46,Mobile,235833.0
1634,972,2024-07-15 21:07:30,Tablet,118479.0
1635,165,2025-11-20 20:37:51,Smart TV,225171.0
1636,246,2025-07-29 05:36:14,Desktop,229508.0
1637,478,2025-04-19 03:17:33,Mobile,168288.0
1638,1094,2025-03-09 11:12:45,Tablet,152909.0
1639,598,2024-06-10 01:05:59,Tablet,109724.0
1640,481,2026-06-24 03:10:16,Web,230880.0
1641,620,2025-12-04 23:17:31,Web,154616.0
1642,735,2026-03-04 20:35:31,Mobile,206094.0
1643,780,2025-09-05 06:32:24,Tablet,38858.0
1644,900,2024-07-13 00:04:21,Tablet,180734.0
1645,333,2026-09-08 09:53:13,Unknown,83658.0
1646,570,2025-11-05 08:55:59,Unknown,191382.0
1647,155,2025-04-22 19:36:58,Mobile,59393.0
1648,792,2025-10-11 13:43:21,Desktop,218561.0
1649,234,2024-12-17 23:29:27,Mobile,239229.0
1650,211,2025-01-23 23:41:01,Tablet,207189.0
1651,291,2026-07-11 23:48:47,Desktop,151369.0
1652,920,2026-03-04 01:41:19,Tablet,67696.0
1653,320,2025-02-26 22:58:01,Mobile,96842.0
1654,417,2024-02-01 18:41:03,Unknown,211137.0
1655,135,2025-04-10 05:48:04,Tablet,188822.0
1656,850,2025-07-17 06:19:47,Web,142628.0
1657,1079,2024-11-30 01:05:57,Desktop,154616.0
1658,1058,2025-06-03 21:05:50,Desktop,339246.0
1659,957,2025-10-08 10:02:04,Mobile,45136.0
1660,867,2026-08-17 21:33:58,Smart TV,131161.0
1661,226,2024-06-24 17:11:38,Tablet,122351.0
1662,68,2025-06-27 04:51:34,Mobile,332865.0
1663,935,2024-02-28 23:08:29,Smart TV,184204.0
1664,399,2025-11-19 09:37:56,Tablet,123585.0
1665,782,2025-10-07 23:42:02,Tablet,51751.0
1666,993,2026-07-10 00:12:49,Unknown,154616.0
1667,605,2026-04-09 23:56:52,Web,51790.0
1668,441,2025-02-21 21:43:26,Desktop,39613.0
1669,457,2025-04-14 13:15:40,Tablet,154616.0
1670,546,2025-08-06 16:25:59,Unknown,196494.0
1671,121,2024-09-12 22:12:39,Mobile,102710.0
1672,271,2026-07-29 10:41:28,Unknown,98070.0
1673,632,2024-02-13 12:48:48,Smart TV,137321.0
1674,524,2025-05-28 02:52:55,Web,254973.0
1675,571,2025-11-26 00:35:32,Unknown,388951.0
1676,558,2026-05-10 18:34:09,Unknown,206248.0
1677,1168,2025-04-07 18:08:47,Unknown,130796.0
1678,820,2025-02-24 05:32:38,Desktop,321737.0
1679,877,2024-02-09 13:52:39,Tablet,103454.0
1680,1084,2025-02-21 10:19:45,Tablet,262504.0
1681,636,2025-08-03 17:38:37,Unknown,219086.0
1682,357,2024-05-18 01:50:18,Tablet,334800.0
1683,793,2024-07-07 06:02:09,Desktop,210025.0
1684,23,2025-01-28 15:10:50,Tablet,122238.0
1685,1195,2025-02-21 06:26:29,Tablet,58332.0
1686,317,2025-08-25 21:57:42,Desktop,165638.0
1687,442,2024-11-24 20:07:42,Smart TV,300833.0
1688,1139,2025-06-11 16:53:36,Desktop,276097.0
1689,763,2026-07-27 15:47:42,Web,53253.0
1690,1076,2024-06-25 01:46:43,Web,152829.0
1691,506,2024-04-07 11:55:09,Desktop,97689.0
1692,174,2024-06-07 04:35:22,Mobile,181756.0
1693,594,2024-10-31 01:48:30,Smart TV,274411.0
1694,817,2024-05-30 22:27:43,Web,194111.0
1695,465,2026-05-23 01:13:44,Tablet,158210.0
1696,145,2024-08-10 10:56:29,Tablet,45863.0
1697,1016,2024-11-25 05:32:43,Smart TV,158721.0
1698,272,2024-02-03 21:32:00,Web,199116.0
1699,786,2024-10-31 05:49:01,Unknown,196302.0
1700,278,2024-10-30 00:24:48,Unknown,86311.0
1701,310,2024-02-26 18:52:52,Desktop,115430.0
1702,64,2025-08-06 17:38:21,Mobile,171498.0
1703,535,2025-07-26 22:35:22,Tablet,100774.0
1704,1117,2026-08-01 01:14:10,Smart TV,167797.0
1705,1094,2024-05-14 00:09:25,Desktop,47270.0
1706,6,2025-04-04 22:24:59,Tablet,121192.0
1707,882,2025-08-08 12:07:53,Unknown,367783.0
1708,595,2026-05-19 00:14:41,Web,133289.0
1709,1006,2024-09-20 04:23:16,Mobile,285792.0
1710,398,2025-05-08 22:31:30,Mobile,82437.0
1711,107,2025-05-23 17:50:50,Mobile,193114.0
1712,1017,2024-12-24 02:15:40,Tablet,81914.0
1713,368,2026-09-16 01:38:16,Tablet,49830.0
1714,1196,2025-09-03 02:35:03,Desktop,262979.0
1715,431,2025-04-15 01:28:04,Web,95845.0
1716,636,2024-10-08 16:19:52,Web,85575.0
1717,1011,2025-03-17 00:56:04,Smart TV,162737.0
1718,264,2026-03-04 08:12:35,Mobile,160498.0
1719,964,2025-02-27 11:42:00,Mobile,77818.0
1720,966,2025-10-06 01:14:31,Web,295393.0
1721,184,2025-05-09 08:41:52,Tablet,263310.0
1722,711,2024-03-21 09:45:25,Web,179599.0
1723,76,2025-09-11 02:40:17,Mobile,140252.0
1724,706,2024-12-20 19:49:42,Mobile,272948.0
1725,658,2026-07-05 16:27:10,Tablet,117834.0
1726,804,2025-11-16 13:18:58,Smart TV,67410.0
1727,97,2025-10-24 17:54:33,Web,154616.0
1728,24,2025-08-24 08:57:01,Unknown,274114.0
1729,638,2024-11-22 11:21:02,Mobile,70548.0
1730,510,2025-09-10 19:52:36,Tablet,76400.0
1731,50,2025-11-28 07:36:34,Desktop,140327.0
1732,82,2024-09-01 18:42:17,Tablet,116871.0
1733,818,2025-12-01 10:08:49,Tablet,21031.0
1734,1107,2024-01-13 05:31:04,Unknown,167940.0
1735,693,2024-04-02 13:54:47,Tablet,86929.0
1736,424,2026-06-06 07:25:02,Smart TV,273925.0
1737,271,2024-07-23 02:01:13,Smart TV,270635.0
1738,615,2024-09-26 00:45:08,Mobile,120830.0
1739,885,2025-05-14 01:32:59,Tablet,135706.0
1740,990,2024-02-13 21:43:15,Unknown,61728.0
1741,241,2025-09-05 22:23:46,Unknown,53384.0
1742,578,2026-06-05 08:05:44,Desktop,82389.0
1743,799,2025-01-22 03:39:01,Tablet,50727.0
1744,694,2025-07-28 01:42:46,Desktop,99567.0
1745,382,2025-11-04 04:20:37,Mobile,42091.0
1746,605,2025-04-10 05:47:11,Tablet,52522.0
1747,964,2025-11-25 00:15:18,Web,215360.0
1748,571,2024-10-30 17:29:07,Mobile,304114.0
1749,1090,2025-11-26 05:00:33,Mobile,337656.0
1750,909,2026-02-07 02:18:46,Tablet,82144.0
1751,1173,2024-12-13 08:52:45,Smart TV,140956.0
1752,794,2025-02-21 04:48:56,Web,237284.0
1753,1181,2025-01-19 00:06:03,Desktop,161690.0
1754,788,2024-03-16 19:27:53,Smart TV,129947.0
1755,1138,2026-07-17 16:19:35,Tablet,32902.0
1756,822,2024-02-19 12:02:18,Desktop,261984.0
1757,86,2025-02-09 14:24:39,Web,131382.0
1758,91,2024-05-12 19:19:46,Unknown,170084.0
1759,879,2024-09-29 00:17:30,Mobile,153221.0
1760,444,2025-08-23 01:35:41,Mobile,133625.0
1761,486,2025-10-16 01:02:56,Tablet,54235.0
1762,538,2024-12-13 05:45:19,Smart TV,214671.0
1763,760,2025-08-05 17:01:14,Mobile,153992.0
1764,1177,2025-10-26 06:47:47,Tablet,274198.0
1765,1093,2025-03-16 01:33:55,Web,50099.0
1766,1010,2026-08-14 10:45:02,Web,136346.0
1767,281,2024-02-14 11:36:54,Tablet,105470.0
1768,577,2025-12-11 10:23:16,Mobile,209767.0
1769,255,2025-07-24 00:35:35,Tablet,144415.0
1770,798,2024-12-22 22:54:37,Web,142111.0
1771,677,2025-02-11 14:47:14,Unknown,61686.0
1772,760,2024-06-01 04:29:27,Web,117084.0
1773,835,2025-01-24 00:26:22,Mobile,86180.0
1774,861,2026-05-10 05:04:49,Smart TV,91919.0
1775,22,2024-10-30 16:20:39,Smart TV,363915.0
1776,832,2024-01-17 04:46:21,Mobile,80790.0
1777,750,2025-05-31 13:17:43,Desktop,53506.0
1778,9,2024-03-10 16:03:51,Mobile,123249.0
1779,867,2025-05-23 03:25:06,Tablet,73167.0
1780,902,2025-08-08 02:15:05,Web,157549.0
1781,154,2024-08-02 08:55:51,Tablet,142961.0
1782,544,2024-02-27 13:40:01,Web,360198.0
1783,438,2024-04-09 11:38:46,Smart TV,162968.0
1784,1196,2024-02-25 11:37:33,Unknown,309802.0
1785,164,2026-02-15 23:24:37,Tablet,353946.0
1786,815,2025-03-21 10:56:06,Desktop,245412.0
1787,880,2024-12-04 14:08:20,Desktop,316763.0
1788,661,2025-12-31 22:06:36,Tablet,188309.0
1789,943,2025-02-09 19:54:48,Smart TV,301622.0
1790,101,2026-03-01 06:45:44,Unknown,236440.0
1791,980,2026-05-17 17:15:34,Web,237822.0
1792,501,2026-05-26 00:13:03,Desktop,321118.0
1793,336,2024-01-27 21:58:18,Desktop,89229.0
1794,389,2026-05-20 05:13:49,Smart TV,236937.0
1795,436,2026-03-16 04:51:06,Smart TV,85398.0
1796,593,2024-09-22 01:27:12,Desktop,65864.0
1797,660,2024-09-02 05:57:58,Smart TV,337917.0
1798,771,2025-09-24 21:37:02,Smart TV,232794.0
1799,970,2026-07-29 08:37:12,Desktop,148986.0
1800,1096,2026-06-07 12:18:41,Desktop,283002.0
1801,374,2024-01-23 20:56:36,Mobile,54150.0
1802,134,2025-03-09 22:27:31,Desktop,109037.0
1803,1058,2024-10-12 10:40:48,Smart TV,87643.0
1804,145,2025-09-11 21:31:02,Mobile,115471.0
1805,990,2024-12-05 11:41:24,Web,196331.0
1806,701,2024-05-09 14:09:47,Web,37779.0
1807,894,2025-08-05 22:11:08,Desktop,217798.0
1808,255,2024-01-31 00:08:15,Web,160324.0
1809,504,2024-08-06 05:38:00,Unknown,90262.0
1810,309,2026-07-24 04:40:14,Desktop,172903.0
1811,418,2026-08-19 02:44:47,Unknown,121860.0
1812,70,2026-09-04 14:30:22,Smart TV,178786.0
1813,58,2026-08-05 16:07:38,Mobile,30843.0
1814,488,2025-01-22 01:15:28,Tablet,83915.0
1815,1032,2026-03-26 11:04:36,Unknown,79590.0
1816,77,2025-10-17 17:13:06,Mobile,300206.0
1817,271,2026-07-08 18:03:39,Smart TV,105062.0
1818,970,2026-03-11 13:21:20,Smart TV,126673.0
1819,283,2025-01-15 20:43:22,Smart TV,346473.0
1820,328,2024-01-15 01:27:24,Tablet,114581.0
1821,731,2025-10-11 14:41:32,Smart TV,292349.0
1822,146,2024-10-16 20:53:12,Smart TV,186518.0
1823,428,2024-04-16 19:01:53,Unknown,324744.0
1824,1169,2025-11-26 17:38:11,Unknown,203973.0
1825,569,2026-05-12 21:46:41,Unknown,248052.0
1826,1037,2025-03-13 01:15:06,Web,175208.0
1827,643,2024-01-15 10:16:14,Desktop,136740.0
1828,293,2026-04-23 15:10:49,Desktop,313601.0
1829,262,2024-05-14 08:05:54,Smart TV,172180.0
1830,208,2024-05-13 03:40:17,Unknown,97302.0
1831,1093,2026-04-04 23:41:56,Mobile,39759.0
1832,675,2025-09-22 10:29:50,Mobile,187961.0
1833,9,2025-12-17 02:39:58,Unknown,107714.0
1834,335,2024-05-20 07:01:51,Unknown,260987.0
1835,623,2026-08-19 18:07:15,Unknown,97687.0
1836,331,2024-12-15 14:28:46,Unknown,287223.0
1837,1007,2024-03-06 18:41:31,Desktop,188567.0
1838,420,2025-04-06 19:08:45,Mobile,163349.0
1839,676,2025-11-04 19:54:11,Smart TV,391763.0
1840,1070,2024-02-20 13:59:46,Desktop,127129.0
1841,524,2025-08-12 23:23:25,Unknown,156023.0
1842,1178,2025-09-05 19:31:57,Smart TV,203166.0
1843,51,2026-02-10 11:49:01,Tablet,219553.0
1844,552,2025-08-03 14:05:01,Desktop,68216.0
1845,8,2026-05-26 22:36:22,Desktop,313512.0
1846,809,2026-04-03 04:20:40,Tablet,66028.0
1847,289,2025-03-03 03:02:47,Mobile,87073.0
1848,858,2024-11-26 12:58:24,Unknown,161833.0
1849,1038,2025-02-20 10:06:49,Tablet,172995.0
1850,817,2024-11-26 11:56:02,Smart TV,200156.0
1851,722,2024-04-12 06:16:03,Mobile,127905.0
1852,15,2024-02-23 14:04:08,Smart TV,192699.0
1853,1088,2026-05-26 04:50:05,Mobile,74116.0
1854,850,2025-01-26 12:50:55,Desktop,72153.0
1855,526,2026-06-01 11:00:54,Tablet,122593.0
1856,968,2026-08-13 10:46:51,Desktop,31297.0
1857,413,2025-06-25 14:48:05,Mobile,226237.0
1858,1050,2026-03-05 08:29:49,Mobile,342314.0
1859,131,2025-04-08 00:43:25,Mobile,362424.0
1860,611,2026-04-09 09:44:58,Unknown,105751.0
1861,843,2024-03-03 06:18:42,Unknown,46658.0
1862,100,2025-07-07 22:15:45,Tablet,290570.0
1863,570,2026-02-03 02:31:05,Mobile,72155.0
1864,1196,2026-02-27 15:46:28,Smart TV,279729.0
1865,993,2026-06-07 20:57:58,Web,270269.0
1866,690,2024-06-05 20:12:56,Smart TV,72439.0
1867,554,2025-06-23 00:28:47,Smart TV,71811.0
1868,420,2024-12-28 13:44:58,Tablet,185769.0
1869,30,2025-08-09 11:43:07,Desktop,123170.0
1870,1174,2024-09-14 00:41:09,Unknown,185850.0
1871,1124,2024-02-16 05:06:36,Desktop,176921.0
1872,514,2024-10-03 05:21:25,Mobile,277033.0
1873,478,2024-04-02 12:52:49,Desktop,293993.0
1874,681,2025-06-17 10:12:28,Smart TV,164273.0
1875,392,2026-05-14 11:21:57,Tablet,79230.0
1876,902,2025-11-11 16:44:31,Smart TV,186970.0
1877,743,2025-09-16 13:18:00,Web,333911.0
1878,137,2025-06-09 15:29:12,Unknown,221065.0
1879,1071,2026-01-08 05:47:16,Unknown,115632.0
1880,265,2026-05-09 22:04:38,Tablet,177772.0
1881,812,2025-12-14 18:43:30,Tablet,219875.0
1882,861,2024-06-11 08:54:32,Smart TV,159340.0
1883,64,2026-01-24 23:24:16,Unknown,76589.0
1884,574,2024-06-18 16:43:14,Tablet,187526.0
1885,430,2024-04-11 16:08:44,Smart TV,154616.0
1886,373,2026-05-13 21:29:39,Unknown,105818.0
1887,178,2025-01-15 03:21:34,Mobile,287679.0
1888,960,2025-07-07 18:13:41,Smart TV,60515.0
1889,741,2026-04-21 12:22:29,Tablet,191831.0
1890,48,2026-08-13 15:18:23,Smart TV,361080.0
1891,296,2024-08-13 23:48:10,Tablet,258385.0
1892,1030,2026-08-26 21:05:26,Desktop,52384.0
1893,467,2025-04-27 20:52:11,Smart TV,64670.0
1894,648,2026-04-23 09:55:47,Unknown,355976.0
1895,918,2024-02-26 20:06:16,Smart TV,102905.0
1896,1190,2024-11-26 09:26:51,Smart TV,37943.0
1897,1017,2024-11-17 11:25:40,Tablet,76850.0
1898,1108,2025-10-01 01:26:55,Smart TV,149941.0
1899,1054,2024-03-08 12:50:34,Tablet,128307.0
1900,119,2025-07-25 21:09:16,Tablet,69684.0
1901,800,2024-06-20 14:44:42,Web,198285.0
1902,1128,2025-06-08 16:08:23,Desktop,175600.0
1903,35,2025-12-02 17:26:21,Tablet,87226.0
1904,818,2025-11-28 03:57:37,Unknown,104585.0
1905,58,2025-10-09 12:09:03,Tablet,178533.0
1906,205,2024-06-07 20:38:47,Unknown,219186.0
1907,793,2026-05-17 23:52:19,Desktop,176552.0
1908,55,2025-10-26 17:47:02,Unknown,32193.0
1909,76,2026-06-13 04:18:41,Desktop,39020.0
1910,986,2026-03-09 05:20:32,Tablet,186348.0
1911,474,2024-08-17 10:00:31,Smart TV,185730.0
1912,623,2025-09-14 16:32:02,Web,232476.0
1913,91,2025-03-06 17:52:14,Smart TV,78376.0
1914,1063,2026-03-12 08:12:08,Web,269437.0
1915,914,2024-01-14 17:43:30,Desktop,163463.0
1916,447,2024-04-12 11:45:23,Unknown,90102.0
1917,652,2025-03-26 01:11:30,Tablet,93375.0
1918,980,2025-09-24 21:58:22,Tablet,206375.0
1919,561,2025-12-28 10:12:00,Tablet,104592.0
1920,1101,2024-08-02 03:48:39,Web,172766.0
1921,990,2026-08-31 01:52:17,Desktop,155471.0
1922,465,2025-10-25 11:44:57,Tablet,155128.0
1923,910,2024-04-26 11:48:26,Tablet,178112.0
1924,153,2026-01-31 01:21:51,Smart TV,245481.0
1925,915,2025-07-04 01:56:44,Unknown,269235.0
1926,620,2026-04-03 22:50:55,Web,100916.0
1927,540,2025-02-25 17:13:20,Desktop,178952.0
1928,867,2026-01-13 15:33:23,Mobile,173293.0
1929,885,2024-08-11 04:54:17,Smart TV,157973.0
1930,1037,2025-11-08 07:35:03,Smart TV,241409.0
1931,750,2025-04-08 05:49:53,Desktop,226928.0
1932,900,2024-08-27 03:48:11,Unknown,230006.0
1933,427,2025-12-28 01:22:27,Web,43292.0
1934,1146,2025-01-12 11:04:45,Desktop,134730.0
1935,465,2024-06-28 10:55:32,Unknown,37272.0
1936,764,2024-03-11 20:01:28,Tablet,169960.0
1937,507,2025-08-20 15:45:35,Smart TV,198890.0
1938,425,2024-11-03 10:37:05,Unknown,252237.0
1939,522,2025-02-02 06:25:58,Unknown,155256.0
1940,1173,2024-12-31 19:50:04,Unknown,84086.0
1941,998,2024-10-01 22:12:02,Mobile,81325.0
1942,690,2024-01-14 05:52:56,Unknown,181227.0
1943,193,2025-02-18 20:33:15,Web,231597.0
1944,203,2024-08-21 10:55:02,Smart TV,293369.0
1945,120,2025-12-23 21:30:37,Unknown,62392.0
1946,998,2026-04-10 16:22:29,Desktop,134405.0
1947,257,2025-07-02 14:44:53,Desktop,75003.0
1948,413,2026-02-28 01:02:38,Unknown,204886.0
1949,713,2026-08-13 01:04:35,Smart TV,256698.0
1950,384,2024-04-29 20:18:35,Smart TV,333021.0
1951,942,2024-05-06 21:50:14,Smart TV,243781.0
1952,892,2026-09-02 02:50:18,Unknown,49993.0
1953,808,2026-07-26 08:45:24,Mobile,148048.0
1954,276,2026-03-23 04:39:37,Desktop,67506.0
1955,551,2025-09-20 21:25:20,Desktop,200628.0
1956,897,2025-03-09 20:09:38,Web,82667.0
1957,34,2024-04-06 17:16:14,Web,196763.0
1958,307,2025-10-12 11:05:02,Web,72007.0
1959,602,2024-01-28 22:27:22,Web,64726.0
1960,129,2025-04-13 11:04:11,Smart TV,315461.0
1961,630,2024-05-23 13:43:20,Smart TV,233180.0
1962,505,2025-05-16 04:40:08,Tablet,145642.0
1963,731,2026-01-22 23:24:19,Web,150383.0
1964,730,2025-08-19 05:45:02,Smart TV,207601.0
1965,770,2026-05-21 09:33:53,Mobile,182759.0
1966,54,2024-08-09 19:56:11,Unknown,137279.0
1967,686,2024-12-17 02:18:49,Web,284668.0
1968,591,2026-08-05 09:18:50,Desktop,322876.0
1969,370,2025-06-30 19:30:47,Smart TV,154616.0
1970,494,2026-09-06 08:29:55,Web,42356.0
1971,775,2026-01-18 03:02:49,Tablet,131471.0
1972,406,2024-06-01 13:01:11,Tablet,82550.0
1973,938,2025-06-22 18:49:31,Desktop,140574.0
1974,131,2024-05-17 00:17:38,Web,143720.0
1975,500,2025-03-27 18:02:32,Tablet,261005.0
1976,398,2024-02-23 19:14:10,Mobile,168927.0
1977,205,2026-01-10 19:30:43,Web,173366.0
1978,423,2025-08-19 03:04:10,Web,144744.0
1979,469,2025-03-19 17:31:35,Mobile,106153.0
1980,31,2025-05-12 19:58:13,Mobile,45750.0
1981,831,2025-10-08 19:05:47,Web,133503.0
1982,931,2026-05-09 01:55:30,Mobile,101847.0
1983,293,2026-06-03 15:34:34,Desktop,329497.0
1984,148,2025-01-16 09:35:08,Mobile,113246.0
1985,828,2024-02-04 01:55:19,Tablet,116136.0
1986,885,2026-06-14 12:12:20,Web,233249.0
1987,39,2025-11-22 11:53:07,Web,196054.0
1988,196,2024-04-08 10:31:55,Smart TV,167948.0
1989,984,2024-02-07 03:45:13,Unknown,81846.0
1990,1160,2024-05-25 00:41:42,Smart TV,54735.0
1991,512,2024-07-29 18:54:26,Desktop,85160.0
1992,570,2024-02-08 01:08:49,Tablet,227101.0
1993,268,2024-07-07 06:24:41,Unknown,49692.0
1994,57,2024-04-07 22:21:11,Mobile,161536.0
1995,426,2024-09-19 19:26:56,Mobile,129259.0
1996,395,2024-08-21 23:21:54,Smart TV,91779.0
1997,240,2026-03-26 07:48:58,Web,100513.0
1998,688,2026-05-02 14:59:25,Desktop,172489.0
1999,624,2024-07-09 18:13:34,Web,174263.0
2000,907,2025-03-14 00:10:52,Smart TV,79845.0
2001,880,2024-07-16 09:44:37,Tablet,99103.0
2002,731,2024-09-10 15:55:13,Smart TV,254800.0
2003,497,2024-10-10 20:51:24,Desktop,116224.0
2004,967,2026-04-30 08:26:55,Mobile,111366.0
2005,686,2025-12-05 06:27:53,Smart TV,371718.0
2006,760,2026-04-13 12:06:23,Smart TV,129715.0
2007,799,2026-09-10 05:44:30,Unknown,107064.0
2008,1047,2024-03-03 22:33:30,Mobile,304911.0
2009,546,2025-04-29 13:27:07,Tablet,130688.0
2010,760,2024-06-12 10:30:19,Web,187124.0
2011,807,2025-03-20 11:34:12,Tablet,238541.0
2012,1189,2025-12-16 14:50:40,Tablet,47415.0
2013,1130,2026-06-28 12:20:44,Desktop,184077.0
2014,796,2025-05-20 21:34:05,Smart TV,47516.0
2015,168,2024-06-09 23:20:11,Smart TV,159208.0
2016,403,2026-02-01 22:45:58,Web,151957.0
2017,436,2026-08-20 10:26:07,Unknown,132915.0
2018,879,2024-09-09 21:02:06,Smart TV,34874.0
2019,1103,2024-05-30 10:46:41,Desktop,254720.0
2020,1119,2026-03-17 23:55:50,Desktop,40435.0
2021,1025,2024-03-26 03:41:44,Unknown,128845.0
2022,403,2025-12-12 16:49:02,Smart TV,51967.0
2023,427,2025-04-30 04:45:44,Desktop,79960.0
2024,9,2026-08-23 03:28:26,Smart TV,137333.0
2025,1135,2026-07-14 00:41:43,Unknown,176482.0
2026,564,2025-08-10 07:34:23,Web,91596.0
2027,816,2026-03-13 07:09:10,Smart TV,195928.0
2028,813,2024-07-07 11:46:17,Unknown,202073.0
2029,1185,2026-05-01 23:02:26,Web,91504.0
2030,706,2026-02-07 14:45:44,Tablet,108665.0
2031,223,2025-04-16 05:02:58,Tablet,173323.0
2032,616,2024-01-12 07:50:10,Tablet,173440.0
2033,164,2025-11-14 03:59:56,Smart TV,108407.0
2034,599,2025-08-03 16:45:14,Unknown,63184.0
2035,53,2025-02-25 20:03:01,Tablet,101781.0
2036,228,2024-02-03 03:49:06,Web,380440.0
2037,1170,2024-01-29 04:08:08,Tablet,119092.0
2038,558,2026-01-18 21:18:10,Desktop,54430.0
2039,464,2024-08-25 09:54:34,Unknown,232267.0
2040,859,2026-05-03 17:33:00,Unknown,225901.0
2041,561,2025-06-30 03:39:18,Tablet,109156.0
2042,544,2024-03-31 02:15:36,Smart TV,355814.0
2043,444,2024-02-08 02:41:27,Mobile,205915.0
2044,213,2025-02-14 00:22:46,Unknown,200306.0
2045,171,2026-03-01 00:54:25,Desktop,69541.0
2046,80,2024-06-03 19:17:00,Smart TV,114603.0
2047,244,2025-02-17 19:49:01,Mobile,198820.0
2048,82,2024-09-09 10:37:50,Desktop,65940.0
2049,529,2025-05-28 11:58:59,Desktop,112186.0
2050,123,2024-08-02 11:37:24,Unknown,83395.0
2051,980,2025-08-02 03:30:04,Tablet,158915.0
2052,205,2024-07-29 19:47:23,Smart TV,146343.0
2053,203,2026-05-25 03:08:45,Desktop,279392.0
2054,201,2025-08-19 11:15:58,Desktop,227083.0
2055,622,2026-07-16 16:53:28,Tablet,154616.0
2056,1138,2026-04-02 23:51:18,Desktop,50273.0
2057,1093,2025-04-15 23:00:37,Smart TV,79486.0
2058,154,2026-03-02 22:07:15,Tablet,70083.0
2059,755,2025-05-17 13:51:21,Tablet,151151.0
2060,147,2024-09-01 20:10:28,Unknown,166135.0
2061,1023,2024-11-04 22:22:45,Smart TV,357479.0
2062,251,2026-03-12 21:01:46,Unknown,213668.0
2063,311,2024-05-01 12:40:59,Unknown,78112.0
2064,487,2024-03-25 12:12:56,Tablet,96362.0
2065,888,2026-09-15 06:45:19,Web,148097.0
2066,706,2024-12-11 06:05:17,Unknown,351392.0
2067,1018,2026-01-27 11:21:19,Unknown,154616.0
2068,745,2024-10-16 17:42:54,Unknown,237691.0
2069,956,2025-08-20 19:45:46,Tablet,196516.0
2070,1077,2026-07-25 13:04:00,Tablet,136492.0
2071,1168,2026-08-30 21:46:05,Web,121657.0
2072,218,2025-08-28 22:53:20,Smart TV,146330.0
2073,713,2026-08-19 14:37:56,Tablet,126805.0
2074,607,2026-06-26 05:18:09,Unknown,310538.0
2075,177,2025-04-11 05:40:55,Unknown,174328.0
2076,741,2025-02-18 13:21:37,Mobile,47314.0
2077,976,2024-01-24 01:33:34,Unknown,80386.0
2078,563,2024-04-23 08:06:01,Tablet,53042.0
2079,863,2026-05-31 06:33:17,Tablet,93634.0
2080,912,2026-03-07 03:44:08,Unknown,154616.0
2081,844,2025-02-22 19:42:54,Mobile,116922.0
2082,996,2024-05-18 19:31:33,Desktop,53782.0
2083,394,2025-05-28 04:03:11,Unknown,79340.0
2084,331,2024-05-23 08:21:03,Desktop,97217.0
2085,1139,2024-06-07 10:20:12,Web,52377.0
2086,319,2025-06-22 07:00:45,Tablet,182849.0
2087,609,2024-02-02 00:02:48,Tablet,146330.0
2088,549,2025-04-08 22:02:23,Mobile,332434.0
2089,237,2026-08-16 08:57:59,Web,136186.0
2090,398,2024-11-22 16:07:44,Unknown,190743.0
2091,1087,2025-08-29 04:46:43,Smart TV,154616.0
2092,593,2024-04-30 23:17:07,Smart TV,166640.0
2093,1140,2024-02-11 21:48:05,Mobile,310027.0
2094,262,2026-08-06 19:40:37,Web,25580.0
2095,210,2025-09-28 10:28:29,Web,374191.0
2096,497,2024-11-04 02:48:38,Desktop,126701.0
2097,1046,2026-02-18 03:28:51,Smart TV,248362.0
2098,1139,2025-02-23 16:32:04,Desktop,140545.0
2099,1128,2024-02-07 06:22:55,Tablet,73555.0
2100,458,2024-01-24 14:02:11,Tablet,88539.0
2101,52,2025-11-20 08:16:38,Mobile,138298.0
2102,299,2024-04-09 08:04:47,Unknown,277563.0
2103,911,2024-09-13 08:43:18,Tablet,190515.0
2104,29,2024-11-22 12:05:07,Smart TV,122946.0
2105,763,2025-08-29 20:49:54,Tablet,149588.0
2106,570,2024-07-10 20:58:06,Smart TV,154616.0
2107,881,2025-08-03 23:12:55,Desktop,60049.0
2108,1065,2025-09-14 19:46:41,Unknown,177220.0
2109,100,2025-02-01 12:04:18,Smart TV,187084.0
2110,560,2025-01-15 16:10:02,Web,366331.0
2111,295,2025-03-30 15:05:12,Unknown,70294.0
2112,1148,2024-03-11 10:52:49,Desktop,131318.0
2113,733,2024-08-13 23:07:13,Smart TV,57968.0
2114,817,2025-09-22 22:20:49,Smart TV,68981.0
2115,606,2024-10-02 10:58:11,Desktop,112818.0
2116,662,2026-04-01 00:19:59,Desktop,237163.0
2117,289,2026-07-11 09:07:17,Mobile,52829.0
2118,66,2024-10-07 02:54:47,Mobile,100929.0
2119,678,2024-12-16 08:58:42,Mobile,316766.0
2120,671,2025-07-01 12:18:27,Tablet,140528.0
2121,59,2025-01-28 06:20:21,Smart TV,278499.0
2122,31,2024-06-15 10:06:19,Desktop,63222.0
2123,437,2024-08-14 23:55:35,Unknown,92146.0
2124,597,2025-01-02 06:36:01,Web,196726.0
2125,1102,2026-08-01 05:04:18,Web,131695.0
2126,42,2026-07-22 05:05:26,Unknown,178203.0
2127,186,2025-03-29 05:45:00,Desktop,66040.0
2128,285,2026-04-29 04:46:13,Smart TV,47639.0
2129,1110,2026-08-07 06:26:17,Desktop,282786.0
2130,361,2026-07-10 14:47:10,Mobile,115541.0
2131,812,2024-08-14 04:35:41,Desktop,222963.0
2132,249,2026-05-09 08:23:48,Web,179674.0
2133,1089,2026-03-09 13:02:42,Smart TV,24268.0
2134,196,2025-11-18 21:18:02,Unknown,35576.0
2135,499,2024-08-04 13:36:17,Smart TV,159182.0
2136,174,2025-09-10 02:14:59,Desktop,50028.0
2137,1192,2025-10-25 12:26:13,Desktop,185691.0
2138,698,2025-01-20 10:13:21,Unknown,208253.0
2139,755,2024-12-28 21:50:04,Tablet,156095.0
2140,293,2024-08-20 00:01:01,Unknown,147686.0
2141,445,2024-05-19 08:31:54,Unknown,39117.0
2142,960,2025-04-21 19:27:34,Smart TV,185512.0
2143,594,2025-03-27 10:29:00,Unknown,337850.0
2144,243,2025-09-21 10:45:59,Unknown,339444.0
2145,214,2026-07-31 02:55:22,Smart TV,295228.0
2146,862,2025-12-29 15:35:00,Desktop,188248.0
2147,965,2025-10-25 15:13:19,Tablet,43162.0
2148,328,2025-07-21 03:09:03,Smart TV,281696.0
2149,1122,2024-02-26 14:48:37,Tablet,211979.0
2150,123,2024-06-08 04:48:27,Smart TV,95017.0
2151,980,2025-10-03 19:55:08,Smart TV,207438.0
2152,979,2025-10-09 15:34:03,Desktop,73381.0
2153,407,2025-12-01 17:42:19,Desktop,69914.0
2154,147,2026-06-08 05:01:35,Unknown,93553.0
2155,583,2025-10-24 18:39:51,Smart TV,181689.0
2156,172,2024-03-26 10:24:55,Desktop,297745.0
2157,45,2024-02-11 01:03:10,Web,214525.0
2158,504,2025-08-06 19:35:00,Desktop,192941.0
2159,150,2024-07-31 05:12:49,Unknown,72098.0
2160,1029,2026-05-21 13:50:20,Smart TV,155816.0
2161,1097,2025-12-31 09:23:17,Desktop,59521.0
2162,1018,2025-02-26 12:28:11,Web,113779.0
2163,431,2026-07-30 19:04:14,Web,81628.0
2164,63,2026-04-14 14:07:14,Smart TV,217472.0
2165,805,2024-10-26 06:41:55,Desktop,194662.0
2166,756,2024-03-06 05:15:39,Web,106521.0
2167,708,2024-08-13 09:03:44,Unknown,177005.0
2168,804,2024-11-17 14:03:01,Web,129047.0
2169,1084,2025-03-27 18:36:58,Desktop,158331.0
2170,571,2026-04-13 21:02:07,Mobile,151978.0
2171,45,2024-11-10 14:48:39,Smart TV,152768.0
2172,1185,2024-05-12 20:39:41,Web,165522.0
2173,225,2024-05-26 01:58:28,Smart TV,363859.0
2174,856,2025-12-29 17:55:12,Unknown,104395.0
2175,655,2025-12-20 00:47:35,Desktop,137500.0
2176,528,2025-12-02 09:48:16,Tablet,184998.0
2177,226,2024-11-04 15:54:49,Mobile,224108.0
2178,382,2024-05-30 07:07:54,Tablet,71275.0
2179,13,2024-10-20 12:33:25,Smart TV,316535.0
2180,281,2025-01-17 04:13:52,Unknown,245392.0
2181,107,2025-04-14 00:52:55,Tablet,105729.0
2182,275,2024-04-05 10:39:12,Desktop,199521.0
2183,498,2024-07-16 16:11:28,Unknown,256819.0
2184,115,2026-08-06 20:39:28,Mobile,263950.0
2185,809,2025-05-14 14:34:15,Smart TV,301343.0
2186,404,2025-02-20 22:56:33,Tablet,130507.0
2187,874,2024-07-24 00:09:29,Desktop,68334.0
2188,56,2026-04-21 01:47:03,Tablet,296782.0
2189,599,2025-05-30 09:46:22,Tablet,73272.0
2190,417,2024-07-28 07:44:14,Tablet,155244.0
2191,781,2024-01-24 18:33:02,Tablet,99661.0
2192,831,2025-05-25 23:14:01,Mobile,66965.0
2193,688,2025-10-17 09:13:06,Smart TV,157370.0
2194,273,2024-01-25 20:28:20,Web,195283.0
2195,1164,2026-01-02 01:53:35,Web,67777.0
2196,757,2026-02-20 03:24:25,Web,281453.0
2197,103,2026-04-24 23:46:41,Mobile,314473.0
2198,222,2026-07-09 12:04:49,Web,130323.0
2199,1087,2026-01-02 23:23:05,Desktop,60274.0
2200,1073,2026-01-21 18:33:10,Unknown,183950.0
2201,74,2024-10-19 09:17:40,Mobile,263211.0
2202,557,2024-09-04 02:19:32,Tablet,115668.0
2203,697,2024-03-18 07:46:33,Unknown,339355.0
2204,212,2024-10-08 18:45:08,Smart TV,233943.0
2205,655,2024-12-26 18:24:41,Unknown,35988.0
2206,25,2024-04-15 14:41:03,Web,191233.0
2207,917,2024-04-22 17:43:59,Web,201131.0
2208,74,2024-04-03 22:08:37,Unknown,62525.0
2209,211,2025-02-18 22:04:30,Unknown,140162.0
2210,419,2025-05-10 03:44:38,Tablet,145311.0
2211,798,2025-03-10 18:50:11,Tablet,320285.0
2212,1170,2025-04-26 14:01:52,Unknown,127124.0
2213,1068,2024-07-25 07:15:10,Mobile,52051.0
2214,658,2026-06-04 01:01:21,Desktop,138574.0
2215,768,2024-07-13 09:18:19,Tablet,80032.0
2216,713,2025-03-08 11:54:40,Web,208765.0
2217,506,2025-01-08 08:43:00,Tablet,317331.0
2218,1043,2024-06-16 10:16:40,Desktop,105754.0
2219,194,2025-04-24 17:32:53,Unknown,173198.0
2220,677,2025-07-06 09:44:45,Smart TV,216885.0
2221,427,2024-01-05 07:22:08,Web,23625.0
2222,419,2024-06-10 16:49:18,Smart TV,81534.0
2223,1148,2026-04-10 23:34:09,Unknown,66212.0
2224,760,2026-04-10 02:13:45,Tablet,57258.0
2225,760,2026-08-24 10:54:58,Mobile,104917.0
2226,1115,2025-04-23 06:56:01,Tablet,154616.0
2227,967,2024-05-08 00:17:25,Desktop,173559.0
2228,1138,2026-06-04 06:04:38,Smart TV,232127.0
2229,934,2026-07-30 04:13:18,Web,42255.0
2230,288,2024-11-22 04:40:12,Tablet,142516.0
2231,799,2024-07-22 00:02:23,Smart TV,191627.0
2232,170,2024-05-29 02:39:52,Web,44957.0
2233,289,2024-07-17 10:44:52,Unknown,134497.0
2234,107,2024-12-23 23:58:50,Unknown,189395.0
2235,916,2025-04-25 03:25:12,Unknown,263143.0
2236,875,2026-08-15 04:22:49,Smart TV,243389.0
2237,222,2025-01-20 13:16:50,Smart TV,253634.0
2238,825,2026-02-27 16:34:31,Tablet,108003.0
2239,774,2025-06-20 08:32:20,Web,112116.0
2240,33,2024-01-18 22:23:28,Web,180450.0
2241,284,2025-11-21 13:49:49,Smart TV,124822.0
2242,411,2026-09-07 06:38:14,Mobile,77334.0
2243,530,2024-09-06 22:42:38,Web,202260.0
2244,583,2025-05-04 08:51:22,Web,200538.0
2245,1010,2026-03-18 23:19:16,Web,123772.0
2246,77,2026-02-02 03:30:06,Desktop,61840.0
2247,859,2024-01-10 01:07:07,Web,183097.0
2248,1148,2025-08-08 07:36:25,Web,145857.0
2249,934,2026-06-03 20:15:16,Web,166688.0
2250,592,2025-06-03 18:13:07,Mobile,177928.0
2251,383,2024-04-20 10:19:43,Mobile,157059.0
2252,517,2025-01-28 08:49:40,Smart TV,349533.0
2253,794,2026-05-23 10:19:36,Desktop,192276.0
2254,47,2026-06-16 07:33:39,Smart TV,82633.0
2255,285,2026-04-16 23:56:06,Tablet,150570.0
2256,291,2024-11-13 14:18:11,Tablet,157718.0
2257,341,2026-01-07 18:08:01,Mobile,196754.0
2258,71,2025-12-06 23:57:02,Unknown,69608.0
2259,102,2024-03-29 11:04:31,Mobile,233530.0
2260,655,2024-03-29 21:27:11,Web,31335.0
2261,427,2026-04-23 05:12:54,Unknown,97471.0
2262,416,2026-01-17 02:04:33,Desktop,217141.0
2263,481,2024-11-23 15:19:16,Smart TV,278604.0
2264,412,2026-04-11 00:28:06,Unknown,37587.0
2265,78,2025-08-26 01:54:30,Desktop,112946.0
2266,136,2025-07-20 16:08:33,Web,151655.0
2267,1089,2026-09-17 01:37:59,Desktop,49817.0
2268,688,2025-12-16 10:08:47,Tablet,44609.0
2269,369,2025-10-01 01:50:28,Web,130406.0
2270,452,2025-10-10 16:08:48,Smart TV,109461.0
2271,807,2024-06-23 19:26:04,Mobile,311327.0
2272,288,2024-05-20 23:07:35,Tablet,97866.0
2273,621,2026-03-09 16:42:24,Smart TV,167060.0
2274,8,2026-06-11 12:39:05,Mobile,330083.0
2275,75,2024-12-23 19:58:10,Unknown,228150.0
2276,501,2024-01-09 22:18:50,Tablet,195770.0
2277,918,2025-09-25 18:20:39,Tablet,105211.0
2278,1198,2024-05-07 11:13:45,Desktop,86979.0
2279,972,2025-02-21 12:57:38,Mobile,129217.0
2280,831,2026-04-11 17:41:17,Mobile,163907.0
2281,1043,2025-05-22 17:25:46,Unknown,187459.0
2282,1088,2025-07-09 07:53:29,Tablet,93940.0
2283,1078,2026-07-16 13:01:02,Smart TV,39104.0
2284,331,2025-04-15 14:37:07,Smart TV,106869.0
2285,886,2025-03-21 16:09:36,Mobile,169504.0
2286,1168,2025-12-17 07:05:21,Smart TV,195995.0
2287,666,2024-06-22 06:49:04,Unknown,227596.0
2288,1102,2026-09-17 22:10:48,Tablet,29381.0
2289,496,2026-04-07 11:34:39,Web,196074.0
2290,700,2025-09-29 17:21:11,Web,176476.0
2291,1016,2025-01-24 10:47:27,Tablet,26415.0
2292,757,2026-09-09 19:22:36,Mobile,46453.0
2293,596,2024-05-07 16:02:58,Smart TV,51872.0
2294,676,2025-05-09 20:04:37,Desktop,255716.0
2295,722,2026-06-07 14:26:07,Tablet,158290.0
2296,904,2024-03-23 23:36:12,Tablet,47811.0
2297,878,2024-02-10 02:02:30,Mobile,260874.0
2298,9,2026-01-05 21:58:17,Unknown,108097.0
2299,371,2025-06-19 16:16:56,Web,136546.0
2300,949,2024-02-20 22:48:31,Desktop,154616.0
2301,402,2024-01-19 04:29:46,Web,58892.0
2302,28,2024-03-06 23:26:17,Mobile,107119.0
2303,1011,2024-10-08 06:13:22,Smart TV,197724.0
2304,706,2024-06-01 06:35:44,Smart TV,95487.0
2305,432,2026-04-20 04:20:06,Desktop,154616.0
2306,86,2024-01-14 18:08:56,Desktop,154616.0
2307,536,2026-03-15 06:17:24,Smart TV,344886.0
2308,285,2024-09-22 20:54:23,Unknown,162332.0
2309,591,2024-01-26 11:53:32,Mobile,203117.0
2310,568,2024-11-08 14:14:12,Web,394573.0
2311,836,2025-11-25 18:03:36,Tablet,69376.0
2312,1010,2026-03-18 07:34:59,Web,85997.0
2313,449,2024-09-17 12:01:33,Unknown,291226.0
2314,879,2026-07-06 19:59:14,Smart TV,222786.0
2315,725,2026-08-07 18:43:05,Web,77743.0
2316,1038,2024-07-22 10:48:05,Unknown,256163.0
2317,724,2025-11-01 19:55:00,Smart TV,370008.0
2318,1013,2024-08-09 15:48:28,Tablet,370193.0
2319,642,2024-09-03 05:36:58,Smart TV,54148.0
2320,969,2025-01-08 19:05:50,Tablet,115505.0
2321,596,2024-09-06 05:47:29,Tablet,184627.0
2322,1149,2024-08-11 23:54:59,Desktop,237926.0
2323,882,2025-09-03 12:16:39,Mobile,331385.0
2324,626,2024-11-22 02:10:08,Tablet,122682.0
2325,359,2025-06-28 09:47:56,Mobile,93100.0
2326,105,2025-04-13 07:10:30,Tablet,105008.0
2327,402,2025-08-03 01:39:47,Unknown,198184.0
2328,1004,2026-07-17 05:09:56,Web,358033.0
2329,708,2025-11-13 22:53:49,Tablet,154616.0
2330,59,2024-03-05 15:21:14,Web,81421.0
2331,226,2024-12-28 01:23:59,Unknown,181848.0
2332,10,2024-11-03 12:30:22,Tablet,22142.0
2333,193,2024-11-15 07:38:08,Desktop,162827.0
2334,951,2025-09-02 09:38:30,Unknown,164998.0
2335,477,2026-04-24 08:08:53,Web,297196.0
2336,386,2024-03-21 03:39:41,Web,65157.0
2337,1180,2024-01-30 10:00:14,Desktop,97487.0
2338,944,2026-04-16 09:37:08,Unknown,85809.0
2339,779,2026-07-16 06:40:09,Unknown,301179.0
2340,105,2025-06-20 13:14:01,Tablet,157602.0
2341,717,2024-12-22 10:39:05,Unknown,86138.0
2342,884,2024-02-11 21:58:38,Tablet,242475.0
2343,476,2024-11-27 03:24:50,Web,79708.0
2344,705,2026-04-28 13:00:55,Unknown,93920.0
2345,930,2025-12-16 01:08:16,Smart TV,248049.0
2346,382,2025-07-10 03:55:10,Smart TV,91083.0
2347,513,2025-01-29 03:28:33,Mobile,187073.0
2348,651,2026-04-30 17:19:01,Unknown,186215.0
2349,342,2026-02-18 15:29:18,Smart TV,80650.0
2350,59,2025-06-10 09:22:36,Unknown,191228.0
2351,906,2025-02-05 05:49:03,Mobile,45952.0
2352,869,2025-08-07 08:31:16,Desktop,57757.0
2353,42,2026-03-20 08:33:05,Mobile,253215.0
2354,893,2026-02-01 17:59:18,Mobile,290212.0
2355,676,2026-01-08 22:24:40,Desktop,339055.0
2356,858,2025-03-27 08:17:07,Desktop,127311.0
2357,441,2024-10-14 08:20:35,Tablet,229779.0
2358,1087,2026-09-07 01:24:03,Mobile,131611.0
2359,598,2025-10-27 05:32:36,Desktop,63812.0
2360,821,2024-10-31 13:20:07,Tablet,31195.0
2361,360,2026-03-15 08:38:55,Smart TV,44215.0
2362,741,2026-02-24 13:30:38,Tablet,159130.0
2363,131,2024-04-22 12:03:35,Web,144797.0
2364,530,2024-07-17 03:05:51,Unknown,159106.0
2365,613,2024-09-11 15:52:11,Mobile,287155.0
2366,79,2025-12-03 23:46:52,Tablet,323852.0
2367,991,2025-05-10 04:19:18,Mobile,274963.0
2368,836,2024-05-30 21:16:57,Smart TV,45262.0
2369,260,2025-02-03 12:22:09,Desktop,156300.0
2370,332,2025-06-05 04:03:40,Tablet,236060.0
2371,171,2026-01-31 01:57:02,Tablet,310166.0
2372,319,2024-06-09 03:33:58,Tablet,267733.0
2373,155,2026-03-16 11:43:59,Smart TV,134532.0
2374,992,2024-04-26 00:58:46,Unknown,153713.0
2375,925,2025-05-14 00:02:08,Tablet,98283.0
2376,166,2025-01-17 07:09:15,Mobile,60705.0
2377,22,2026-04-08 06:27:55,Smart TV,55960.0
2378,1067,2024-09-06 20:24:20,Desktop,114053.0
2379,635,2025-10-15 12:36:19,Web,305027.0
2380,1031,2025-02-13 16:28:41,Unknown,281570.0
2381,98,2024-10-05 00:18:35,Desktop,115451.0
2382,560,2025-02-21 16:43:13,Mobile,291126.0
2383,1099,2025-12-29 05:19:22,Tablet,102204.0
2384,198,2024-02-15 02:44:58,Unknown,248241.0
2385,271,2025-04-02 06:16:52,Web,55417.0
2386,206,2024-09-06 08:54:15,Tablet,114166.0
2387,636,2024-06-12 05:25:16,Unknown,29972.0
2388,1121,2024-06-22 13:10:03,Tablet,158943.0
2389,404,2025-12-02 02:47:45,Tablet,364113.0
2390,249,2026-01-11 23:11:55,Mobile,136902.0
2391,487,2025-07-04 20:35:00,Unknown,216605.0
2392,981,2024-09-08 13:50:56,Tablet,174804.0
2393,628,2025-10-25 17:41:53,Mobile,107005.0
2394,48,2024-12-28 04:42:40,Mobile,77315.0
2395,104,2026-09-16 17:15:13,Smart TV,355150.0
2396,495,2024-10-02 20:24:42,Unknown,167434.0
2397,1092,2026-05-08 22:05:15,Smart TV,90833.0
2398,14,2025-06-25 13:31:08,Tablet,65583.0
2399,165,2025-09-29 09:38:31,Web,221011.0
2400,745,2025-03-06 22:02:45,Web,169972.0
2401,694,2025-02-02 04:10:58,Smart TV,151508.0
2402,161,2024-08-29 15:59:25,Mobile,154998.0
2403,1027,2025-05-27 15:07:10,Desktop,231321.0
2404,1198,2024-12-28 14:35:32,Smart TV,76965.0
2405,903,2025-07-10 07:57:53,Smart TV,188562.0
2406,425,2025-04-14 03:35:03,Tablet,92274.0
2407,979,2026-02-04 10:25:51,Unknown,201445.0
2408,287,2024-08-10 23:51:28,Web,229535.0
2409,780,2026-09-11 02:30:23,Smart TV,82250.0
2410,361,2025-05-21 15:26:48,Web,76990.0
2411,227,2024-03-14 16:38:30,Web,103595.0
2412,357,2025-10-03 03:43:24,Desktop,159476.0
2413,231,2025-09-07 14:26:47,Desktop,388859.0
2414,852,2024-09-25 17:26:49,Web,50151.0
2415,773,2025-07-05 20:35:05,Smart TV,110187.0
2416,45,2024-08-09 13:44:27,Desktop,138137.0
2417,7,2024-01-29 10:07:57,Tablet,230888.0
2418,467,2025-02-15 08:15:55,Web,262949.0
2419,1181,2024-07-04 05:16:41,Tablet,292781.0
2420,233,2025-11-08 23:26:30,Smart TV,99112.0
2421,676,2025-09-04 08:07:16,Web,150125.0
2422,103,2025-01-21 05:17:05,Smart TV,204851.0
2423,349,2024-05-11 18:41:53,Tablet,97894.0
2424,395,2024-01-21 03:11:09,Tablet,194272.0
2425,821,2025-10-29 01:56:42,Unknown,158679.0
2426,918,2025-06-22 22:18:43,Tablet,210104.0
2427,517,2026-05-02 20:59:29,Tablet,195644.0
2428,920,2025-10-01 21:51:18,Desktop,52961.0
2429,219,2025-05-17 04:31:24,Smart TV,54679.0
2430,688,2025-03-03 12:57:34,Tablet,138691.0
2431,1095,2025-11-09 03:42:50,Mobile,372092.0
2432,887,2024-03-19 17:55:55,Unknown,59969.0
2433,642,2025-02-20 08:51:23,Mobile,73903.0
2434,345,2025-09-02 16:47:03,Web,264670.0
2435,919,2026-04-17 06:28:51,Mobile,272033.0
2436,858,2025-09-03 11:06:28,Tablet,116855.0
2437,1039,2024-03-13 03:13:43,Tablet,251213.0
2438,1190,2026-06-27 21:18:29,Desktop,35010.0
2439,97,2024-04-26 07:32:35,Mobile,154616.0
2440,873,2025-05-20 12:40:20,Desktop,77522.0
2441,236,2025-02-02 08:04:32,Smart TV,224784.0
2442,247,2026-04-01 08:48:49,Tablet,58535.0
2443,675,2024-10-01 21:03:31,Mobile,29205.0
2444,636,2025-12-06 21:55:12,Unknown,193019.0
2445,335,2025-09-07 13:00:26,Web,242928.0
2446,1032,2024-08-18 12:26:33,Desktop,235711.0
2447,1123,2026-02-15 04:30:08,Unknown,74271.0
2448,447,2025-09-10 23:00:52,Web,57175.0
2449,217,2025-03-24 09:54:54,Unknown,34718.0
2450,378,2024-11-26 20:18:12,Unknown,160771.0
2451,521,2026-05-02 17:58:08,Mobile,254411.0
2452,374,2025-12-24 06:50:24,Unknown,123391.0
2453,1111,2025-02-08 08:29:35,Web,143568.0
2454,201,2026-04-24 07:34:11,Web,184272.0
2455,479,2024-04-06 11:25:50,Mobile,214268.0
2456,497,2024-01-09 17:07:22,Unknown,124137.0
2457,692,2026-03-04 22:38:15,Unknown,58057.0
2458,627,2025-01-06 21:05:29,Web,187927.0
2459,66,2025-07-29 22:15:21,Mobile,126143.0
2460,944,2025-05-10 23:09:28,Unknown,265876.0
2461,191,2025-03-04 14:34:49,Desktop,209314.0
2462,442,2026-09-13 22:38:07,Smart TV,210959.0
2463,59,2025-05-04 04:57:16,Unknown,76699.0
2464,602,2024-01-12 06:33:46,Unknown,93859.0
2465,350,2026-01-22 09:50:38,Unknown,56621.0
2466,471,2026-04-10 02:13:58,Desktop,106179.0
2467,481,2025-03-20 11:23:02,Tablet,154616.0
2468,205,2025-10-26 11:17:12,Tablet,121052.0
2469,555,2024-06-08 01:07:19,Web,58702.0
2470,15,2025-12-15 21:52:44,Unknown,130887.0
2471,187,2024-04-30 18:44:29,Web,190588.0
2472,854,2024-10-07 00:17:37,Mobile,243297.0
2473,633,2025-05-21 12:47:58,Tablet,110875.0
2474,134,2026-07-07 07:00:34,Web,255082.0
2475,275,2024-11-03 11:49:30,Tablet,377379.0
2476,115,2025-06-04 06:31:12,Mobile,166554.0
2477,56,2025-10-20 07:16:06,Web,133467.0
2478,372,2026-02-06 21:02:27,Unknown,130135.0
2479,358,2024-09-04 17:29:11,Tablet,93672.0
2480,868,2025-09-06 06:18:30,Desktop,219312.0
2481,475,2025-07-04 13:58:15,Mobile,85144.0
2482,1110,2026-03-12 06:59:09,Tablet,154616.0
2483,473,2026-03-13 11:07:28,Desktop,84429.0
2484,603,2024-01-03 13:46:56,Unknown,139062.0
2485,385,2024-10-03 14:55:54,Unknown,87035.0
2486,1060,2025-07-05 22:00:34,Desktop,121243.0
2487,968,2025-01-14 03:43:58,Smart TV,219992.0
2488,894,2026-07-13 22:17:34,Smart TV,114041.0
2489,742,2026-04-11 10:29:04,Tablet,94461.0
2490,362,2025-01-27 22:34:53,Web,384244.0
2491,43,2025-04-05 09:47:36,Mobile,70486.0
2492,1183,2026-06-01 12:38:53,Tablet,110833.0
2493,1072,2026-04-06 22:37:36,Smart TV,319973.0
2494,17,2024-09-11 20:43:41,Smart TV,114807.0
2495,581,2024-11-30 07:37:43,Smart TV,157887.0
2496,830,2024-12-02 01:37:52,Tablet,124218.0
2497,1072,2024-07-25 00:09:53,Tablet,52725.0
2498,697,2024-10-07 04:57:54,Desktop,241665.0
2499,563,2024-10-18 22:13:42,Tablet,271909.0
2500,889,2025-03-16 16:22:58,Web,191412.0
2501,936,2024-01-17 14:52:33,Unknown,199937.0
2502,46,2026-06-12 15:46:24,Web,36995.0
2503,902,2026-07-18 02:59:12,Desktop,69468.0
2504,1073,2024-09-23 16:18:44,Web,63915.0
2505,858,2025-03-18 11:51:42,Tablet,23107.0
2506,1035,2025-03-08 00:43:41,Unknown,204038.0
2507,600,2024-09-24 20:29:50,Desktop,195958.0
2508,582,2025-12-11 07:33:15,Unknown,188102.0
2509,891,2025-08-12 18:49:40,Web,141389.0
2510,664,2026-02-16 00:36:20,Smart TV,261789.0
2511,1181,2026-03-20 08:20:58,Desktop,199858.0
2512,542,2026-07-11 06:28:43,Smart TV,176790.0
2513,1100,2025-08-24 06:06:36,Mobile,183664.0
2514,616,2026-09-08 01:12:43,Unknown,316246.0
2515,493,2025-07-05 11:47:11,Smart TV,307409.0
2516,354,2026-02-12 13:42:14,Mobile,366786.0
2517,843,2026-02-17 09:04:45,Desktop,159485.0
2518,834,2026-05-30 20:21:46,Desktop,307488.0
2519,662,2025-06-08 12:46:19,Mobile,129015.0
2520,45,2026-02-27 02:53:35,Tablet,197030.0
2521,1184,2025-01-21 21:53:05,Tablet,86056.0
2522,427,2024-01-02 10:42:08,Web,119697.0
2523,302,2026-07-17 17:49:49,Smart TV,149368.0
2524,100,2026-07-01 07:52:22,Mobile,176231.0
2525,398,2026-02-04 15:22:52,Web,64716.0
2526,433,2025-10-05 21:40:05,Tablet,132245.0
2527,774,2026-02-04 08:54:20,Mobile,131964.0
2528,309,2024-07-19 08:05:43,Mobile,140090.0
2529,977,2026-01-01 01:44:27,Mobile,212465.0
2530,915,2024-11-04 10:11:32,Smart TV,267309.0
2531,355,2025-11-22 15:03:15,Smart TV,234043.0
2532,911,2025-07-05 11:24:06,Tablet,165937.0
2533,1001,2026-04-13 18:03:18,Web,63074.0
2534,559,2025-12-01 10:26:38,Tablet,184814.0
2535,685,2024-05-21 21:23:16,Unknown,137630.0
2536,942,2026-03-17 09:14:19,Desktop,279664.0
2537,976,2025-02-02 16:57:24,Mobile,196612.0
2538,544,2026-06-12 05:28:19,Smart TV,55553.0
2539,957,2024-12-29 02:55:53,Desktop,86585.0
2540,611,2024-03-31 02:46:05,Desktop,162547.0
2541,426,2024-03-01 22:38:45,Unknown,208956.0
2542,96,2025-08-07 10:06:46,Web,175918.0
2543,816,2024-12-31 18:25:53,Unknown,79203.0
2544,540,2024-12-17 08:53:23,Web,166807.0
2545,866,2025-01-09 08:57:23,Desktop,81172.0
2546,267,2026-08-22 14:59:11,Unknown,179749.0
2547,28,2026-06-01 01:20:25,Tablet,66867.0
2548,162,2024-03-12 02:10:55,Tablet,269226.0
2549,741,2026-04-24 15:20:35,Tablet,61277.0
2550,1028,2025-08-04 21:32:18,Mobile,140810.0
2551,178,2025-07-14 03:42:23,Unknown,176871.0
2552,918,2026-03-17 10:04:25,Unknown,131878.0
2553,628,2025-04-26 16:20:09,Unknown,106384.0
2554,837,2025-06-07 17:43:33,Smart TV,177707.0
2555,1196,2025-02-25 14:33:35,Smart TV,291531.0
2556,1122,2026-06-25 05:21:41,Web,154616.0
2557,273,2025-01-12 14:42:48,Web,84812.0
2558,35,2025-06-23 23:22:15,Desktop,122243.0
2559,477,2025-12-09 08:25:50,Unknown,50690.0
2560,381,2025-05-23 15:23:38,Web,258217.0
2561,570,2026-05-08 17:31:09,Smart TV,165251.0
2562,358,2026-07-25 05:39:50,Mobile,38207.0
2563,443,2026-06-15 03:12:45,Web,159572.0
2564,993,2024-11-10 16:25:22,Tablet,267632.0
2565,185,2024-09-16 16:31:18,Desktop,211092.0
2566,535,2025-04-11 10:53:40,Mobile,185698.0
2567,385,2024-12-01 22:03:11,Unknown,105176.0
2568,341,2026-07-27 08:13:33,Desktop,223941.0
2569,732,2024-03-25 19:33:41,Smart TV,165195.0
2570,848,2024-11-13 18:05:29,Mobile,102537.0
2571,417,2026-07-29 13:20:33,Mobile,61342.0
2572,290,2024-12-29 18:43:06,Smart TV,87489.0
2573,652,2025-07-01 02:51:33,Tablet,91864.0
2574,1102,2025-01-08 23:13:04,Tablet,61968.0
2575,672,2024-12-17 22:40:07,Tablet,40348.0
2576,622,2025-12-23 02:45:58,Tablet,301868.0
2577,769,2024-12-04 13:08:37,Mobile,194403.0
2578,772,2025-04-16 12:34:01,Tablet,205185.0
2579,421,2026-08-23 03:32:07,Tablet,187349.0
2580,188,2025-07-14 01:29:40,Tablet,284995.0
2581,134,2026-04-18 09:24:02,Desktop,211944.0
2582,355,2024-11-15 05:42:56,Web,56879.0
2583,1177,2025-04-19 08:49:00,Tablet,276378.0
2584,209,2024-06-26 02:18:18,Desktop,174897.0
2585,605,2024-04-02 03:10:23,Desktop,78892.0
2586,511,2024-03-26 12:06:00,Desktop,178649.0
2587,111,2026-09-02 02:17:07,Mobile,158635.0
2588,630,2024-10-30 00:22:25,Unknown,145146.0
2589,205,2026-07-04 01:43:39,Smart TV,210825.0
2590,739,2025-09-20 19:59:22,Web,82913.0
2591,936,2025-02-20 15:44:03,Web,91034.0
2592,622,2024-05-02 20:19:45,Tablet,252431.0
2593,202,2024-05-24 14:48:15,Tablet,202509.0
2594,547,2024-12-15 05:33:34,Mobile,51064.0
2595,211,2024-01-24 15:16:05,Unknown,232191.0
2596,784,2025-10-18 13:51:17,Mobile,246126.0
2597,1079,2025-10-13 04:49:15,Unknown,76889.0
2598,253,2025-02-18 19:29:55,Desktop,90332.0
2599,312,2025-12-04 03:02:53,Unknown,256764.0
2600,824,2024-06-23 23:40:47,Tablet,191093.0
2601,782,2026-09-04 05:18:57,Web,27973.0
2602,1017,2025-08-09 03:08:38,Tablet,154616.0
2603,472,2024-05-22 23:05:18,Unknown,249889.0
2604,721,2025-05-19 04:42:54,Smart TV,217505.0
2605,101,2025-12-21 07:19:36,Unknown,64967.0
2606,949,2026-07-23 09:43:59,Unknown,111290.0
2607,264,2024-09-17 06:58:03,Desktop,243742.0
2608,717,2024-03-31 10:44:57,Mobile,84818.0
2609,679,2025-11-24 18:37:52,Mobile,247265.0
2610,302,2026-07-24 23:00:05,Smart TV,268942.0
2611,90,2024-10-21 20:06:46,Desktop,36986.0
2612,537,2024-01-14 15:14:14,Smart TV,273420.0
2613,540,2025-04-06 14:31:55,Web,208119.0
2614,86,2026-01-05 21:06:05,Unknown,58573.0
2615,1030,2026-01-16 21:16:41,Unknown,193897.0
2616,532,2024-07-28 01:17:03,Unknown,80199.0
2617,726,2025-03-17 04:53:54,Tablet,115984.0
2618,1042,2026-08-06 18:35:05,Web,158869.0
2619,872,2025-12-14 22:19:52,Desktop,143086.0
2620,798,2025-11-05 01:54:36,Desktop,160940.0
2621,48,2026-06-24 03:12:38,Desktop,382667.0
2622,1139,2025-01-26 00:19:55,Tablet,344145.0
2623,568,2025-11-12 16:16:57,Tablet,378918.0
2624,32,2024-08-07 18:31:47,Unknown,52503.0
2625,526,2026-05-27 18:58:15,Web,220322.0
2626,504,2025-07-27 06:08:04,Web,297199.0
2627,151,2025-08-26 04:26:35,Unknown,123703.0
2628,98,2026-09-07 13:10:07,Tablet,58653.0
2629,491,2025-08-25 13:02:57,Smart TV,326334.0
2630,972,2024-08-08 23:17:14,Unknown,33419.0
2631,453,2024-05-09 23:56:20,Tablet,303653.0
2632,524,2026-06-04 18:35:16,Unknown,272741.0
2633,1083,2026-02-05 15:04:06,Unknown,163462.0
2634,306,2025-08-30 06:04:22,Unknown,174935.0
2635,1096,2025-11-10 06:45:23,Desktop,360991.0
2636,1099,2026-07-11 00:03:31,Desktop,238455.0
2637,316,2024-09-08 13:35:57,Tablet,105023.0
2638,1054,2024-12-17 15:33:00,Smart TV,119906.0
2639,994,2026-07-17 14:54:34,Tablet,139677.0
2640,818,2024-10-12 11:47:40,Web,299230.0
2641,575,2025-08-11 11:50:57,Desktop,164799.0
2642,163,2024-08-24 13:00:46,Smart TV,153304.0
2643,661,2026-07-07 12:32:49,Tablet,243434.0
2644,325,2026-08-03 18:18:42,Tablet,220155.0
2645,937,2026-09-15 10:03:52,Unknown,47634.0
2646,597,2025-06-23 14:02:43,Desktop,151770.0
2647,878,2025-03-30 11:46:06,Unknown,232206.0
2648,242,2026-03-19 22:28:04,Web,188360.0
2649,459,2024-10-01 22:19:23,Mobile,166877.0
2650,734,2026-03-08 23:20:59,Tablet,147043.0
2651,826,2025-03-27 19:16:27,Unknown,130300.0
2652,17,2026-07-24 01:48:50,Unknown,142429.0
2653,1033,2026-04-17 06:41:16,Desktop,64784.0
2654,78,2024-03-28 11:54:57,Desktop,121176.0
2655,354,2026-08-02 10:13:22,Tablet,105460.0
2656,441,2024-11-08 21:51:09,Tablet,74587.0
2657,100,2025-08-04 22:52:49,Unknown,219727.0
2658,101,2026-09-04 03:00:54,Mobile,201391.0
2659,563,2024-01-09 07:25:36,Mobile,118514.0
2660,148,2026-05-08 12:08:51,Desktop,351040.0
2661,768,2026-03-24 19:11:12,Smart TV,86762.0
2662,214,2026-08-08 12:35:40,Mobile,171466.0
2663,707,2024-09-07 21:19:38,Tablet,63890.0
2664,896,2025-05-11 09:43:58,Smart TV,283325.0
2665,283,2025-05-22 04:57:10,Desktop,63781.0
2666,810,2026-08-05 10:52:59,Tablet,151713.0
2667,314,2025-12-28 19:19:21,Smart TV,272854.0
2668,315,2026-04-02 18:15:07,Mobile,99799.0
2669,732,2024-11-24 23:37:46,Desktop,153206.0
2670,41,2025-11-20 18:05:59,Tablet,190256.0
2671,285,2024-04-01 05:46:43,Desktop,144794.0
2672,760,2025-02-11 17:23:32,Unknown,144025.0
2673,810,2024-01-03 16:13:53,Mobile,139391.0
2674,985,2026-04-30 12:30:09,Tablet,73370.0
2675,1167,2026-08-18 03:38:34,Smart TV,238502.0
2676,768,2025-01-14 02:29:41,Web,47901.0
2677,613,2024-04-08 11:10:15,Desktop,209616.0
2678,206,2025-03-15 10:02:02,Unknown,204026.0
2679,501,2025-06-13 23:27:02,Web,163411.0
2680,902,2025-03-31 15:48:54,Tablet,150651.0
2681,76,2025-05-07 00:40:56,Tablet,101305.0
2682,540,2025-10-26 07:39:17,Smart TV,194795.0
2683,1100,2025-04-27 23:55:46,Smart TV,112460.0
2684,1155,2024-06-27 05:07:43,Web,214601.0
2685,111,2025-05-13 14:44:33,Web,369557.0
2686,231,2024-12-20 07:39:51,Mobile,173890.0
2687,105,2025-11-10 01:44:17,Unknown,63388.0
2688,517,2025-04-18 16:33:38,Tablet,314748.0
2689,539,2024-09-03 02:36:45,Unknown,249910.0
2690,1099,2025-05-10 04:51:37,Smart TV,84612.0
2691,1025,2024-12-10 14:36:37,Web,95881.0
2692,1000,2024-11-12 03:28:02,Unknown,141855.0
2693,767,2025-04-23 07:47:28,Desktop,255498.0
2694,297,2025-07-03 13:21:06,Mobile,365173.0
2695,1193,2026-03-15 12:31:30,Smart TV,164719.0
2696,742,2026-08-08 18:15:43,Mobile,71839.0
2697,319,2026-03-17 19:19:46,Unknown,332428.0
2698,241,2026-03-06 07:02:31,Unknown,123319.0
2699,619,2025-03-30 00:04:06,Web,72093.0
2700,821,2026-04-06 21:35:12,Unknown,182387.0
2701,197,2024-09-17 17:56:19,Unknown,188471.0
2702,503,2024-10-24 04:31:56,Tablet,193133.0
2703,697,2024-02-12 18:52:01,Web,297689.0
2704,764,2026-01-01 14:39:06,Desktop,63981.0
2705,796,2024-04-13 00:42:09,Unknown,35997.0
2706,64,2025-11-05 01:25:52,Mobile,136196.0
2707,785,2025-04-16 20:51:15,Mobile,185293.0
2708,1002,2025-07-10 15:44:45,Tablet,154832.0
2709,641,2024-11-17 03:33:47,Mobile,153403.0
2710,748,2025-08-15 08:36:18,Tablet,219937.0
2711,869,2025-03-31 14:37:45,Desktop,204233.0
2712,878,2025-05-13 08:44:37,Web,132093.0
2713,1080,2025-08-31 14:50:14,Desktop,34599.0
2714,273,2025-06-30 19:36:00,Desktop,62676.0
2715,473,2026-03-31 12:34:33,Tablet,295933.0
2716,15,2024-03-17 09:54:25,Web,97114.0
2717,338,2025-05-19 23:07:43,Smart TV,136547.0
2718,830,2026-05-21 08:11:33,Unknown,140949.0
2719,1163,2025-02-27 16:04:45,Unknown,297634.0
2720,549,2025-06-16 00:48:49,Unknown,120760.0
2721,23,2025-11-11 01:52:36,Desktop,237310.0
2722,746,2026-03-03 22:53:49,Desktop,142629.0
2723,799,2026-04-24 00:55:01,Web,136715.0
2724,372,2026-08-29 15:06:45,Tablet,67774.0
2725,542,2025-12-25 02:29:13,Tablet,54508.0
2726,800,2025-03-15 21:14:10,Unknown,51498.0
2727,264,2026-09-06 07:08:26,Web,326633.0
2728,341,2024-11-26 05:47:29,Mobile,229224.0
2729,1200,2025-05-15 23:22:16,Desktop,209662.0
2730,683,2026-04-09 22:31:33,Web,285256.0
2731,925,2026-09-13 09:36:56,Web,129343.0
2732,440,2024-07-04 13:38:43,Web,245077.0
2733,157,2024-04-22 18:57:38,Tablet,41836.0
2734,702,2024-03-28 07:47:07,Tablet,84063.0
2735,38,2025-12-04 12:18:39,Unknown,65353.0
2736,1106,2024-04-12 21:35:40,Unknown,58255.0
2737,879,2025-06-09 10:57:20,Web,184203.0
2738,1018,2026-08-19 02:55:21,Desktop,64806.0
2739,58,2026-08-26 02:42:44,Desktop,82618.0
2740,498,2024-11-27 09:43:11,Mobile,363303.0
2741,379,2025-03-29 06:09:09,Mobile,123814.0
2742,401,2024-01-02 18:30:05,Web,138970.0
2743,960,2026-07-18 17:34:55,Smart TV,39634.0
2744,990,2025-03-21 03:56:49,Smart TV,217536.0
2745,773,2024-05-27 21:58:48,Unknown,107251.0
2746,989,2025-12-06 02:23:28,Mobile,232020.0
2747,1022,2024-05-30 01:31:18,Tablet,132173.0
2748,809,2025-07-28 01:47:45,Smart TV,265427.0
2749,1177,2024-08-15 01:37:41,Desktop,92166.0
2750,793,2026-05-15 10:49:37,Web,152020.0
2751,880,2025-04-23 10:52:06,Smart TV,79311.0
2752,76,2024-11-26 08:23:57,Web,150326.0
2753,1166,2024-02-03 20:33:17,Unknown,273835.0
2754,32,2024-08-22 10:51:47,Mobile,88416.0
2755,923,2025-11-30 01:55:57,Web,43467.0
2756,1145,2025-08-10 03:38:06,Desktop,97294.0
2757,1187,2025-02-04 16:54:49,Desktop,336867.0
2758,242,2026-09-10 12:05:30,Desktop,262706.0
2759,816,2026-01-16 05:02:39,Desktop,245773.0
2760,823,2026-03-25 00:07:31,Tablet,103742.0
2761,52,2025-07-17 18:34:12,Tablet,136236.0
2762,22,2024-05-24 21:58:19,Web,137103.0
2763,1117,2024-08-24 18:19:52,Tablet,205286.0
2764,170,2024-01-05 14:51:50,Web,116243.0
2765,173,2025-05-06 11:20:28,Tablet,159599.0
2766,446,2026-03-01 12:34:00,Unknown,88166.0
2767,167,2024-11-07 01:42:51,Desktop,365841.0
2768,1113,2024-09-07 06:53:44,Tablet,38121.0
2769,1194,2025-12-24 17:33:21,Desktop,154616.0
2770,695,2026-04-07 21:57:03,Smart TV,145514.0
2771,167,2026-05-27 17:41:32,Web,293843.0
2772,842,2025-05-27 16:27:11,Web,314093.0
2773,151,2024-05-12 09:14:06,Mobile,320142.0
2774,676,2024-04-05 14:16:41,Unknown,140776.0
2775,1138,2025-08-27 11:40:42,Tablet,75713.0
2776,531,2024-04-28 20:17:33,Smart TV,111655.0
2777,952,2026-06-05 15:51:32,Web,154616.0
2778,460,2024-11-13 11:49:05,Unknown,246733.0
2779,932,2025-11-23 23:07:13,Mobile,254490.0
2780,968,2026-02-17 08:36:16,Web,39310.0
2781,1189,2026-03-21 15:17:56,Smart TV,153629.0
2782,683,2026-07-23 18:11:59,Web,293964.0
2783,239,2026-03-09 00:00:42,Tablet,85916.0
2784,89,2025-08-23 11:02:56,Unknown,209323.0
2785,445,2026-05-13 04:15:44,Smart TV,116155.0
2786,41,2026-05-27 12:24:43,Mobile,313464.0
2787,932,2025-08-31 21:15:03,Tablet,323751.0
2788,613,2026-04-02 17:22:43,Mobile,156668.0
2789,105,2025-05-10 20:58:34,Smart TV,151928.0
2790,742,2024-10-23 12:46:58,Tablet,164814.0
2791,1158,2026-03-20 16:35:57,Tablet,106802.0
2792,431,2024-10-30 18:27:21,Unknown,137574.0
2793,51,2026-02-15 07:23:56,Web,240890.0
2794,779,2025-06-25 12:42:07,Smart TV,154616.0
2795,777,2026-01-10 21:29:09,Unknown,151173.0
2796,836,2024-03-10 07:57:17,Tablet,114467.0
2797,976,2024-02-04 22:44:53,Smart TV,316547.0
2798,935,2025-03-25 21:42:17,Unknown,106490.0
2799,421,2025-08-06 20:34:15,Smart TV,264942.0
2800,457,2025-05-23 17:03:18,Smart TV,106331.0
2801,143,2025-11-17 03:06:33,Desktop,66476.0
2802,733,2024-05-06 04:44:01,Desktop,239325.0
2803,67,2025-02-20 19:38:51,Desktop,283676.0
2804,589,2024-07-25 05:58:11,Desktop,115312.0
2805,107,2026-03-17 05:12:36,Desktop,109336.0
2806,517,2024-10-13 13:48:07,Unknown,53837.0
2807,57,2026-05-04 13:45:25,Unknown,127447.0
2808,465,2025-11-27 00:05:02,Desktop,85068.0
2809,391,2024-12-15 15:56:03,Desktop,136849.0
2810,626,2024-04-02 04:58:16,Unknown,157403.0
2811,100,2024-02-03 13:55:40,Tablet,331767.0
2812,1139,2024-12-10 10:27:32,Web,218828.0
2813,503,2024-04-19 04:14:23,Web,282777.0
2814,342,2025-01-05 12:44:43,Tablet,220390.0
2815,14,2024-11-27 09:00:50,Web,319337.0
2816,271,2025-01-08 12:07:29,Smart TV,237678.0
2817,1128,2025-06-26 23:12:43,Mobile,347613.0
2818,370,2024-02-13 08:19:34,Desktop,267736.0
2819,251,2024-09-12 02:44:11,Mobile,198471.0
2820,668,2025-07-27 14:36:37,Tablet,337680.0
2821,1182,2025-11-08 04:47:44,Tablet,236651.0
2822,992,2024-06-12 18:54:38,Unknown,195413.0
2823,157,2024-09-14 05:44:04,Smart TV,161490.0
2824,356,2025-08-13 04:07:04,Smart TV,155972.0
2825,635,2024-11-03 04:10:54,Desktop,170824.0
2826,1110,2025-07-24 18:26:35,Web,154616.0
2827,161,2025-12-19 01:30:16,Web,85487.0
2828,163,2024-06-02 00:46:19,Unknown,57942.0
2829,8,2024-03-25 17:48:27,Web,158875.0
2830,137,2025-02-11 10:01:40,Unknown,169276.0
2831,140,2024-02-26 09:47:46,Smart TV,93928.0
2832,655,2025-10-27 00:39:07,Smart TV,167385.0
2833,1170,2025-04-03 09:12:23,Desktop,91967.0
2834,816,2024-02-26 17:31:22,Web,180722.0
2835,1112,2026-08-12 06:52:05,Web,95300.0
2836,1040,2026-09-02 17:57:52,Tablet,56017.0
2837,443,2025-02-11 19:28:31,Mobile,154616.0
2838,181,2026-06-04 09:27:08,Desktop,156840.0
2839,470,2024-05-17 14:36:43,Unknown,156950.0
2840,1089,2024-12-16 18:12:37,Smart TV,131469.0
2841,15,2024-04-07 13:17:18,Smart TV,55565.0
2842,1017,2025-09-15 17:35:58,Desktop,178609.0
2843,718,2024-03-16 20:48:22,Tablet,60349.0
2844,317,2025-07-16 12:50:46,Desktop,48633.0
2845,1158,2025-04-05 00:08:11,Desktop,347394.0
2846,977,2025-08-22 12:23:45,Mobile,232709.0
2847,704,2025-07-02 22:59:49,Mobile,282633.0
2848,159,2025-03-15 07:40:57,Mobile,175181.0
2849,579,2025-09-07 06:00:10,Smart TV,297752.0
2850,685,2026-04-30 16:43:46,Web,123588.0
2851,376,2024-11-02 20:26:09,Tablet,255232.0
2852,844,2024-06-11 14:02:05,Tablet,43724.0
2853,1118,2024-08-31 02:33:06,Smart TV,65563.0
2854,921,2024-08-29 23:30:41,Smart TV,178778.0
2855,352,2026-06-22 09:23:21,Desktop,86730.0
2856,702,2026-05-30 11:04:45,Smart TV,122076.0
2857,338,2025-09-10 13:42:14,Smart TV,152035.0
2858,630,2024-08-16 18:52:44,Desktop,246004.0
2859,1171,2024-02-18 08:14:33,Mobile,68074.0
2860,608,2024-05-08 10:40:05,Mobile,173231.0
2861,63,2026-01-08 01:48:52,Mobile,154616.0
2862,859,2025-12-16 12:54:03,Desktop,177220.0
2863,590,2026-06-19 06:06:32,Unknown,112770.0
2864,284,2024-05-08 13:19:28,Mobile,61754.0
2865,453,2025-02-26 21:49:50,Mobile,131420.0
2866,550,2026-08-03 22:55:13,Unknown,350857.0
2867,681,2024-05-31 16:59:39,Mobile,84612.0
2868,943,2024-07-07 06:38:11,Web,149058.0
2869,1007,2026-09-10 11:57:05,Mobile,116505.0
2870,24,2025-10-11 02:23:41,Tablet,176657.0
2871,457,2024-08-10 12:00:48,Web,286555.0
2872,919,2026-03-31 11:08:50,Unknown,95329.0
2873,497,2026-05-04 23:34:13,Unknown,151387.0
2874,851,2026-07-22 17:31:24,Mobile,190315.0
2875,723,2024-09-12 21:40:04,Smart TV,40770.0
2876,335,2026-01-29 10:57:58,Smart TV,166042.0
2877,665,2024-01-11 01:33:17,Tablet,219165.0
2878,33,2025-08-11 01:22:52,Smart TV,178312.0
2879,616,2026-05-12 16:30:12,Unknown,176992.0
2880,639,2024-11-04 05:18:10,Unknown,116110.0
2881,666,2024-11-21 09:27:33,Web,262814.0
2882,361,2025-10-18 09:03:02,Tablet,59662.0
2883,295,2026-01-11 02:13:37,Web,255680.0
2884,549,2026-08-26 20:47:09,Desktop,130747.0
2885,1177,2025-02-13 21:23:22,Desktop,41460.0
2886,376,2026-03-21 12:37:30,Tablet,101497.0
2887,456,2024-12-08 16:37:37,Tablet,53263.0
2888,202,2026-07-02 08:03:28,Desktop,73706.0
2889,568,2024-12-14 09:02:58,Desktop,280465.0
2890,104,2024-07-04 08:22:26,Desktop,191415.0
2891,313,2024-10-27 17:19:04,Tablet,252433.0
2892,1104,2025-01-18 06:56:58,Mobile,174645.0
2893,496,2024-08-23 12:37:41,Smart TV,53381.0
2894,99,2024-05-08 09:02:56,Mobile,331281.0
2895,999,2025-12-26 03:16:06,Tablet,119112.0
2896,1022,2024-02-25 21:23:58,Unknown,338442.0
2897,108,2024-10-06 05:31:47,Unknown,60462.0
2898,613,2026-08-27 12:24:40,Tablet,151029.0
2899,321,2025-01-15 13:33:13,Desktop,201170.0
2900,1046,2026-03-31 01:17:45,Mobile,251017.0
2901,187,2026-05-14 09:04:58,Web,321829.0
2902,44,2024-12-23 08:07:37,Web,247062.0
2903,141,2025-09-23 17:07:42,Web,40831.0
2904,734,2025-05-23 04:24:55,Desktop,262078.0
2905,356,2026-09-08 18:44:53,Web,195450.0
2906,839,2024-09-08 00:38:07,Unknown,197979.0
2907,841,2024-05-17 02:42:36,Unknown,137986.0
2908,747,2026-07-02 15:44:58,Mobile,58116.0
2909,939,2025-03-22 02:39:48,Mobile,69861.0
2910,644,2025-09-13 20:28:31,Web,225858.0
2911,861,2025-09-01 16:12:58,Desktop,122115.0
2912,442,2025-12-10 15:22:52,Mobile,59152.0
2913,78,2024-04-21 01:36:24,Smart TV,38184.0
2914,197,2026-05-19 01:49:20,Smart TV,203016.0
2915,1052,2025-06-21 18:14:05,Desktop,230569.0
2916,79,2024-10-14 14:13:34,Desktop,259674.0
2917,1137,2025-06-19 04:08:46,Unknown,141638.0
2918,1098,2026-01-21 12:49:38,Web,61080.0
2919,862,2026-08-11 21:41:43,Unknown,33984.0
2920,73,2025-11-07 21:31:31,Smart TV,210178.0
2921,1141,2025-07-03 05:50:12,Mobile,98085.0
2922,25,2025-05-05 05:40:58,Mobile,248121.0
2923,1135,2024-04-24 10:34:21,Smart TV,149357.0
2924,432,2024-12-26 15:17:26,Desktop,153614.0
2925,59,2026-09-09 19:25:22,Tablet,105260.0
2926,909,2026-09-02 18:56:53,Tablet,170213.0
2927,761,2024-04-15 23:21:28,Web,143852.0
2928,1124,2024-07-28 14:59:16,Smart TV,133907.0
2929,985,2024-09-26 20:32:43,Tablet,58560.0
2930,1055,2026-01-10 15:12:49,Tablet,200812.0
2931,692,2026-02-20 17:53:31,Web,308791.0
2932,726,2025-03-17 01:39:15,Web,156842.0
2933,824,2024-07-31 11:03:22,Tablet,81783.0
2934,100,2026-07-27 22:47:07,Desktop,264309.0
2935,34,2026-01-07 01:10:43,Web,55232.0
2936,878,2024-12-05 07:47:19,Smart TV,99507.0
2937,988,2026-03-24 08:48:33,Smart TV,39917.0
2938,1015,2025-12-05 20:17:14,Desktop,156495.0
2939,852,2024-04-20 13:30:50,Desktop,122587.0
2940,26,2026-05-22 03:46:05,Desktop,54311.0
2941,768,2026-09-05 10:33:40,Mobile,76948.0
2942,701,2024-10-29 21:28:33,Unknown,207944.0
2943,75,2025-11-12 20:31:10,Desktop,153119.0
2944,1164,2026-05-16 18:03:28,Tablet,141725.0
2945,1045,2025-05-04 04:55:08,Smart TV,172453.0
2946,440,2024-01-14 07:21:42,Desktop,277861.0
2947,1078,2024-08-13 02:09:50,Web,39759.0
2948,458,2024-11-16 05:43:49,Desktop,182090.0
2949,37,2025-05-18 10:07:15,Tablet,38966.0
2950,846,2024-11-17 09:53:02,Tablet,147587.0
2951,1017,2025-12-10 07:05:13,Smart TV,111011.0
2952,322,2024-05-28 12:15:48,Unknown,52800.0
2953,828,2024-02-27 00:09:07,Desktop,109628.0
2954,460,2026-07-07 10:26:53,Smart TV,42703.0
2955,925,2026-05-23 03:43:00,Web,55519.0
2956,1063,2025-07-31 01:34:58,Tablet,229375.0
2957,340,2026-03-01 18:27:12,Mobile,154616.0
2958,846,2025-02-16 15:42:18,Mobile,50682.0
2959,369,2024-08-10 21:05:05,Web,46828.0
2960,565,2025-05-12 23:06:55,Smart TV,181882.0
2961,397,2025-03-02 03:01:05,Tablet,89560.0
2962,662,2026-04-29 20:05:06,Web,334189.0
2963,621,2024-11-06 05:39:14,Web,26370.0
2964,1138,2024-06-01 09:08:27,Desktop,144891.0
2965,145,2024-09-07 16:48:08,Web,65784.0
2966,86,2024-08-19 02:40:56,Tablet,333808.0
2967,65,2025-12-13 05:33:08,Tablet,136806.0
2968,250,2026-07-31 09:35:46,Desktop,335799.0
2969,1176,2025-02-22 00:13:59,Smart TV,176500.0
2970,190,2026-06-13 18:15:14,Mobile,150032.0
2971,1189,2026-04-03 22:24:52,Smart TV,47058.0
2972,293,2026-06-28 11:03:36,Tablet,297059.0
2973,433,2024-10-23 02:18:28,Mobile,362498.0
2974,576,2024-04-05 07:12:32,Mobile,301570.0
2975,1152,2025-10-10 03:46:14,Web,137691.0
2976,176,2025-12-15 08:25:37,Smart TV,73577.0
2977,5,2024-11-13 11:21:10,Smart TV,153711.0
2978,3,2025-08-09 10:00:30,Smart TV,269522.0
2979,929,2024-04-12 10:46:25,Tablet,271545.0
2980,436,2024-03-11 00:47:34,Web,82460.0
2981,799,2024-10-05 11:27:28,Desktop,128503.0
2982,938,2024-12-01 17:11:57,Smart TV,170918.0
2983,549,2024-01-28 08:06:01,Smart TV,127313.0
2984,544,2024-09-21 22:30:33,Tablet,250318.0
2985,922,2024-01-04 22:00:02,Mobile,213050.0
2986,469,2025-02-06 22:23:12,Unknown,68034.0
2987,829,2026-09-13 10:56:21,Mobile,39745.0
2988,460,2024-06-20 15:31:58,Desktop,205451.0
2989,134,2025-12-20 23:30:59,Smart TV,33841.0
2990,495,2024-03-30 01:19:05,Tablet,75144.0
2991,832,2025-10-21 12:05:53,Desktop,103760.0
2992,660,2024-08-19 14:25:26,Mobile,65608.0
2993,126,2024-10-14 16:02:58,Smart TV,139227.0
2994,616,2026-06-16 20:26:27,Tablet,168085.0
2995,1063,2025-08-28 09:53:22,Smart TV,154809.0
2996,25,2026-07-08 23:39:08,Mobile,113782.0
2997,110,2026-08-01 16:36:08,Mobile,154616.0
2998,911,2025-05-12 08:04:47,Web,157553.0
2999,405,2026-04-08 07:21:15,Smart TV,316806.0
3000,1081,2024-04-15 04:01:42,Mobile,336370.0
3001,1176,2025-12-21 15:24:19,Web,325090.0
3002,49,2024-06-23 03:22:46,Web,136702.0
3003,685,2026-05-19 21:33:03,Desktop,156394.0
3004,478,2025-11-12 18:53:44,Smart TV,125491.0
3005,702,2025-01-18 05:53:22,Smart TV,59852.0
3006,55,2026-04-18 07:41:11,Mobile,179763.0
3007,114,2024-11-14 22:28:16,Desktop,136846.0
3008,788,2025-10-03 14:43:01,Smart TV,325424.0
3009,229,2026-09-07 22:20:02,Desktop,186403.0
3010,213,2025-04-10 07:52:51,Smart TV,197852.0
3011,317,2024-10-06 18:26:36,Desktop,113574.0
3012,1148,2026-04-22 12:42:23,Web,177251.0
3013,499,2026-05-05 22:38:11,Smart TV,62810.0
3014,1134,2025-04-09 03:22:02,Desktop,138431.0
3015,561,2025-08-13 07:18:33,Smart TV,238080.0
3016,800,2025-03-26 01:12:54,Tablet,117825.0
3017,208,2025-05-04 08:20:14,Desktop,308997.0
3018,243,2026-06-20 04:25:16,Smart TV,166960.0
3019,1142,2025-09-19 06:50:38,Web,264608.0
3020,806,2024-11-05 14:35:13,Unknown,101849.0
3021,918,2024-01-16 03:42:00,Unknown,260192.0
3022,672,2025-01-04 17:41:40,Desktop,12570.0
3023,487,2024-09-13 04:49:03,Mobile,163864.0
3024,1108,2025-02-08 14:28:25,Desktop,166668.0
3025,742,2024-11-25 04:35:33,Mobile,218757.0
3026,675,2024-01-25 22:36:53,Mobile,101034.0
3027,15,2024-02-19 02:55:12,Mobile,267058.0
3028,114,2024-03-26 11:53:41,Tablet,93009.0
3029,942,2024-07-16 20:27:22,Unknown,110955.0
3030,1054,2024-03-24 05:04:20,Mobile,192072.0
3031,97,2025-11-19 20:14:41,Desktop,134384.0
3032,1088,2026-05-24 11:01:48,Tablet,137089.0
3033,105,2026-02-21 20:24:49,Desktop,244658.0
3034,447,2024-03-16 02:14:02,Mobile,77774.0
3035,1012,2025-11-23 16:58:26,Smart TV,344987.0
3036,744,2024-11-20 15:15:17,Mobile,68924.0
3037,1087,2025-07-14 04:57:33,Desktop,295261.0
3038,168,2025-06-22 14:28:38,Smart TV,254650.0
3039,130,2025-10-15 22:55:35,Mobile,221552.0
3040,319,2024-07-13 15:03:13,Unknown,148247.0
3041,894,2025-09-14 08:41:31,Unknown,161744.0
3042,136,2025-02-27 16:50:13,Desktop,154616.0
3043,302,2024-08-18 21:01:21,Unknown,200024.0
3044,468,2025-11-05 06:32:31,Tablet,340508.0
3045,306,2026-06-25 23:07:19,Mobile,322803.0
3046,359,2025-01-24 21:56:11,Tablet,65977.0
3047,1163,2024-11-24 06:01:21,Tablet,351955.0
3048,849,2026-02-18 09:21:59,Web,146521.0
3049,509,2026-03-31 22:55:48,Tablet,104256.0
3050,891,2025-06-03 04:06:46,Mobile,302544.0
3051,634,2026-03-12 08:06:11,Mobile,111606.0
3052,1065,2024-01-26 11:40:05,Web,217850.0
3053,650,2025-12-20 12:39:36,Unknown,264060.0
3054,115,2026-02-28 23:18:46,Desktop,329612.0
3055,987,2025-06-27 17:26:11,Web,312930.0
3056,1182,2024-04-10 05:31:55,Smart TV,56873.0
3057,483,2025-04-24 06:07:39,Unknown,43129.0
3058,813,2025-02-08 00:49:07,Tablet,93422.0
3059,609,2024-03-15 19:29:08,Web,327421.0
3060,706,2025-11-04 22:32:43,Smart TV,226267.0
3061,466,2026-01-08 16:34:46,Desktop,371896.0
3062,736,2025-05-15 21:04:33,Tablet,132300.0
3063,300,2024-09-17 16:26:11,Mobile,78014.0
3064,982,2025-11-22 07:53:06,Smart TV,202499.0
3065,25,2024-08-11 19:12:47,Smart TV,165224.0
3066,949,2026-06-02 15:41:43,Tablet,39889.0
3067,598,2026-01-17 05:50:19,Mobile,109428.0
3068,1113,2024-02-13 13:09:41,Unknown,88215.0
3069,1041,2025-12-17 05:19:16,Web,157983.0
3070,1145,2024-05-22 18:36:54,Desktop,177505.0
3071,227,2024-02-10 17:10:27,Desktop,152430.0
3072,171,2024-06-24 23:10:50,Web,208164.0
3073,596,2025-07-11 12:42:15,Desktop,154616.0
3074,14,2024-03-06 22:28:15,Web,170169.0
3075,283,2025-07-11 17:06:38,Smart TV,129889.0
3076,329,2025-05-16 22:19:16,Desktop,156914.0
3077,811,2024-11-30 02:24:39,Web,58331.0
3078,724,2024-12-05 03:19:36,Web,154616.0
3079,166,2024-02-03 18:41:15,Tablet,77858.0
3080,525,2025-12-28 04:41:34,Desktop,79464.0
3081,98,2024-01-14 07:38:19,Desktop,86956.0
3082,265,2024-09-03 11:43:56,Unknown,30073.0
3083,1084,2024-08-24 00:06:09,Web,305374.0
3084,292,2026-06-17 23:17:32,Web,103616.0
3085,420,2025-08-11 04:10:37,Desktop,232905.0
3086,1148,2024-01-31 22:04:08,Smart TV,46610.0
3087,453,2024-05-06 15:21:55,Tablet,341630.0
3088,790,2026-05-06 20:19:18,Mobile,191343.0
3089,510,2024-07-30 00:03:08,Web,103080.0
3090,132,2026-08-23 00:41:12,Web,91181.0
3091,1189,2025-04-20 00:09:21,Web,30887.0
3092,679,2025-07-19 01:00:00,Mobile,59714.0
3093,1004,2025-02-20 10:53:52,Unknown,105372.0
3094,349,2025-06-12 00:07:50,Mobile,234895.0
3095,735,2024-01-07 11:34:21,Smart TV,262359.0
3096,1174,2025-12-23 15:08:06,Desktop,44520.0
3097,251,2024-12-03 05:54:49,Unknown,159652.0
3098,501,2025-12-14 05:55:18,Tablet,95141.0
3099,99,2024-11-28 18:19:17,Smart TV,336721.0
3100,912,2025-10-13 11:04:26,Unknown,118968.0
3101,118,2026-09-04 11:08:36,Desktop,270541.0
3102,697,2026-02-03 07:13:34,Mobile,257305.0
3103,179,2024-04-28 12:00:02,Web,315866.0
3104,1038,2025-12-03 15:51:09,Unknown,354536.0
3105,1113,2025-07-19 19:35:56,Mobile,52674.0
3106,912,2024-10-09 19:21:07,Mobile,227906.0
3107,522,2026-07-19 13:03:41,Tablet,168564.0
3108,15,2025-12-24 21:35:26,Smart TV,177573.0
3109,139,2026-03-29 11:16:06,Tablet,232482.0
3110,451,2025-01-11 11:57:34,Unknown,167553.0
3111,747,2025-09-02 06:35:30,Web,29279.0
3112,1155,2025-02-20 16:07:38,Tablet,115437.0
3113,181,2024-04-19 06:51:29,Tablet,302087.0
3114,458,2024-01-19 11:07:15,Desktop,216245.0
3115,906,2026-06-14 09:06:22,Mobile,133038.0
3116,180,2025-02-02 00:01:13,Web,144095.0
3117,1087,2025-08-07 16:55:16,Mobile,304668.0
3118,714,2025-11-06 06:06:45,Desktop,50393.0
3119,777,2025-12-27 18:59:38,Mobile,128159.0
3120,1053,2024-07-19 09:54:50,Unknown,250389.0
3121,145,2024-05-13 18:28:50,Tablet,134340.0
3122,466,2024-01-08 18:03:11,Unknown,143013.0
3123,240,2026-02-04 08:58:18,Unknown,287050.0
3124,982,2025-08-14 21:38:28,Web,49242.0
3125,807,2026-08-15 01:46:15,Desktop,310210.0
3126,433,2025-06-17 17:41:08,Unknown,291006.0
3127,723,2026-06-22 05:17:55,Tablet,159207.0
3128,1049,2025-02-10 18:39:38,Web,284696.0
3129,481,2025-08-12 17:01:04,Unknown,152859.0
3130,1165,2024-01-09 23:29:07,Smart TV,12135.0
3131,583,2025-09-22 21:12:15,Unknown,396706.0
3132,609,2026-03-11 10:04:26,Unknown,160070.0
3133,518,2026-06-09 11:16:33,Mobile,104640.0
3134,926,2025-02-16 21:10:22,Smart TV,232237.0
3135,278,2025-01-29 23:18:38,Unknown,165813.0
3136,476,2024-10-31 16:27:14,Mobile,342140.0
3137,801,2024-02-01 09:26:02,Tablet,125039.0
3138,429,2026-08-01 22:15:14,Unknown,181742.0
3139,1163,2026-01-28 01:58:22,Tablet,198307.0
3140,879,2025-01-07 18:25:59,Desktop,199004.0
3141,1018,2024-12-03 15:10:09,Mobile,128926.0
3142,775,2025-05-03 19:09:36,Web,115316.0
3143,80,2025-05-15 07:39:52,Unknown,33293.0
3144,201,2026-04-05 16:57:55,Unknown,129910.0
3145,396,2024-11-19 23:56:31,Smart TV,54242.0
3146,1041,2025-07-01 07:56:02,Desktop,116725.0
3147,405,2026-01-02 18:14:33,Desktop,154616.0
3148,838,2025-08-18 21:24:13,Tablet,247316.0
3149,683,2025-11-29 01:34:24,Desktop,246730.0
3150,805,2024-11-18 07:07:13,Unknown,103388.0
3151,678,2026-04-08 04:19:41,Web,126075.0
3152,110,2024-07-11 05:05:04,Smart TV,402688.0
3153,998,2024-03-17 10:37:55,Mobile,176181.0
3154,1199,2024-09-05 12:59:44,Smart TV,125734.0
3155,86,2026-07-24 05:25:03,Smart TV,63120.0
3156,516,2024-03-16 07:05:01,Web,180654.0
3157,1155,2024-10-07 17:06:57,Desktop,232552.0
3158,221,2025-07-18 20:31:27,Mobile,139748.0
3159,303,2025-05-04 00:31:10,Smart TV,276974.0
3160,830,2024-04-15 05:36:01,Tablet,96933.0
3161,486,2025-11-02 23:01:19,Web,32636.0
3162,859,2025-07-24 12:50:29,Web,154616.0
3163,760,2025-01-13 11:47:26,Web,174952.0
3164,105,2024-05-09 14:51:02,Mobile,88388.0
3165,1024,2025-05-25 17:44:29,Unknown,264430.0
3166,639,2026-08-03 07:52:42,Smart TV,73742.0
3167,393,2025-08-13 21:52:02,Smart TV,45730.0
3168,73,2024-01-30 18:54:58,Desktop,103293.0
3169,820,2025-08-02 13:43:38,Desktop,243844.0
3170,869,2026-06-30 20:29:28,Desktop,41340.0
3171,307,2024-03-04 20:32:35,Unknown,100406.0
3172,48,2025-02-14 03:47:35,Smart TV,203650.0
3173,947,2024-01-25 02:26:39,Desktop,170352.0
3174,80,2024-02-27 07:32:38,Web,118176.0
3175,68,2025-04-13 15:53:22,Mobile,251708.0
3176,784,2024-07-05 02:41:24,Desktop,205461.0
3177,474,2025-08-25 23:07:36,Tablet,176909.0
3178,323,2025-08-14 13:45:35,Mobile,250096.0
3179,6,2026-05-20 12:16:34,Desktop,81229.0
3180,355,2026-07-30 15:12:55,Tablet,43227.0
3181,258,2026-06-24 05:17:27,Smart TV,103101.0
3182,573,2024-07-05 16:31:50,Tablet,239786.0
3183,1147,2024-11-27 17:52:35,Smart TV,145195.0
3184,342,2026-07-01 19:56:02,Desktop,214539.0
3185,309,2024-06-11 18:52:47,Mobile,263779.0
3186,163,2024-06-20 15:20:32,Web,219577.0
3187,530,2025-03-01 15:15:30,Desktop,122214.0
3188,555,2025-05-17 14:52:03,Unknown,31159.0
3189,40,2025-10-24 15:31:53,Smart TV,369893.0
3190,319,2025-12-12 22:51:04,Web,146545.0
3191,363,2025-01-05 16:47:08,Unknown,96289.0
3192,514,2025-04-25 18:00:56,Mobile,241319.0
3193,905,2024-01-04 22:03:49,Smart TV,72261.0
3194,939,2026-03-05 01:55:28,Tablet,172745.0
3195,1053,2025-05-27 22:05:16,Desktop,247901.0
3196,1118,2024-11-09 05:38:44,Tablet,109777.0
3197,280,2025-06-08 05:20:18,Mobile,309943.0
3198,774,2024-09-20 04:21:06,Web,239400.0
3199,402,2026-06-05 17:56:18,Smart TV,52540.0
3200,69,2024-12-08 14:05:50,Tablet,217023.0
3201,22,2026-03-24 07:19:40,Unknown,80513.0
3202,823,2025-01-22 11:07:37,Tablet,410356.0
3203,754,2025-10-13 02:20:02,Desktop,83005.0
3204,253,2026-06-20 06:20:32,Desktop,282400.0
3205,1141,2025-12-02 13:08:32,Unknown,71821.0
3206,554,2024-03-26 14:31:25,Tablet,150688.0
3207,176,2025-09-23 20:15:24,Tablet,199419.0
3208,902,2024-01-03 04:18:52,Unknown,187005.0
3209,820,2025-05-12 03:44:30,Smart TV,144765.0
3210,212,2026-01-11 01:59:44,Web,182660.0
3211,464,2024-08-18 15:27:39,Unknown,232883.0
3212,907,2025-09-03 13:48:36,Web,148943.0
3213,845,2024-03-26 01:57:19,Mobile,171908.0
3214,1169,2026-08-05 00:01:06,Mobile,45681.0
3215,1017,2025-07-22 13:11:03,Web,38820.0
3216,99,2024-06-01 12:40:15,Desktop,277957.0
3217,471,2025-12-21 22:29:32,Unknown,61543.0
3218,353,2025-09-26 17:08:11,Tablet,157943.0
3219,970,2024-10-02 23:36:29,Unknown,117867.0
3220,684,2025-10-17 08:22:35,Tablet,302392.0
3221,925,2026-02-05 11:15:31,Web,67131.0
3222,310,2025-01-27 22:24:38,Unknown,317002.0
3223,340,2024-02-27 10:14:28,Web,76548.0
3224,433,2025-03-27 10:37:16,Unknown,61349.0
3225,751,2024-04-05 06:49:56,Tablet,76894.0
3226,471,2026-06-08 16:10:14,Smart TV,177549.0
3227,1175,2026-02-28 22:08:01,Unknown,156489.0
3228,772,2026-02-24 00:10:28,Smart TV,223171.0
3229,182,2026-04-07 16:40:05,Web,70383.0
3230,1067,2024-11-01 22:24:18,Mobile,154624.0
3231,564,2024-10-06 21:25:00,Desktop,260697.0
3232,692,2025-05-30 14:35:29,Unknown,94990.0
3233,729,2025-03-30 09:18:07,Tablet,137541.0
3234,1183,2025-07-25 15:54:03,Desktop,127121.0
3235,650,2024-05-28 16:04:11,Mobile,314756.0
3236,186,2025-12-09 02:03:58,Unknown,281176.0
3237,146,2026-09-12 19:27:02,Tablet,124889.0
3238,1135,2025-11-15 11:42:20,Mobile,186613.0
3239,498,2024-12-31 21:00:12,Desktop,181542.0
3240,108,2026-04-18 23:59:46,Unknown,120791.0
3241,564,2025-12-10 19:21:53,Desktop,54143.0
3242,303,2025-11-03 15:14:25,Smart TV,115700.0
3243,275,2024-01-09 12:11:42,Desktop,331517.0
3244,1177,2025-06-13 17:37:54,Mobile,262490.0
3245,289,2024-03-06 10:15:51,Tablet,101138.0
3246,1106,2024-10-13 16:16:10,Desktop,154616.0
3247,1196,2024-09-10 16:35:25,Tablet,393485.0
3248,517,2025-11-29 17:16:25,Mobile,354639.0
3249,538,2025-03-16 02:51:32,Tablet,155650.0
3250,98,2026-04-08 09:52:56,Desktop,75602.0
3251,868,2025-04-01 15:34:40,Unknown,182412.0
3252,932,2025-08-26 19:43:29,Web,209843.0
3253,601,2024-10-12 11:59:33,Web,171644.0
3254,142,2024-08-29 10:06:30,Desktop,37179.0
3255,1191,2025-12-09 07:45:22,Mobile,130734.0
3256,673,2026-09-12 21:55:14,Web,92424.0
3257,132,2025-12-16 21:10:08,Desktop,60636.0
3258,1057,2025-09-09 00:59:27,Tablet,47219.0
3259,587,2026-03-17 10:43:34,Unknown,221866.0
3260,716,2025-02-20 04:19:35,Web,242073.0
3261,839,2025-07-21 14:38:19,Desktop,57220.0
3262,128,2026-09-16 16:56:32,Tablet,58635.0
3263,517,2025-06-14 01:06:05,Mobile,317113.0
3264,776,2024-02-05 04:46:52,Web,299793.0
3265,495,2024-09-11 01:55:28,Unknown,118033.0
3266,361,2026-04-07 23:41:11,Mobile,187807.0
3267,1100,2025-02-27 23:08:47,Smart TV,139772.0
3268,722,2025-03-04 06:50:48,Mobile,319658.0
3269,267,2025-10-02 02:47:06,Smart TV,111509.0
3270,1116,2026-05-17 06:46:20,Mobile,248367.0
3271,810,2025-03-02 02:49:27,Web,91914.0
3272,1046,2024-12-05 18:41:58,Smart TV,126808.0
3273,668,2025-12-26 10:47:36,Desktop,69661.0
3274,1129,2025-11-27 19:00:52,Desktop,67812.0
3275,1072,2025-12-22 19:40:17,Web,149274.0
3276,559,2025-02-03 21:27:24,Web,247711.0
3277,360,2025-07-03 18:15:32,Tablet,178976.0
3278,587,2025-04-04 01:18:39,Mobile,168853.0
3279,452,2026-05-09 06:06:02,Smart TV,186146.0
3280,187,2026-03-22 06:06:05,Mobile,119030.0
3281,426,2026-06-07 15:45:00,Web,309784.0
3282,260,2026-03-17 16:06:41,Tablet,175953.0
3283,798,2024-05-19 15:33:50,Web,310906.0
3284,382,2025-04-27 05:14:37,Mobile,109348.0
3285,499,2024-06-02 00:13:44,Smart TV,135754.0
3286,1150,2024-08-19 09:46:50,Unknown,172176.0
3287,15,2025-02-20 06:37:34,Desktop,233329.0
3288,545,2025-10-15 23:03:27,Unknown,145608.0
3289,755,2025-05-06 08:50:13,Desktop,167321.0
3290,265,2026-05-29 16:29:24,Mobile,271989.0
3291,115,2024-09-17 12:02:11,Unknown,112882.0
3292,1197,2025-04-26 07:56:56,Smart TV,54411.0
3293,452,2026-02-02 23:09:25,Tablet,158104.0
3294,706,2026-04-15 16:19:01,Unknown,328270.0
3295,335,2026-03-18 09:16:07,Desktop,51774.0
3296,679,2024-12-16 12:17:49,Tablet,105244.0
3297,457,2025-08-15 16:22:45,Web,250204.0
3298,214,2024-04-16 15:07:49,Mobile,225603.0
3299,737,2026-03-18 21:15:17,Web,175968.0
3300,819,2026-06-09 23:28:51,Smart TV,251295.0
3301,704,2025-01-24 22:09:46,Web,42762.0
3302,1055,2025-11-18 09:37:55,Unknown,300202.0
3303,468,2024-07-31 06:49:24,Mobile,260225.0
3304,334,2024-10-17 19:49:10,Smart TV,118109.0
3305,897,2024-01-30 00:23:05,Desktop,180459.0
3306,490,2025-11-24 22:23:24,Tablet,102119.0
3307,572,2026-09-08 05:48:46,Smart TV,116064.0
3308,50,2025-10-13 20:12:45,Mobile,141481.0
3309,264,2026-08-24 01:43:06,Tablet,129509.0
3310,1048,2024-01-30 04:16:18,Smart TV,123658.0
3311,187,2026-06-06 13:41:12,Web,97241.0
3312,869,2025-07-16 22:44:21,Tablet,50225.0
3313,156,2024-02-09 19:41:28,Web,214974.0
3314,448,2024-07-30 16:38:24,Web,126910.0
3315,827,2025-04-14 00:46:15,Smart TV,99430.0
3316,340,2025-06-07 16:46:38,Smart TV,72447.0
3317,750,2025-09-14 15:42:36,Unknown,244635.0
3318,1191,2025-11-14 10:46:13,Tablet,116297.0
3319,703,2025-09-18 20:45:16,Web,181257.0
3320,664,2026-07-07 23:36:45,Desktop,128306.0
3321,1154,2025-12-28 22:59:37,Tablet,64768.0
3322,747,2026-06-15 10:25:16,Tablet,157135.0
3323,707,2026-08-22 05:50:30,Unknown,176332.0
3324,752,2024-05-26 02:14:47,Tablet,232682.0
3325,1026,2024-06-16 02:42:19,Mobile,152964.0
3326,379,2024-04-04 10:53:58,Web,175819.0
3327,606,2024-11-23 05:25:21,Unknown,38857.0
3328,278,2025-04-29 22:57:43,Web,96429.0
3329,949,2024-07-26 00:56:11,Desktop,104073.0
3330,615,2026-08-31 02:03:49,Unknown,62632.0
3331,496,2024-06-25 03:20:01,Web,256402.0
3332,586,2024-01-10 06:17:38,Smart TV,211764.0
3333,479,2024-10-23 23:26:48,Mobile,21561.0
3334,361,2026-03-27 03:13:26,Web,211084.0
3335,338,2024-12-28 17:24:38,Mobile,214337.0
3336,56,2024-10-16 17:25:11,Desktop,215967.0
3337,485,2026-07-14 05:36:07,Mobile,85010.0
3338,1134,2026-07-10 21:38:21,Mobile,79855.0
3339,418,2026-03-30 11:01:02,Desktop,192459.0
3340,537,2026-03-31 18:17:22,Desktop,251995.0
3341,439,2025-09-07 22:41:51,Smart TV,101338.0
3342,876,2025-07-13 15:08:47,Web,67834.0
3343,264,2024-04-28 04:14:29,Tablet,103754.0
3344,177,2026-06-23 07:25:14,Mobile,210757.0
3345,189,2024-10-23 21:33:22,Desktop,293705.0
3346,1077,2026-08-31 21:55:50,Tablet,47575.0
3347,144,2025-08-15 13:49:47,Web,254847.0
3348,324,2024-07-11 04:15:37,Tablet,326458.0
3349,74,2025-06-09 05:36:35,Web,73514.0
3350,804,2026-09-14 20:26:48,Mobile,148223.0
3351,906,2026-09-09 05:31:11,Unknown,107381.0
3352,817,2025-05-15 01:57:36,Unknown,253457.0
3353,142,2026-07-22 17:37:52,Desktop,56653.0
3354,1123,2026-07-12 20:30:17,Tablet,59349.0
3355,982,2024-10-24 01:18:07,Mobile,83848.0
3356,490,2026-01-09 07:29:53,Desktop,231066.0
3357,558,2026-09-02 09:35:37,Smart TV,219760.0
3358,157,2024-09-19 18:54:17,Mobile,105582.0
3359,1016,2025-04-09 12:37:29,Unknown,136070.0
3360,941,2024-06-04 08:13:54,Unknown,44823.0
3361,428,2024-04-30 14:21:31,Smart TV,53181.0
3362,1032,2026-01-15 02:47:50,Unknown,67747.0
3363,113,2024-11-19 16:00:05,Desktop,319941.0
3364,1175,2025-09-18 13:48:11,Smart TV,264544.0
3365,818,2026-06-09 16:48:30,Tablet,154616.0
3366,576,2025-02-16 21:44:35,Smart TV,337216.0
3367,503,2026-05-31 04:59:07,Smart TV,139928.0
3368,122,2024-01-30 17:57:18,Tablet,54458.0
3369,19,2026-03-11 00:57:43,Mobile,240899.0
3370,562,2025-11-02 01:46:04,Desktop,226309.0
3371,443,2024-11-01 07:50:45,Smart TV,232684.0
3372,692,2026-06-29 19:27:40,Unknown,274781.0
3373,1110,2025-12-11 19:09:21,Unknown,188151.0
3374,351,2024-09-06 17:02:37,Tablet,170738.0
3375,1010,2024-07-09 05:10:30,Tablet,113332.0
3376,290,2025-12-03 13:36:39,Web,116968.0
3377,730,2024-11-19 04:05:54,Tablet,95093.0
3378,862,2026-03-11 00:52:16,Tablet,122601.0
3379,339,2026-03-07 08:33:49,Desktop,112202.0
3380,1122,2025-12-28 17:48:19,Unknown,90162.0
3381,395,2024-05-28 08:45:25,Unknown,192974.0
3382,483,2025-02-25 09:17:47,Smart TV,95414.0
3383,863,2026-07-09 09:57:24,Unknown,152135.0
3384,545,2024-04-10 14:18:17,Desktop,111600.0
3385,80,2025-02-13 08:18:02,Desktop,41159.0
3386,1178,2025-03-28 17:30:17,Web,99484.0
3387,1052,2024-11-05 00:10:38,Web,216095.0
3388,519,2026-03-29 02:53:36,Mobile,143484.0
3389,639,2025-12-29 07:47:52,Mobile,164638.0
3390,849,2025-07-05 13:52:45,Mobile,96306.0
3391,407,2026-06-17 13:39:18,Desktop,57888.0
3392,819,2026-02-05 00:48:21,Unknown,184507.0
3393,553,2025-01-23 12:45:58,Smart TV,208774.0
3394,1026,2024-09-09 13:49:37,Desktop,184492.0
3395,1024,2025-04-07 03:15:31,Desktop,327927.0
3396,595,2026-06-17 09:55:42,Web,226746.0
3397,1161,2024-12-28 14:56:15,Desktop,206344.0
3398,15,2026-05-21 03:08:22,Unknown,69416.0
3399,282,2024-06-04 18:04:42,Tablet,175832.0
3400,771,2026-03-30 21:22:25,Desktop,180257.0
3401,203,2025-10-29 16:12:09,Smart TV,265442.0
3402,1087,2024-08-25 19:28:53,Mobile,148565.0
3403,1190,2024-11-28 22:58:23,Tablet,103368.0
3404,397,2024-09-21 01:04:10,Mobile,175007.0
3405,833,2025-11-30 13:07:59,Desktop,58973.0
3406,844,2026-04-02 09:27:09,Mobile,156956.0
3407,493,2024-10-08 19:12:45,Desktop,234287.0
3408,971,2026-04-12 16:52:18,Desktop,29796.0
3409,998,2026-08-08 20:46:05,Web,147580.0
3410,255,2024-11-08 06:35:55,Web,137624.0
3411,793,2025-03-14 20:58:27,Mobile,90588.0
3412,975,2026-05-12 12:52:43,Web,319311.0
3413,346,2025-05-27 00:16:56,Unknown,264783.0
3414,137,2025-10-25 16:16:06,Tablet,88318.0
3415,583,2025-12-14 11:36:42,Unknown,258011.0
3416,241,2026-04-15 14:54:07,Desktop,189551.0
3417,866,2024-10-12 18:43:41,Unknown,124746.0
3418,95,2024-02-24 03:17:41,Mobile,146359.0
3419,257,2025-11-30 22:40:52,Smart TV,74191.0
3420,830,2026-09-01 02:43:36,Web,269850.0
3421,1160,2024-11-04 20:22:06,Web,96300.0
3422,356,2025-10-02 23:11:45,Web,249451.0
3423,719,2026-03-03 05:27:08,Tablet,220236.0
3424,414,2025-10-17 07:45:53,Smart TV,209019.0
3425,736,2026-05-30 14:45:34,Tablet,229595.0
3426,256,2025-11-06 07:34:38,Web,45603.0
3427,775,2024-10-07 23:12:00,Mobile,152192.0
3428,170,2024-12-15 18:50:49,Unknown,161253.0
3429,133,2026-05-05 19:06:11,Mobile,298499.0
3430,1069,2026-03-20 21:38:44,Mobile,65849.0
3431,999,2026-01-15 21:00:09,Mobile,62559.0
3432,156,2024-11-03 14:36:42,Unknown,106434.0
3433,168,2024-04-15 21:12:32,Tablet,263639.0
3434,937,2025-01-06 11:02:51,Smart TV,64814.0
3435,436,2026-09-09 18:47:36,Web,252937.0
3436,379,2024-09-03 18:05:48,Web,205848.0
3437,1146,2025-11-21 18:02:36,Tablet,103443.0
3438,1148,2026-06-27 04:24:19,Desktop,139289.0
3439,685,2026-08-11 03:27:06,Unknown,83762.0
3440,1137,2026-04-28 01:07:16,Desktop,177952.0
3441,832,2025-05-09 20:49:00,Smart TV,261330.0
3442,832,2025-02-25 00:42:39,Unknown,69527.0
3443,417,2025-07-16 07:49:41,Web,265294.0
3444,941,2024-03-05 14:55:22,Unknown,91030.0
3445,1085,2024-05-16 03:56:50,Mobile,154616.0
3446,387,2025-11-30 17:11:56,Tablet,43258.0
3447,44,2025-04-02 01:41:53,Mobile,269968.0
3448,1081,2025-10-08 18:38:44,Unknown,280464.0
3449,891,2026-02-08 21:07:07,Unknown,110939.0
3450,72,2025-08-07 18:44:42,Tablet,69993.0
3451,317,2025-11-19 15:50:41,Smart TV,112940.0
3452,839,2026-08-14 06:24:28,Smart TV,153138.0
3453,587,2025-11-20 09:47:41,Smart TV,339612.0
3454,273,2025-03-13 17:08:40,Mobile,93768.0
3455,1045,2024-06-13 18:16:57,Tablet,63982.0
3456,556,2025-05-25 17:21:12,Mobile,154616.0
3457,397,2024-11-10 12:09:17,Mobile,171966.0
3458,381,2025-03-23 06:32:14,Desktop,133517.0
3459,120,2024-08-09 04:33:04,Web,153254.0
3460,708,2024-06-24 13:30:56,Mobile,305377.0
3461,68,2025-04-17 09:23:24,Smart TV,310987.0
3462,466,2024-12-09 03:09:03,Unknown,193449.0
3463,305,2024-10-05 16:55:46,Mobile,118737.0
3464,257,2024-12-16 20:18:55,Tablet,59868.0
3465,51,2024-03-04 13:02:24,Smart TV,326885.0
3466,836,2025-09-06 07:36:16,Desktop,58844.0
3467,445,2024-09-21 04:42:56,Unknown,50307.0
3468,820,2024-06-12 18:55:09,Desktop,106645.0
3469,1019,2025-11-21 06:26:02,Desktop,82042.0
3470,209,2024-02-06 08:29:09,Unknown,252457.0
3471,109,2024-01-08 19:46:40,Unknown,178700.0
3472,426,2024-09-14 01:14:20,Web,100299.0
3473,405,2024-07-14 08:29:28,Mobile,340099.0
3474,1101,2026-06-27 18:44:14,Smart TV,55523.0
3475,169,2024-05-10 13:06:32,Unknown,280871.0
3476,26,2024-10-02 16:55:14,Tablet,68287.0
3477,762,2026-02-09 04:08:19,Unknown,143701.0
3478,790,2025-07-07 00:36:10,Smart TV,321442.0
3479,606,2025-01-13 12:58:52,Unknown,84575.0
3480,296,2024-04-08 13:23:08,Tablet,266621.0
3481,456,2025-04-19 22:35:59,Mobile,125263.0
3482,662,2024-07-30 05:17:46,Unknown,271175.0
3483,878,2025-06-18 19:16:18,Unknown,130728.0
3484,272,2025-06-22 20:14:48,Mobile,94843.0
3485,453,2025-09-09 16:37:55,Unknown,263445.0
3486,1061,2026-06-02 07:55:33,Web,286390.0
3487,47,2024-08-31 06:00:24,Tablet,83654.0
3488,862,2026-09-14 12:34:38,Unknown,200214.0
3489,62,2024-05-10 12:04:26,Unknown,47534.0
3490,1074,2025-02-18 23:13:30,Unknown,123164.0
3491,938,2024-08-16 10:50:15,Web,146880.0
3492,1164,2025-08-13 19:21:56,Tablet,148690.0
3493,734,2026-01-11 22:24:52,Desktop,59995.0
3494,1081,2024-12-08 06:44:34,Smart TV,143190.0
3495,346,2024-06-05 03:45:21,Smart TV,112635.0
3496,496,2026-07-18 16:05:03,Smart TV,121918.0
3497,467,2025-09-02 21:58:50,Tablet,127444.0
3498,592,2024-01-08 07:19:13,Unknown,145504.0
3499,586,2025-02-28 13:11:26,Web,169203.0
3500,407,2024-03-17 17:06:34,Mobile,53301.0
3501,110,2024-06-02 03:18:52,Smart TV,59652.0
3502,418,2025-01-24 13:41:28,Desktop,80232.0
3503,719,2026-01-23 14:13:06,Unknown,189600.0
3504,381,2024-06-23 07:26:44,Web,106159.0
3505,1156,2024-08-06 21:47:12,Smart TV,204473.0
3506,11,2026-03-27 03:29:47,Mobile,186216.0
3507,620,2025-07-15 18:54:38,Unknown,140551.0
3508,47,2026-02-04 16:06:21,Desktop,122392.0
3509,847,2024-11-12 11:04:32,Tablet,263123.0
3510,1170,2025-10-05 07:11:53,Tablet,175926.0
3511,744,2025-10-07 10:10:20,Mobile,75547.0
3512,48,2025-09-05 07:12:09,Web,216292.0
3513,750,2025-10-15 20:21:39,Smart TV,77747.0
3514,506,2026-01-02 09:53:58,Web,158602.0
3515,523,2026-07-25 17:58:37,Desktop,303573.0
3516,1106,2025-03-27 19:59:31,Unknown,164117.0
3517,667,2024-05-13 18:14:49,Web,165101.0
3518,797,2025-03-23 12:33:09,Desktop,168805.0
3519,907,2025-07-09 11:01:47,Tablet,219867.0
3520,1083,2026-08-02 19:39:05,Web,108307.0
3521,503,2026-04-14 09:36:46,Smart TV,195996.0
3522,1041,2024-11-22 22:32:09,Desktop,79057.0
3523,663,2024-02-29 05:27:14,Tablet,123938.0
3524,799,2024-10-14 14:19:08,Desktop,196156.0
3525,544,2026-08-10 08:05:36,Web,144310.0
3526,515,2025-06-25 14:46:15,Mobile,181002.0
3527,383,2026-04-19 03:43:05,Desktop,182254.0
3528,1034,2025-04-07 02:18:42,Desktop,27609.0
3529,677,2026-06-07 11:17:57,Smart TV,114491.0
3530,2,2026-07-15 10:54:36,Smart TV,166653.0
3531,825,2024-09-22 16:04:01,Tablet,82683.0
3532,251,2025-11-03 02:58:57,Mobile,107141.0
3533,693,2024-02-15 08:39:21,Smart TV,176281.0
3534,642,2024-12-25 20:04:13,Unknown,283472.0
3535,144,2025-10-15 20:29:57,Web,324305.0
3536,252,2024-11-17 18:58:26,Web,237688.0
3537,269,2026-05-15 19:47:58,Smart TV,106970.0
3538,3,2024-04-12 08:08:04,Mobile,190368.0
3539,54,2024-06-20 21:20:24,Desktop,141733.0
3540,1063,2024-01-12 03:51:24,Mobile,268256.0
3541,378,2026-05-26 10:42:54,Mobile,149860.0
3542,1110,2024-04-04 13:38:43,Unknown,189995.0
3543,186,2025-09-04 10:44:52,Mobile,200760.0
3544,389,2026-07-24 14:36:22,Mobile,218683.0
3545,730,2024-12-10 04:23:55,Unknown,190829.0
3546,456,2026-05-03 20:59:08,Tablet,85952.0
3547,887,2026-03-25 17:55:47,Mobile,154616.0
3548,638,2025-09-16 05:22:26,Desktop,197325.0
3549,1144,2026-07-17 13:18:45,Unknown,37636.0
3550,208,2025-09-06 15:23:06,Desktop,74092.0
3551,426,2026-04-12 05:06:55,Tablet,63455.0
3552,723,2024-06-16 04:54:24,Web,46101.0
3553,85,2025-11-12 01:53:56,Smart TV,247169.0
3554,150,2026-08-16 17:09:19,Web,113700.0
3555,790,2024-06-07 16:20:46,Smart TV,154616.0
3556,218,2024-03-10 06:36:05,Unknown,181479.0
3557,269,2026-01-08 01:11:42,Smart TV,151136.0
3558,759,2026-08-23 02:40:24,Unknown,235090.0
3559,192,2024-06-21 04:00:39,Unknown,53575.0
3560,130,2025-07-09 02:58:50,Desktop,299026.0
3561,472,2026-06-14 22:22:34,Desktop,317008.0
3562,122,2024-07-05 11:48:58,Tablet,107014.0
3563,1015,2025-08-17 04:56:20,Desktop,51972.0
3564,236,2026-03-20 10:21:28,Smart TV,227974.0
3565,1137,2025-11-04 18:22:57,Mobile,216182.0
3566,42,2026-06-21 21:12:52,Tablet,201518.0
3567,829,2026-05-30 19:56:11,Mobile,35712.0
3568,705,2024-06-16 03:14:32,Desktop,43665.0
3569,865,2024-01-07 18:53:28,Mobile,61845.0
3570,1141,2026-02-26 00:29:07,Smart TV,74586.0
3571,88,2026-06-16 19:42:05,Smart TV,196689.0
3572,210,2024-09-19 01:23:19,Desktop,336918.0
3573,560,2025-03-11 20:31:54,Web,166964.0
3574,62,2026-04-19 14:42:25,Unknown,47497.0
3575,681,2026-04-28 18:15:32,Unknown,39902.0
3576,936,2024-09-25 12:23:47,Desktop,128868.0
3577,1119,2026-07-25 12:41:03,Web,128426.0
3578,291,2025-09-14 09:58:57,Tablet,52251.0
3579,33,2024-10-24 22:35:03,Unknown,106399.0
3580,908,2026-07-18 15:41:42,Unknown,96767.0
3581,1093,2024-10-21 16:32:04,Mobile,98453.0
3582,708,2024-07-18 01:38:04,Web,68066.0
3583,1015,2024-05-22 19:05:38,Smart TV,280341.0
3584,602,2025-11-19 13:39:54,Mobile,214268.0
3585,276,2026-09-16 14:06:19,Smart TV,66515.0
3586,174,2024-05-03 14:12:28,Tablet,176655.0
3587,818,2025-03-21 00:17:12,Tablet,109426.0
3588,262,2024-10-03 14:33:51,Unknown,156997.0
3589,846,2025-05-09 23:40:57,Smart TV,51344.0
3590,323,2026-05-09 18:07:06,Web,240131.0
3591,92,2024-06-10 02:17:25,Smart TV,192619.0
3592,271,2024-07-30 03:09:28,Desktop,216699.0
3593,561,2024-07-02 07:23:37,Unknown,124021.0
3594,800,2026-05-01 01:13:56,Tablet,30589.0
3595,633,2025-09-06 14:13:00,Mobile,42777.0
3596,742,2026-09-05 02:03:34,Unknown,141948.0
3597,738,2026-07-18 08:17:20,Desktop,102337.0
3598,244,2025-06-11 09:54:37,Web,90213.0
3599,471,2024-10-22 05:26:23,Unknown,74125.0
3600,254,2024-01-07 22:00:37,Tablet,61856.0
3601,555,2026-07-27 09:23:55,Mobile,198469.0
3602,568,2026-07-19 23:19:34,Mobile,341561.0
3603,1103,2026-08-06 17:40:32,Desktop,235669.0
3604,954,2026-06-15 17:32:19,Unknown,168375.0
3605,623,2024-02-16 05:24:35,Tablet,53527.0
3606,302,2024-08-21 03:22:34,Tablet,89917.0
3607,1059,2024-03-23 18:17:10,Mobile,154616.0
3608,1161,2025-01-27 05:28:59,Smart TV,222533.0
3609,705,2025-04-19 18:54:28,Smart TV,187238.0
3610,445,2025-11-26 12:06:20,Web,85952.0
3611,711,2026-06-06 04:38:31,Web,202990.0
3612,1029,2025-06-19 19:24:45,Smart TV,86349.0
3613,306,2024-11-18 11:18:59,Unknown,150554.0
3614,660,2024-07-26 11:54:12,Tablet,93364.0
3615,1141,2026-02-14 06:47:33,Desktop,130154.0
3616,516,2024-12-10 13:18:29,Desktop,120967.0
3617,1047,2026-09-12 17:10:30,Smart TV,88327.0
3618,813,2025-04-29 15:50:35,Mobile,135071.0
3619,1091,2024-05-11 19:40:22,Web,158683.0
3620,1026,2025-04-02 02:52:38,Unknown,245301.0
3621,968,2024-11-16 07:33:31,Desktop,44895.0
3622,799,2025-07-22 13:06:13,Unknown,155360.0
3623,280,2025-02-09 04:40:28,Smart TV,72848.0
3624,606,2025-12-29 02:59:34,Desktop,75281.0
3625,8,2025-10-12 04:26:02,Web,51385.0
3626,587,2024-12-30 05:10:56,Smart TV,261531.0
3627,627,2024-12-26 16:47:51,Desktop,126095.0
3628,142,2025-09-01 22:17:39,Mobile,241049.0
3629,743,2024-08-20 08:16:04,Tablet,292543.0
3630,924,2024-06-17 22:39:15,Mobile,143787.0
3631,189,2024-01-26 01:39:51,Web,260826.0
3632,464,2024-10-28 10:58:41,Unknown,155199.0
3633,1112,2025-12-18 12:57:34,Unknown,261168.0
3634,141,2026-01-21 19:19:17,Smart TV,105738.0
3635,1049,2025-02-17 01:57:16,Desktop,389800.0
3636,237,2025-01-10 20:51:03,Web,202969.0
3637,446,2025-04-12 15:54:52,Desktop,365352.0
3638,1006,2026-07-13 10:30:09,Desktop,243479.0
3639,440,2024-04-30 05:49:54,Tablet,92992.0
3640,659,2024-09-27 20:16:14,Mobile,61870.0
3641,594,2025-04-06 07:31:37,Unknown,285830.0
3642,1076,2024-08-11 14:25:49,Smart TV,160165.0
3643,1017,2024-09-18 00:13:55,Smart TV,132771.0
3644,842,2026-05-30 12:51:41,Smart TV,154616.0
3645,774,2026-09-12 05:04:11,Tablet,94963.0
3646,317,2024-05-03 06:35:22,Desktop,164990.0
3647,248,2025-08-17 07:44:16,Tablet,250161.0
3648,338,2025-05-07 20:13:43,Desktop,279220.0
3649,874,2024-09-24 07:50:45,Mobile,194661.0
3650,614,2026-01-09 13:06:45,Smart TV,120664.0
3651,1168,2024-06-19 01:20:08,Smart TV,344443.0
3652,67,2026-06-27 09:56:44,Mobile,176042.0
3653,373,2024-07-26 09:11:19,Web,233798.0
3654,1068,2026-04-10 10:05:22,Mobile,122350.0
3655,231,2026-09-16 18:57:49,Smart TV,275467.0
3656,720,2024-04-10 05:36:27,Mobile,398723.0
3657,797,2026-02-06 08:33:27,Smart TV,97593.0
3658,39,2024-11-10 20:21:23,Smart TV,158299.0
3659,517,2025-10-02 19:15:40,Unknown,76392.0
3660,693,2025-08-16 12:43:44,Tablet,216218.0
3661,763,2025-08-09 09:23:37,Smart TV,103949.0
3662,1176,2026-02-11 07:11:04,Smart TV,354632.0
3663,397,2026-07-20 14:20:26,Smart TV,91453.0
3664,819,2025-04-17 15:34:15,Smart TV,282455.0
3665,750,2025-08-04 07:37:52,Mobile,154285.0
3666,428,2026-05-03 11:14:08,Tablet,72268.0
3667,150,2025-08-21 12:35:56,Tablet,65130.0
3668,49,2026-09-09 19:56:31,Desktop,262370.0
3669,886,2026-03-16 17:53:27,Tablet,256266.0
3670,27,2025-11-26 17:50:26,Mobile,320847.0
3671,68,2024-04-06 02:43:49,Web,77951.0
3672,631,2025-06-22 00:00:29,Desktop,117201.0
3673,846,2024-09-14 18:10:56,Web,201340.0
3674,1199,2025-09-10 00:27:53,Tablet,64235.0
3675,807,2024-04-09 13:59:53,Web,270782.0
3676,943,2025-12-21 22:02:57,Unknown,46013.0
3677,1169,2026-09-05 03:15:39,Desktop,111826.0
3678,1087,2025-11-08 00:58:27,Tablet,152517.0
3679,781,2025-04-17 08:24:59,Mobile,169187.0
3680,1197,2025-11-22 14:21:35,Desktop,69188.0
3681,939,2024-07-04 15:44:28,Mobile,68788.0
3682,746,2025-06-05 14:05:18,Desktop,174380.0
3683,547,2026-07-22 13:13:08,Unknown,191842.0
3684,746,2025-01-05 16:09:46,Smart TV,186639.0
3685,957,2024-01-08 04:18:57,Unknown,50204.0
3686,197,2026-05-03 16:59:10,Desktop,189963.0
3687,848,2024-01-05 21:20:39,Tablet,93563.0
3688,1131,2025-12-05 19:30:59,Smart TV,341874.0
3689,129,2024-02-05 19:04:08,Desktop,155302.0
3690,711,2025-05-27 13:46:51,Tablet,406799.0
3691,601,2026-04-29 07:44:17,Smart TV,284613.0
3692,561,2024-10-05 18:03:55,Desktop,50868.0
3693,1004,2025-02-09 17:56:31,Web,290827.0
3694,807,2026-04-07 09:36:21,Unknown,258522.0
3695,794,2025-01-29 22:32:16,Web,94953.0
3696,907,2026-02-01 02:51:03,Unknown,123221.0
3697,489,2024-10-08 16:08:31,Unknown,266395.0
3698,74,2026-01-04 23:14:52,Web,93422.0
3699,495,2025-03-29 18:01:40,Tablet,103887.0
3700,559,2025-11-26 19:05:10,Desktop,175823.0
3701,530,2024-12-06 00:58:57,Web,91724.0
3702,573,2025-07-21 01:11:04,Mobile,238095.0
3703,768,2024-08-23 19:22:22,Web,57814.0
3704,826,2025-08-17 06:51:45,Desktop,58556.0
3705,834,2025-09-07 13:49:37,Mobile,136789.0
3706,567,2026-04-10 01:03:44,Mobile,179918.0
3707,563,2024-03-30 12:48:24,Desktop,51747.0
3708,362,2026-04-10 09:22:39,Mobile,346939.0
3709,290,2025-02-21 13:08:32,Smart TV,111309.0
3710,1191,2025-03-18 07:29:57,Smart TV,81333.0
3711,957,2024-10-14 23:34:57,Smart TV,109060.0
3712,885,2026-02-02 01:21:34,Desktop,82311.0
3713,995,2024-07-20 20:46:00,Web,242339.0
3714,301,2026-03-12 01:57:16,Web,179470.0
3715,143,2024-02-24 03:13:57,Smart TV,55452.0
3716,92,2025-05-09 19:25:03,Web,47872.0
3717,236,2025-02-05 10:53:14,Smart TV,265913.0
3718,975,2025-08-02 23:04:39,Desktop,198805.0
3719,45,2025-03-13 03:10:28,Web,81476.0
3720,916,2026-06-01 23:51:31,Smart TV,151149.0
3721,1082,2025-08-27 07:39:34,Web,199997.0
3722,376,2025-02-23 01:09:15,Mobile,107375.0
3723,827,2026-05-31 19:13:07,Smart TV,220852.0
3724,124,2025-05-07 03:06:06,Tablet,198986.0
3725,246,2026-08-22 05:49:21,Unknown,105595.0
3726,818,2026-08-02 03:27:12,Desktop,124515.0
3727,385,2025-05-18 16:48:38,Tablet,102906.0
3728,1067,2026-09-15 10:50:06,Unknown,196461.0
3729,425,2026-07-20 09:02:46,Smart TV,173077.0
3730,19,2024-12-08 18:23:14,Tablet,154616.0
3731,136,2026-02-15 01:38:01,Unknown,175820.0
3732,745,2024-05-01 01:05:27,Smart TV,264446.0
3733,74,2026-09-15 16:34:06,Unknown,226355.0
3734,618,2025-03-27 19:19:47,Desktop,241325.0
3735,22,2024-08-21 09:15:32,Smart TV,239648.0
3736,437,2025-03-19 11:57:45,Mobile,253509.0
3737,597,2026-06-17 09:33:02,Tablet,140174.0
3738,119,2025-09-21 00:21:36,Tablet,52227.0
3739,1037,2024-09-07 14:11:52,Unknown,226000.0
3740,170,2025-03-14 17:55:46,Tablet,202984.0
3741,1030,2026-04-28 09:43:13,Mobile,325056.0
3742,1129,2025-07-29 23:59:35,Unknown,150287.0
3743,442,2024-01-25 07:16:41,Mobile,389588.0
3744,945,2025-10-03 13:32:05,Web,149357.0
3745,317,2025-03-09 22:32:54,Unknown,136399.0
3746,741,2024-06-11 07:31:35,Desktop,264535.0
3747,824,2025-01-25 07:07:48,Desktop,75633.0
3748,504,2025-01-01 14:32:49,Desktop,135708.0
3749,61,2025-03-26 21:44:41,Web,129997.0
3750,564,2026-04-04 02:11:20,Desktop,326374.0
3751,335,2024-01-27 04:16:37,Tablet,79911.0
3752,732,2024-08-08 03:24:04,Mobile,109806.0
3753,46,2024-10-26 04:39:40,Tablet,115108.0
3754,287,2025-12-17 01:25:09,Smart TV,193417.0
3755,1060,2024-05-09 02:01:10,Unknown,143855.0
3756,67,2025-08-03 08:38:51,Web,269252.0
3757,609,2025-06-27 10:28:53,Tablet,297150.0
3758,736,2025-03-30 17:40:24,Tablet,213000.0
3759,1077,2026-08-21 05:28:28,Unknown,99752.0
3760,671,2024-08-30 19:09:38,Mobile,295919.0
3761,1098,2024-06-09 17:41:43,Tablet,75606.0
3762,283,2025-03-23 09:59:37,Mobile,322628.0
3763,1034,2024-12-17 06:43:24,Smart TV,181706.0
3764,858,2026-03-03 19:13:08,Mobile,143750.0
3765,690,2026-07-15 12:19:21,Tablet,128322.0
3766,254,2025-08-11 15:24:32,Tablet,230895.0
3767,673,2026-05-15 11:02:38,Smart TV,65064.0
3768,212,2025-11-22 12:19:38,Web,48478.0
3769,1050,2025-07-21 10:15:26,Unknown,255115.0
3770,667,2026-01-24 01:06:31,Web,99723.0
3771,591,2025-02-20 10:34:33,Mobile,60187.0
3772,909,2026-08-13 15:02:09,Web,139438.0
3773,431,2025-01-12 12:06:39,Mobile,185641.0
3774,1040,2026-02-13 04:52:57,Web,156297.0
3775,615,2025-04-02 16:27:27,Web,143853.0
3776,763,2025-08-11 06:33:02,Mobile,170539.0
3777,259,2024-08-10 18:43:32,Unknown,182200.0
3778,509,2025-05-09 21:42:16,Smart TV,111588.0
3779,128,2025-12-28 10:22:38,Tablet,336950.0
3780,583,2025-07-14 11:18:23,Smart TV,252435.0
3781,544,2026-08-02 03:50:31,Unknown,188813.0
3782,1155,2024-12-15 15:21:22,Desktop,198202.0
3783,676,2025-01-07 21:20:24,Desktop,129477.0
3784,923,2025-03-17 16:15:56,Mobile,65747.0
3785,770,2024-11-04 04:30:43,Desktop,177125.0
3786,1006,2024-05-31 17:34:25,Mobile,181703.0
3787,580,2026-04-16 13:23:30,Desktop,273510.0
3788,566,2024-04-15 18:04:28,Mobile,245085.0
3789,115,2024-12-13 10:18:02,Desktop,345328.0
3790,594,2024-12-27 12:56:55,Web,264190.0
3791,892,2026-03-31 06:49:14,Tablet,365712.0
3792,440,2024-07-27 13:34:51,Smart TV,276689.0
3793,850,2025-02-28 18:31:52,Tablet,36306.0
3794,730,2026-02-15 00:16:59,Tablet,118750.0
3795,188,2024-01-31 18:18:15,Web,183262.0
3796,412,2024-03-22 17:14:42,Unknown,37490.0
3797,966,2025-07-26 11:41:21,Unknown,239981.0
3798,1186,2025-04-12 21:13:44,Smart TV,78591.0
3799,95,2026-03-08 22:25:48,Mobile,204585.0
3800,861,2024-02-06 19:03:37,Tablet,145150.0
3801,1037,2025-07-13 12:45:09,Mobile,188706.0
3802,69,2025-01-12 13:32:13,Tablet,232193.0
3803,161,2024-04-05 03:55:59,Mobile,135050.0
3804,332,2025-02-19 10:22:40,Desktop,47240.0
3805,487,2025-12-25 07:54:20,Smart TV,285692.0
3806,88,2024-07-08 00:05:19,Tablet,188424.0
3807,1148,2025-10-13 16:17:40,Mobile,119039.0
3808,1147,2025-06-29 22:23:21,Smart TV,59245.0
3809,1065,2024-04-11 15:00:29,Desktop,282414.0
3810,560,2026-06-20 04:55:09,Web,312091.0
3811,1050,2025-12-17 03:22:31,Smart TV,116451.0
3812,891,2024-10-26 17:30:10,Smart TV,126715.0
3813,629,2024-10-08 01:05:30,Desktop,128004.0
3814,341,2026-02-18 18:01:08,Desktop,179825.0
3815,906,2025-08-31 23:42:34,Unknown,133633.0
3816,1126,2025-04-30 16:09:07,Tablet,262218.0
3817,1161,2024-06-21 11:19:36,Mobile,118397.0
3818,627,2026-08-12 09:21:57,Tablet,145788.0
3819,686,2024-09-12 03:20:39,Smart TV,311161.0
3820,827,2024-11-14 23:47:47,Mobile,104725.0
3821,313,2025-10-03 13:47:37,Mobile,219541.0
3822,1138,2026-08-19 20:35:01,Tablet,201548.0
3823,796,2025-02-03 15:13:47,Mobile,129192.0
3824,250,2025-11-08 19:34:47,Desktop,118878.0
3825,498,2025-11-11 23:39:47,Desktop,251986.0
3826,546,2025-01-27 20:23:44,Mobile,226788.0
3827,464,2025-04-23 07:33:55,Web,78743.0
3828,110,2025-01-31 02:20:30,Web,127350.0
3829,1067,2026-09-13 11:53:51,Web,114301.0
3830,676,2024-12-01 21:16:01,Web,186729.0
3831,921,2025-11-09 14:32:29,Web,245328.0
3832,943,2025-05-29 14:01:51,Web,154616.0
3833,691,2024-03-09 04:47:50,Smart TV,207979.0
3834,870,2024-09-24 23:16:14,Desktop,120012.0
3835,849,2026-07-26 08:09:45,Smart TV,113303.0
3836,220,2024-09-18 15:48:56,Web,154570.0
3837,364,2024-02-13 02:14:14,Unknown,121947.0
3838,1045,2025-03-17 16:07:54,Mobile,141103.0
3839,756,2024-05-20 01:50:46,Tablet,66726.0
3840,190,2025-08-08 19:12:44,Mobile,103998.0
3841,697,2025-02-22 13:37:09,Web,268185.0
3842,1121,2024-11-23 01:48:29,Desktop,116495.0
3843,381,2026-05-02 06:45:53,Smart TV,209735.0
3844,867,2025-02-24 07:27:25,Tablet,52778.0
3845,98,2026-03-09 10:09:48,Mobile,42665.0
3846,4,2025-02-15 01:28:35,Mobile,274978.0
3847,1006,2024-02-14 01:23:21,Mobile,170525.0
3848,1083,2024-09-30 12:43:39,Web,101115.0
3849,1189,2026-05-01 14:47:51,Web,87526.0
3850,272,2025-04-29 00:41:23,Tablet,222708.0
3851,880,2024-04-07 04:06:59,Tablet,291242.0
3852,397,2024-02-15 11:21:49,Smart TV,154616.0
3853,982,2026-01-19 13:20:09,Mobile,48683.0
3854,23,2025-09-01 05:34:32,Mobile,233508.0
3855,823,2025-07-16 21:23:47,Desktop,216261.0
3856,942,2024-04-22 10:17:09,Desktop,312349.0
3857,90,2024-10-17 08:57:01,Web,48165.0
3858,510,2026-03-30 03:10:01,Web,84051.0
3859,816,2026-05-26 01:34:26,Mobile,85940.0
3860,848,2024-12-30 12:22:12,Desktop,107611.0
3861,514,2025-04-09 11:51:51,Smart TV,166687.0
3862,285,2026-07-04 01:58:16,Smart TV,222602.0
3863,118,2024-05-27 16:33:17,Mobile,174671.0
3864,730,2026-07-14 15:53:49,Tablet,184062.0
3865,6,2024-11-22 16:50:02,Desktop,240204.0
3866,171,2025-12-15 19:01:31,Unknown,84940.0
3867,415,2026-04-09 06:33:42,Desktop,312993.0
3868,1177,2026-04-02 08:21:38,Mobile,223008.0
3869,759,2024-10-06 19:17:12,Unknown,157784.0
3870,655,2024-03-24 15:14:27,Smart TV,86552.0
3871,1192,2024-10-30 06:51:26,Tablet,94489.0
3872,466,2024-02-02 05:23:06,Web,139907.0
3873,845,2026-02-06 19:14:08,Unknown,336283.0
3874,678,2026-01-26 04:01:06,Mobile,209825.0
3875,624,2024-03-11 23:45:17,Web,334726.0
3876,1115,2025-05-31 01:11:36,Tablet,314950.0
3877,454,2024-07-13 10:21:21,Desktop,168901.0
3878,460,2025-03-02 07:23:38,Smart TV,154616.0
3879,755,2025-12-17 11:01:09,Mobile,116792.0
3880,6,2025-08-14 19:40:12,Web,227786.0
3881,478,2025-04-06 16:20:47,Mobile,50692.0
3882,948,2024-01-11 09:48:51,Desktop,208565.0
3883,699,2025-12-21 22:39:39,Desktop,94926.0
3884,435,2026-07-31 22:50:58,Mobile,327777.0
3885,920,2025-10-19 19:37:37,Smart TV,134172.0
3886,776,2025-09-11 16:10:54,Mobile,183741.0
3887,1011,2026-09-01 08:37:11,Desktop,306297.0
3888,63,2026-02-20 02:31:08,Unknown,257875.0
3889,744,2026-07-02 21:28:08,Tablet,73230.0
3890,388,2024-09-10 23:40:57,Smart TV,38018.0
3891,589,2025-10-21 18:11:19,Web,53734.0
3892,615,2024-02-14 14:02:35,Unknown,92571.0
3893,607,2026-08-08 12:55:23,Web,303190.0
3894,1170,2024-07-26 13:25:14,Smart TV,133290.0
3895,756,2024-01-07 20:59:29,Mobile,68630.0
3896,961,2025-07-04 23:35:38,Unknown,133105.0
3897,374,2025-04-05 04:01:44,Smart TV,162274.0
3898,54,2026-02-17 04:41:05,Unknown,327176.0
3899,785,2026-03-17 02:21:40,Mobile,53442.0
3900,241,2024-01-28 22:04:37,Smart TV,227953.0
3901,7,2025-08-24 23:38:32,Tablet,72813.0
3902,8,2026-04-14 20:14:02,Mobile,67562.0
3903,403,2024-05-19 18:11:22,Tablet,183184.0
3904,50,2024-12-18 19:04:26,Smart TV,116248.0
3905,102,2024-03-27 10:06:16,Unknown,234813.0
3906,790,2025-06-02 04:42:46,Tablet,317529.0
3907,688,2025-03-13 23:34:26,Smart TV,167655.0
3908,627,2025-03-20 01:01:32,Unknown,304160.0
3909,652,2026-09-11 21:38:58,Tablet,94211.0
3910,230,2025-08-30 06:05:20,Mobile,50581.0
3911,420,2025-01-12 14:36:35,Tablet,80372.0
3912,942,2026-03-27 10:16:42,Tablet,239525.0
3913,358,2024-12-26 01:38:03,Smart TV,34972.0
3914,957,2026-02-03 09:40:23,Smart TV,194534.0
3915,969,2024-07-12 13:13:13,Unknown,128589.0
3916,232,2025-05-16 18:04:55,Web,96028.0
3917,1023,2025-04-06 22:06:28,Tablet,124013.0
3918,683,2025-11-01 20:01:38,Web,128387.0
3919,792,2025-09-10 21:04:09,Desktop,146570.0
3920,719,2024-05-28 01:18:51,Mobile,233203.0
3921,779,2026-07-02 09:15:14,Desktop,181372.0
3922,782,2026-04-09 17:52:23,Smart TV,40600.0
3923,1199,2025-08-12 06:53:12,Mobile,97781.0
3924,436,2025-10-04 02:46:41,Tablet,93689.0
3925,444,2024-02-10 11:41:05,Tablet,142450.0
3926,978,2025-01-17 08:27:07,Desktop,88261.0
3927,868,2025-12-07 06:15:00,Web,48173.0
3928,1125,2026-09-06 17:52:31,Mobile,119056.0
3929,382,2025-07-25 05:44:22,Tablet,89070.0
3930,404,2024-10-24 13:24:45,Desktop,96093.0
3931,262,2024-05-20 21:04:51,Smart TV,56767.0
3932,1046,2025-03-17 12:13:13,Desktop,154616.0
3933,1163,2025-10-28 10:04:54,Smart TV,270753.0
3934,765,2026-05-06 23:27:12,Smart TV,199593.0
3935,1014,2026-01-12 17:34:04,Smart TV,247639.0
3936,616,2024-07-27 02:42:00,Desktop,338551.0
3937,619,2025-10-18 11:37:26,Unknown,57023.0
3938,157,2024-03-11 12:01:49,Tablet,108997.0
3939,289,2026-07-10 16:43:38,Tablet,50191.0
3940,71,2026-01-20 06:50:54,Web,126797.0
3941,924,2025-10-21 12:49:41,Tablet,282027.0
3942,526,2024-07-20 07:15:44,Smart TV,217258.0
3943,944,2024-01-05 18:57:49,Smart TV,197199.0
3944,1173,2026-02-16 09:54:47,Unknown,73298.0
3945,559,2024-09-29 03:51:53,Mobile,48612.0
3946,615,2024-05-29 17:43:23,Web,171961.0
3947,396,2024-12-23 10:08:11,Mobile,306371.0
3948,219,2026-05-21 19:05:56,Unknown,199436.0
3949,852,2025-09-17 22:39:45,Desktop,223994.0
3950,503,2025-01-13 16:19:19,Web,178275.0
3951,1030,2026-06-28 23:05:20,Unknown,67358.0
3952,1023,2024-02-08 06:52:07,Mobile,143412.0
3953,190,2026-06-10 15:00:06,Unknown,91185.0
3954,331,2025-01-28 06:49:19,Web,150026.0
3955,582,2025-03-02 05:55:21,Mobile,25745.0
3956,473,2024-12-15 09:07:34,Unknown,287629.0
3957,348,2024-05-27 09:06:02,Mobile,154616.0
3958,911,2024-09-09 10:44:39,Mobile,74298.0
3959,698,2026-05-03 09:26:12,Unknown,152459.0
3960,104,2025-03-03 01:50:48,Tablet,315999.0
3961,1077,2026-05-23 02:48:11,Web,47748.0
3962,222,2025-02-04 06:54:48,Unknown,143752.0
3963,175,2026-01-27 06:27:21,Web,25727.0
3964,219,2025-05-14 12:18:16,Mobile,115365.0
3965,692,2025-03-22 09:12:53,Unknown,241079.0
3966,688,2024-10-03 04:26:10,Smart TV,71082.0
3967,803,2025-01-03 00:26:56,Tablet,63324.0
3968,138,2024-12-02 15:41:44,Tablet,290398.0
3969,239,2025-03-25 23:32:56,Unknown,144898.0
3970,970,2025-07-15 06:12:19,Desktop,138153.0
3971,623,2025-08-29 06:29:27,Mobile,69479.0
3972,211,2025-10-28 10:18:31,Tablet,64176.0
3973,554,2025-05-30 04:06:38,Mobile,70430.0
3974,444,2026-04-15 18:41:10,Smart TV,200065.0
3975,1183,2025-08-18 06:54:06,Desktop,258592.0
3976,845,2024-11-25 05:36:03,Desktop,56059.0
3977,63,2024-04-20 16:23:31,Mobile,103049.0
3978,1037,2025-10-24 11:01:18,Tablet,201886.0
3979,1052,2026-09-10 18:57:12,Web,176367.0
3980,1114,2024-03-16 19:45:01,Tablet,77484.0
3981,256,2024-09-10 14:02:19,Tablet,139624.0
3982,209,2026-07-24 15:09:30,Unknown,121551.0
3983,1182,2024-05-06 11:24:32,Mobile,117096.0
3984,1147,2025-11-01 00:55:34,Mobile,170958.0
3985,1060,2024-11-18 05:00:08,Tablet,117305.0
3986,350,2026-06-27 08:35:09,Unknown,102038.0
3987,26,2026-01-14 04:33:54,Unknown,55047.0
3988,516,2025-02-08 06:20:26,Mobile,347468.0
3989,498,2026-03-10 05:45:22,Desktop,51688.0
3990,519,2024-06-11 08:48:05,Mobile,189583.0
3991,918,2025-04-30 14:00:45,Tablet,42933.0
3992,406,2025-10-29 23:06:02,Tablet,368442.0
3993,1011,2025-10-17 15:31:56,Web,235181.0
3994,107,2025-07-06 18:10:32,Mobile,190401.0
3995,920,2025-10-27 12:18:27,Unknown,84090.0
3996,107,2024-01-21 08:46:41,Web,293785.0
3997,150,2024-01-20 21:47:06,Desktop,152184.0
3998,581,2026-03-28 16:49:08,Web,318745.0
3999,375,2025-03-18 12:36:37,Unknown,130044.0
4000,1090,2025-08-29 07:33:00,Smart TV,234954.0
4001,480,2025-08-17 20:03:28,Tablet,138842.0
4002,212,2026-04-04 20:04:24,Tablet,93862.0
4003,391,2026-07-18 13:53:01,Unknown,158822.0
4004,341,2026-03-06 16:43:37,Mobile,167827.0
4005,980,2026-06-24 01:26:47,Desktop,106049.0
4006,722,2026-07-14 16:37:28,Tablet,291754.0
4007,753,2025-08-15 08:33:56,Smart TV,45479.0
4008,1185,2025-08-30 06:48:41,Web,239918.0
4009,511,2024-11-15 17:01:26,Smart TV,150495.0
4010,7,2025-05-22 17:27:27,Tablet,175335.0
4011,610,2025-08-02 10:17:14,Smart TV,233691.0
4012,406,2026-03-12 12:36:56,Unknown,206063.0
4013,850,2024-05-08 02:34:25,Web,69007.0
4014,1186,2025-01-02 02:39:22,Tablet,156742.0
4015,573,2026-01-27 13:04:14,Web,110399.0
4016,1194,2024-12-06 12:15:24,Desktop,59695.0
4017,71,2026-01-30 11:55:13,Mobile,182197.0
4018,1192,2025-02-27 07:34:45,Unknown,259023.0
4019,204,2024-01-27 21:43:24,Mobile,160926.0
4020,472,2026-05-31 15:36:55,Unknown,121021.0
4021,21,2026-08-23 12:12:12,Smart TV,261656.0
4022,487,2025-05-23 05:10:59,Smart TV,76154.0
4023,998,2026-05-13 18:17:21,Mobile,287611.0
4024,407,2026-06-23 06:16:48,Mobile,93818.0
4025,287,2025-06-12 02:55:09,Tablet,125957.0
4026,1168,2026-02-07 08:22:34,Unknown,165083.0
4027,908,2026-01-29 11:39:23,Mobile,302033.0
4028,145,2026-07-13 05:52:12,Tablet,101101.0
4029,867,2024-09-07 18:07:59,Mobile,163460.0
4030,627,2025-09-12 07:29:40,Mobile,106089.0
4031,1096,2025-05-30 14:39:49,Smart TV,110126.0
4032,685,2026-03-11 21:10:13,Mobile,283543.0
4033,55,2024-08-28 19:23:22,Desktop,50332.0
4034,856,2024-10-31 19:55:14,Unknown,349281.0
4035,77,2026-07-28 01:37:16,Web,88997.0
4036,156,2025-12-24 09:12:18,Mobile,45345.0
4037,276,2025-06-14 09:31:53,Unknown,267158.0
4038,1127,2025-04-26 19:24:15,Desktop,122696.0
4039,377,2026-02-16 02:20:18,Smart TV,137664.0
4040,23,2024-08-02 04:40:24,Unknown,248119.0
4041,638,2025-11-11 18:02:36,Web,107134.0
4042,626,2024-05-12 03:48:13,Mobile,46413.0
4043,43,2024-10-28 14:23:06,Web,154616.0
4044,227,2024-07-23 04:26:25,Unknown,70347.0
4045,933,2025-08-07 11:02:55,Desktop,59180.0
4046,262,2025-11-26 08:26:51,Unknown,114259.0
4047,951,2024-05-13 23:55:05,Mobile,42080.0
4048,1071,2026-03-30 21:50:31,Tablet,342562.0
4049,1136,2025-05-23 20:09:37,Smart TV,222863.0
4050,868,2025-05-02 15:56:43,Desktop,253074.0
4051,1025,2025-05-06 16:55:11,Desktop,191088.0
4052,1100,2024-03-27 19:24:25,Smart TV,196168.0
4053,330,2024-02-12 10:06:43,Web,233120.0
4054,740,2024-04-29 21:22:09,Tablet,128529.0
4055,840,2026-08-09 18:33:41,Unknown,294255.0
4056,935,2026-04-28 08:07:54,Unknown,87401.0
4057,63,2025-05-25 21:04:16,Unknown,184069.0
4058,83,2024-09-10 22:48:20,Smart TV,237455.0
4059,654,2025-06-06 12:04:04,Mobile,111033.0
4060,1105,2025-10-14 11:50:36,Desktop,99048.0
4061,68,2025-01-05 10:09:19,Desktop,328352.0
4062,1196,2024-07-06 16:18:47,Web,82058.0
4063,64,2026-08-23 14:56:55,Smart TV,56685.0
4064,935,2024-01-09 05:06:25,Unknown,228805.0
4065,153,2026-02-25 12:55:45,Web,116318.0
4066,381,2024-02-26 12:36:38,Unknown,124206.0
4067,690,2026-02-12 07:58:30,Mobile,142512.0
4068,922,2026-02-16 18:47:32,Smart TV,167350.0
4069,959,2025-12-16 18:19:33,Tablet,179292.0
4070,338,2025-10-21 04:55:50,Mobile,334111.0
4071,80,2025-04-11 05:05:28,Web,154616.0
4072,45,2026-02-26 22:31:14,Mobile,90690.0
4073,256,2026-03-12 06:19:38,Smart TV,102360.0
4074,752,2025-11-15 17:54:18,Web,154616.0
4075,195,2026-08-23 00:50:12,Tablet,316435.0
4076,876,2025-02-22 17:36:10,Web,66300.0
4077,306,2026-09-09 15:46:47,Smart TV,93316.0
4078,122,2025-12-13 09:25:16,Mobile,150432.0
4079,236,2026-04-04 00:34:14,Smart TV,266600.0
4080,29,2024-08-24 08:49:04,Mobile,53730.0
4081,585,2025-11-06 10:41:43,Smart TV,107000.0
4082,501,2024-05-17 11:12:44,Tablet,332676.0
4083,1160,2025-09-20 17:34:52,Unknown,180020.0
4084,123,2026-02-11 07:47:01,Desktop,189380.0
4085,1052,2024-04-13 16:53:42,Unknown,193093.0
4086,1025,2026-08-13 21:28:37,Tablet,171449.0
4087,330,2024-10-17 17:00:25,Mobile,61177.0
4088,216,2026-08-09 06:58:39,Web,53970.0
4089,502,2024-05-19 09:00:35,Web,73393.0
4090,777,2026-04-15 13:31:44,Desktop,42466.0
4091,950,2025-01-11 21:39:05,Mobile,44289.0
4092,45,2024-09-08 09:52:30,Web,77230.0
4093,406,2026-01-16 05:37:38,Unknown,171393.0
4094,961,2024-10-30 01:01:53,Unknown,317668.0
4095,678,2024-08-03 13:49:59,Unknown,83540.0
4096,318,2024-07-29 04:29:43,Mobile,36801.0
4097,137,2024-04-26 21:32:57,Unknown,245505.0
4098,282,2024-01-29 13:48:19,Unknown,30700.0
4099,824,2025-10-27 21:13:42,Web,72550.0
4100,264,2024-06-29 02:44:41,Desktop,389080.0
4101,869,2026-03-13 15:56:15,Unknown,198584.0
4102,749,2026-04-15 07:17:16,Web,149205.0
4103,870,2024-05-02 04:30:12,Unknown,290825.0
4104,641,2025-11-15 22:36:58,Web,201845.0
4105,291,2025-02-27 03:06:16,Web,156621.0
4106,645,2024-08-02 15:58:06,Web,178071.0
4107,1097,2024-06-06 14:37:02,Tablet,159792.0
4108,756,2024-03-02 19:26:13,Tablet,42829.0
4109,637,2026-09-17 01:08:35,Desktop,105930.0
4110,400,2024-12-21 20:12:45,Web,164978.0
4111,1047,2024-02-27 07:30:34,Unknown,314315.0
4112,683,2026-06-15 23:28:40,Web,90311.0
4113,58,2026-08-06 18:03:10,Unknown,93696.0
4114,1042,2024-03-31 21:19:56,Smart TV,224081.0
4115,434,2025-01-04 09:26:20,Desktop,211131.0
4116,734,2024-07-04 10:12:45,Smart TV,214289.0
4117,989,2024-09-16 10:23:11,Smart TV,273938.0
4118,542,2026-03-24 21:22:58,Web,73917.0
4119,109,2024-02-19 15:49:44,Tablet,33646.0
4120,278,2025-02-03 10:50:13,Unknown,125340.0
4121,937,2025-01-07 13:17:22,Tablet,191417.0
4122,467,2026-03-15 20:28:44,Web,157012.0
4123,778,2024-01-22 21:13:10,Web,77208.0
4124,50,2025-04-24 05:43:19,Web,191844.0
4125,406,2025-09-09 15:50:24,Mobile,65797.0
4126,1175,2026-05-03 22:22:23,Desktop,263161.0
4127,518,2025-04-24 01:07:53,Desktop,144638.0
4128,739,2025-11-15 03:47:31,Mobile,156769.0
4129,808,2026-03-03 02:04:01,Unknown,127191.0
4130,474,2026-02-06 21:16:50,Tablet,78697.0
4131,1042,2026-08-14 19:20:20,Desktop,109519.0
4132,942,2025-07-24 20:52:11,Desktop,138036.0
4133,876,2024-04-02 18:10:54,Smart TV,212077.0
4134,538,2024-12-10 11:09:06,Web,193151.0
4135,726,2026-05-12 16:37:03,Desktop,276393.0
4136,919,2026-01-12 07:01:42,Web,266196.0
4137,295,2025-03-25 03:52:35,Desktop,196255.0
4138,574,2026-07-12 00:51:42,Desktop,102451.0
4139,808,2026-06-02 04:42:33,Smart TV,216525.0
4140,555,2025-12-28 01:06:24,Mobile,175041.0
4141,570,2026-01-15 14:10:44,Mobile,96784.0
4142,335,2025-07-19 13:45:15,Mobile,102979.0
4143,33,2024-12-24 00:14:18,Desktop,227334.0
4144,1090,2026-01-05 21:57:29,Unknown,98571.0
4145,598,2025-11-26 23:10:18,Tablet,150461.0
4146,277,2025-03-28 15:17:30,Desktop,116547.0
4147,423,2025-10-01 07:39:10,Desktop,142845.0
4148,936,2024-07-17 04:50:57,Desktop,203381.0
4149,857,2026-02-27 21:03:40,Web,73826.0
4150,246,2024-02-12 00:26:02,Smart TV,82327.0
4151,904,2026-02-13 06:00:44,Unknown,39405.0
4152,515,2026-09-03 19:00:09,Unknown,130093.0
4153,784,2026-03-20 12:29:52,Web,107406.0
4154,731,2025-05-02 09:03:07,Desktop,73975.0
4155,9,2025-07-27 20:40:21,Smart TV,229856.0
4156,455,2024-02-01 20:41:34,Tablet,171859.0
4157,430,2026-05-11 08:28:51,Desktop,135755.0
4158,216,2024-05-13 22:17:35,Web,161594.0
4159,176,2026-01-29 11:20:08,Desktop,160126.0
4160,930,2025-11-16 13:35:05,Unknown,174760.0
4161,55,2025-06-22 05:26:19,Mobile,115204.0
4162,121,2025-04-28 05:29:18,Unknown,62950.0
4163,979,2024-03-28 05:42:08,Tablet,226409.0
4164,572,2024-12-21 06:33:11,Unknown,80248.0
4165,663,2025-08-06 15:03:21,Desktop,293331.0
4166,155,2026-04-12 11:56:12,Tablet,218076.0
4167,1057,2026-01-08 16:54:50,Web,198389.0
4168,913,2026-03-19 22:36:42,Mobile,49737.0
4169,1129,2025-06-22 19:36:12,Mobile,42990.0
4170,580,2026-08-19 02:26:26,Unknown,154616.0
4171,573,2024-05-04 08:02:51,Tablet,279350.0
4172,1119,2025-03-09 17:58:20,Smart TV,142333.0
4173,665,2024-12-14 19:42:17,Tablet,122997.0
4174,694,2025-08-11 03:31:49,Tablet,91639.0
4175,897,2024-06-29 09:01:59,Unknown,120604.0
4176,806,2024-05-11 16:12:48,Web,93146.0
4177,214,2025-07-07 04:32:43,Mobile,157691.0
4178,632,2026-03-23 08:13:37,Unknown,217953.0
4179,664,2026-07-24 01:40:27,Smart TV,273721.0
4180,300,2024-04-18 17:43:51,Desktop,190973.0
4181,606,2025-09-11 07:19:30,Mobile,186538.0
4182,872,2026-03-13 13:45:00,Smart TV,110839.0
4183,1139,2026-07-04 20:22:46,Tablet,263867.0
4184,1047,2026-01-23 13:06:13,Tablet,195308.0
4185,155,2026-09-07 03:07:57,Smart TV,46444.0
4186,938,2025-10-18 05:30:22,Mobile,257260.0
4187,1033,2025-04-03 22:44:55,Tablet,118548.0
4188,650,2024-08-09 16:32:54,Desktop,221061.0
4189,571,2025-08-11 07:44:47,Unknown,356998.0
4190,545,2024-12-30 21:45:33,Web,196760.0
4191,506,2026-08-16 15:58:00,Mobile,194346.0
4192,600,2024-02-10 17:33:58,Web,147092.0
4193,140,2026-04-01 18:31:50,Tablet,166972.0
4194,366,2025-03-18 21:27:45,Desktop,94107.0
4195,326,2025-04-25 07:35:07,Mobile,245057.0
4196,289,2025-01-07 14:10:38,Mobile,169687.0
4197,317,2026-05-23 09:04:18,Web,27255.0
4198,938,2025-11-06 18:25:15,Tablet,230855.0
4199,236,2025-01-11 08:31:27,Web,68879.0
4200,796,2025-01-24 00:43:04,Unknown,24791.0
4201,2,2026-06-15 12:08:51,Desktop,241113.0
4202,835,2025-10-31 22:03:16,Mobile,43943.0
4203,415,2026-07-12 09:46:54,Desktop,62265.0
4204,831,2024-12-12 23:49:12,Web,96289.0
4205,889,2026-01-19 19:31:08,Tablet,107994.0
4206,909,2026-06-05 16:03:47,Smart TV,180710.0
4207,90,2025-03-12 01:36:04,Smart TV,36203.0
4208,204,2026-05-01 10:07:17,Smart TV,268970.0
4209,65,2024-02-22 10:06:48,Unknown,227879.0
4210,1000,2024-11-12 10:19:46,Mobile,90560.0
4211,782,2024-09-01 18:20:25,Desktop,164365.0
4212,163,2026-07-17 13:01:35,Web,203196.0
4213,13,2026-01-26 11:50:02,Tablet,114200.0
4214,896,2025-03-15 04:26:22,Tablet,176463.0
4215,1023,2024-11-10 02:26:30,Web,135273.0
4216,479,2025-10-04 02:18:45,Unknown,141435.0
4217,1031,2025-05-27 17:07:00,Web,99844.0
4218,1172,2024-06-25 02:59:28,Unknown,241161.0
4219,449,2025-08-13 21:18:27,Desktop,327837.0
4220,252,2024-11-17 20:30:18,Unknown,154616.0
4221,252,2024-08-04 05:02:48,Unknown,154616.0
4222,560,2026-08-28 18:37:17,Smart TV,143407.0
4223,929,2026-08-03 17:35:04,Unknown,74058.0
4224,545,2024-04-23 16:55:03,Mobile,234371.0
4225,608,2024-11-19 15:12:27,Tablet,194757.0
4226,174,2026-07-02 03:35:40,Web,181565.0
4227,759,2025-03-26 23:46:17,Unknown,220067.0
4228,922,2026-02-08 14:32:43,Unknown,211031.0
4229,887,2025-01-29 14:35:42,Smart TV,167880.0
4230,96,2025-07-29 12:50:40,Unknown,54593.0
4231,701,2026-05-20 23:19:45,Web,52721.0
4232,657,2026-08-06 06:44:14,Web,41695.0
4233,1174,2025-09-30 19:33:43,Tablet,119823.0
4234,1144,2025-05-28 17:45:17,Web,257865.0
4235,565,2024-05-25 06:03:58,Unknown,36877.0
4236,1135,2025-01-05 01:28:40,Tablet,141038.0
4237,1099,2025-04-23 08:27:09,Unknown,208382.0
4238,565,2024-02-05 02:14:47,Web,126117.0
4239,850,2026-05-31 15:43:15,Desktop,62686.0
4240,180,2024-09-20 08:59:57,Unknown,42355.0
4241,389,2025-08-03 08:42:14,Mobile,154616.0
4242,223,2026-08-01 04:04:45,Unknown,183537.0
4243,44,2025-02-14 12:52:32,Web,112847.0
4244,1072,2025-05-25 11:38:34,Web,146550.0
4245,315,2025-08-06 14:17:51,Desktop,49342.0
4246,844,2025-09-15 16:39:20,Unknown,169478.0
4247,1072,2024-08-04 11:33:19,Tablet,62623.0
4248,1119,2024-07-23 23:40:18,Mobile,115997.0
4249,495,2024-12-02 12:42:36,Tablet,363635.0
4250,885,2026-06-16 09:00:32,Tablet,167059.0
4251,1178,2024-12-29 19:33:31,Smart TV,106312.0
4252,1094,2026-08-03 05:07:43,Mobile,95881.0
4253,252,2025-09-06 22:22:53,Unknown,284391.0
4254,886,2024-05-12 09:36:08,Web,257731.0
4255,964,2025-03-07 06:07:15,Unknown,255217.0
4256,1100,2024-10-17 05:00:07,Mobile,101782.0
4257,994,2026-09-16 21:28:33,Tablet,107540.0
4258,100,2024-04-02 00:08:34,Smart TV,92206.0
4259,158,2025-09-13 02:06:58,Web,228990.0
4260,261,2026-05-06 00:19:43,Smart TV,60141.0
4261,326,2024-04-13 04:40:56,Web,60324.0
4262,155,2025-08-08 01:30:34,Unknown,177947.0
4263,784,2024-06-24 11:05:43,Smart TV,282894.0
4264,375,2024-06-03 01:17:52,Smart TV,72179.0
4265,445,2025-10-09 08:35:09,Web,126273.0
4266,75,2025-06-18 05:40:02,Smart TV,91093.0
4267,263,2024-11-26 08:45:33,Web,242961.0
4268,30,2024-08-28 01:57:12,Tablet,150708.0
4269,1080,2026-05-08 10:20:00,Desktop,38151.0
4270,126,2024-05-24 10:18:24,Web,214633.0
4271,101,2025-05-14 10:11:42,Unknown,109524.0
4272,435,2026-01-25 08:59:02,Tablet,368981.0
4273,1158,2025-09-14 16:57:11,Mobile,61752.0
4274,620,2026-08-08 07:21:44,Mobile,57121.0
4275,959,2025-05-10 03:30:08,Unknown,143373.0
4276,673,2025-12-20 08:47:37,Smart TV,172015.0
4277,973,2025-10-06 23:24:48,Web,92652.0
4278,527,2025-03-27 14:29:05,Web,41899.0
4279,975,2026-08-27 08:12:02,Mobile,156504.0
4280,591,2025-04-24 03:32:36,Smart TV,103863.0
4281,217,2024-12-13 08:59:43,Tablet,115355.0
4282,262,2025-09-13 09:41:38,Desktop,50372.0
4283,142,2024-12-20 02:08:36,Web,261180.0
4284,456,2025-10-13 09:05:10,Smart TV,110067.0
4285,1106,2025-09-19 23:26:54,Web,164615.0
4286,915,2025-04-29 06:52:45,Tablet,96052.0
4287,144,2026-05-01 04:47:28,Mobile,231930.0
4288,453,2025-04-05 04:04:29,Smart TV,289336.0
4289,710,2025-09-05 08:49:34,Web,140602.0
4290,947,2025-11-14 03:11:13,Mobile,169235.0
4291,184,2025-03-07 06:48:26,Unknown,268526.0
4292,802,2026-05-26 23:47:28,Mobile,223141.0
4293,94,2024-01-04 10:03:09,Web,170259.0
4294,442,2025-02-05 09:43:22,Desktop,149634.0
4295,1154,2026-04-07 15:14:00,Desktop,205230.0
4296,16,2025-10-08 02:03:09,Smart TV,204871.0
4297,816,2026-01-05 18:12:45,Tablet,102689.0
4298,97,2026-05-17 22:50:08,Smart TV,133425.0
4299,1117,2024-11-23 17:33:49,Desktop,53848.0
4300,386,2025-07-07 13:32:56,Tablet,154616.0
4301,89,2026-07-10 02:11:03,Desktop,200637.0
4302,701,2025-06-10 15:26:31,Smart TV,144760.0
4303,678,2024-10-17 14:39:14,Smart TV,150706.0
4304,340,2025-07-20 23:57:34,Mobile,150573.0
4305,495,2024-10-23 09:59:02,Desktop,309863.0
4306,377,2025-12-29 10:27:03,Unknown,309444.0
4307,847,2026-05-26 19:14:13,Mobile,106586.0
4308,685,2024-10-30 14:57:26,Smart TV,241563.0
4309,641,2025-05-21 07:25:40,Mobile,129803.0
4310,1055,2025-01-10 03:56:25,Smart TV,314098.0
4311,811,2025-08-05 14:04:33,Web,96705.0
4312,1188,2025-02-22 11:54:47,Unknown,154616.0
4313,469,2025-12-23 07:58:15,Desktop,92644.0
4314,1167,2026-05-13 14:23:14,Unknown,279330.0
4315,287,2024-03-31 00:19:00,Desktop,152072.0
4316,668,2024-04-04 09:40:08,Tablet,148018.0
4317,755,2026-05-09 07:12:27,Smart TV,205074.0
4318,813,2025-02-27 01:38:27,Smart TV,107869.0
4319,629,2024-08-07 02:05:25,Mobile,105154.0
4320,1117,2024-03-20 08:02:04,Tablet,197415.0
4321,1146,2024-05-26 04:26:12,Web,28243.0
4322,305,2024-11-14 06:55:28,Unknown,163319.0
4323,757,2024-02-03 03:09:56,Web,230435.0
4324,1163,2025-02-07 04:50:43,Smart TV,229065.0
4325,673,2024-07-21 21:58:16,Tablet,32300.0
4326,436,2025-11-06 23:53:38,Smart TV,105241.0
4327,50,2024-02-21 15:57:29,Smart TV,124598.0
4328,883,2025-02-05 13:44:11,Desktop,230300.0
4329,884,2026-08-09 00:10:38,Web,206671.0
4330,431,2025-06-14 14:52:19,Unknown,184867.0
4331,730,2026-07-16 00:35:49,Desktop,178676.0
4332,685,2026-03-17 23:03:16,Desktop,157568.0
4333,773,2025-01-24 20:35:29,Desktop,184660.0
4334,671,2025-04-03 05:46:59,Web,192628.0
4335,846,2026-08-01 19:40:17,Desktop,254149.0
4336,970,2026-09-11 01:59:49,Desktop,169387.0
4337,395,2026-03-10 08:46:23,Smart TV,114138.0
4338,853,2025-02-11 03:50:09,Web,65846.0
4339,792,2024-03-30 19:54:36,Tablet,39243.0
4340,811,2024-06-21 18:16:58,Unknown,183113.0
4341,1065,2025-12-13 18:59:50,Tablet,338353.0
4342,347,2024-10-05 09:07:24,Mobile,141011.0
4343,504,2025-11-27 23:39:58,Mobile,222975.0
4344,1066,2026-09-07 15:33:19,Mobile,222215.0
4345,471,2025-11-14 10:54:41,Tablet,79960.0
4346,467,2025-12-13 23:52:33,Desktop,120609.0
4347,1116,2024-01-29 04:24:59,Web,191309.0
4348,961,2025-03-06 21:19:17,Desktop,61727.0
4349,1012,2026-09-15 17:58:47,Unknown,236274.0
4350,1129,2026-04-06 00:05:09,Desktop,50140.0
4351,328,2026-08-10 01:00:44,Tablet,65765.0
4352,752,2024-07-03 01:07:53,Tablet,33207.0
4353,204,2025-01-07 05:31:50,Desktop,105113.0
4354,809,2025-10-14 07:53:43,Mobile,272704.0
4355,1134,2024-06-30 02:53:46,Desktop,107153.0
4356,251,2025-07-16 21:39:22,Mobile,198115.0
4357,231,2024-07-06 22:39:42,Desktop,154616.0
4358,201,2025-11-10 16:37:14,Tablet,134187.0
4359,29,2024-01-08 00:12:27,Unknown,147045.0
4360,163,2026-09-01 16:51:15,Desktop,102612.0
4361,357,2026-08-19 10:42:18,Web,303980.0
4362,448,2026-03-13 18:34:47,Web,312602.0
4363,149,2024-11-16 10:21:53,Tablet,225883.0
4364,237,2024-04-26 16:56:14,Unknown,308625.0
4365,1132,2025-04-08 00:23:34,Desktop,73960.0
4366,68,2026-05-14 09:15:59,Unknown,68284.0
4367,1065,2024-01-10 19:51:15,Unknown,331426.0
4368,1164,2025-10-18 04:09:06,Mobile,84481.0
4369,780,2025-11-13 00:27:33,Unknown,31851.0
4370,440,2024-07-01 09:39:33,Desktop,248432.0
4371,718,2024-07-10 16:24:56,Unknown,114891.0
4372,88,2026-06-24 05:58:19,Smart TV,55037.0
4373,958,2025-07-31 12:36:33,Unknown,248655.0
4374,441,2024-06-20 14:03:50,Unknown,151365.0
4375,171,2025-02-14 16:14:09,Smart TV,230748.0
4376,960,2026-03-24 19:33:07,Tablet,113409.0
4377,15,2024-07-02 11:38:44,Smart TV,70313.0
4378,526,2026-02-11 06:09:48,Mobile,174110.0
4379,350,2024-06-24 01:29:07,Smart TV,177431.0
4380,693,2024-08-01 23:19:39,Unknown,202433.0
4381,25,2025-01-04 07:11:11,Mobile,65322.0
4382,125,2025-11-11 12:28:40,Web,40107.0
4383,6,2025-06-24 09:26:47,Web,141440.0
4384,846,2026-08-09 17:49:05,Smart TV,156304.0
4385,1033,2024-09-13 15:52:48,Unknown,184839.0
4386,15,2025-07-26 23:50:58,Unknown,250558.0
4387,921,2025-02-06 09:55:30,Web,247823.0
4388,1045,2024-08-25 11:43:16,Mobile,181795.0
4389,173,2025-05-24 05:56:59,Tablet,193540.0
4390,907,2024-09-05 05:00:28,Mobile,172528.0
4391,1121,2026-07-18 08:36:06,Mobile,47113.0
4392,323,2024-03-05 07:02:13,Desktop,108705.0
4393,786,2025-06-30 01:07:47,Mobile,49059.0
4394,746,2024-01-31 06:30:31,Mobile,110042.0
4395,136,2025-11-21 17:04:41,Smart TV,178096.0
4396,160,2026-01-06 03:13:48,Web,188153.0
4397,1108,2024-12-26 16:01:02,Tablet,108227.0
4398,831,2026-09-01 07:06:30,Web,221734.0
4399,115,2025-04-03 21:59:49,Tablet,54499.0
4400,165,2026-08-20 08:58:23,Mobile,161331.0
4401,1183,2024-03-04 04:31:31,Web,88428.0
4402,687,2025-12-16 14:48:49,Smart TV,140367.0
4403,900,2025-03-02 02:35:35,Web,256330.0
4404,1157,2025-02-12 01:03:19,Desktop,70479.0
4405,194,2025-04-05 15:22:14,Smart TV,162943.0
4406,956,2026-02-15 01:27:38,Desktop,73360.0
4407,1137,2024-01-05 09:09:35,Desktop,216908.0
4408,626,2025-04-07 18:22:45,Unknown,245754.0
4409,279,2024-11-26 06:54:10,Web,227538.0
4410,374,2025-06-28 09:44:57,Desktop,149657.0
4411,739,2025-12-26 18:16:42,Desktop,118739.0
4412,390,2024-08-08 22:53:14,Unknown,230934.0
4413,33,2024-06-16 09:16:54,Desktop,37622.0
4414,1179,2025-05-30 14:35:44,Tablet,282328.0
4415,1083,2024-11-11 13:59:07,Desktop,72406.0
4416,932,2024-09-11 21:19:07,Smart TV,219950.0
4417,711,2024-05-14 08:43:44,Tablet,269506.0
4418,853,2025-11-08 16:31:43,Desktop,186567.0
4419,970,2024-09-11 12:08:31,Desktop,216798.0
4420,639,2026-07-05 00:06:29,Mobile,210191.0
4421,214,2025-02-24 15:26:31,Mobile,123995.0
4422,239,2024-09-25 04:50:57,Desktop,45954.0
4423,524,2026-06-22 12:30:06,Desktop,98115.0
4424,822,2024-06-24 19:13:49,Desktop,171704.0
4425,400,2025-01-08 16:43:30,Web,57742.0
4426,744,2026-03-29 04:16:00,Web,278631.0
4427,417,2024-10-04 10:34:35,Mobile,293768.0
4428,957,2024-12-13 09:39:12,Tablet,196448.0
4429,681,2025-05-04 23:21:28,Mobile,94784.0
4430,1136,2025-06-28 10:53:47,Web,69552.0
4431,776,2024-08-31 18:24:38,Desktop,90881.0
4432,228,2024-05-05 14:51:00,Tablet,145550.0
4433,356,2026-07-12 09:09:47,Tablet,202656.0
4434,1027,2025-03-28 06:19:04,Web,103618.0
4435,440,2025-10-29 22:38:16,Web,225118.0
4436,1168,2026-04-11 04:18:19,Mobile,167323.0
4437,952,2024-11-19 04:20:27,Unknown,94550.0
4438,155,2026-03-27 19:15:41,Tablet,84044.0
4439,364,2026-07-28 08:32:30,Tablet,54845.0
4440,352,2024-09-23 11:48:24,Mobile,172689.0
4441,1031,2024-04-03 05:06:31,Desktop,123907.0
4442,980,2025-07-01 23:17:59,Desktop,207638.0
4443,632,2024-07-29 01:43:38,Web,309477.0
4444,852,2024-01-14 15:30:07,Smart TV,161513.0
4445,234,2026-01-12 00:57:51,Unknown,186249.0
4446,847,2024-09-05 16:14:01,Desktop,260467.0
4447,131,2025-06-15 17:52:47,Mobile,244504.0
4448,791,2024-12-12 00:19:33,Web,95406.0
4449,897,2024-03-26 12:44:34,Desktop,163081.0
4450,653,2024-01-03 05:03:11,Smart TV,149992.0
4451,91,2024-01-02 09:15:34,Smart TV,149492.0
4452,339,2025-07-25 22:36:33,Tablet,134079.0
4453,465,2025-10-16 04:51:59,Tablet,40737.0
4454,801,2026-06-28 02:54:38,Tablet,129667.0
4455,605,2024-05-24 13:32:29,Smart TV,33043.0
4456,780,2025-09-24 22:00:34,Smart TV,175523.0
4457,1035,2026-06-15 09:30:44,Unknown,76598.0
4458,139,2024-10-19 03:05:11,Web,101926.0
4459,804,2024-01-15 23:21:40,Desktop,105740.0
4460,506,2025-12-23 19:24:55,Web,297792.0
4461,1186,2025-01-12 06:10:37,Web,137776.0
4462,560,2025-04-12 11:47:03,Desktop,284204.0
4463,1004,2025-12-20 22:09:57,Mobile,235383.0
4464,697,2024-11-17 18:09:53,Tablet,216611.0
4465,1095,2026-05-18 07:36:30,Smart TV,175484.0
4466,639,2026-01-07 22:46:56,Desktop,48193.0
4467,559,2026-01-17 19:29:47,Web,154616.0
4468,471,2025-08-06 02:01:37,Smart TV,212670.0
4469,53,2026-06-14 04:51:20,Unknown,185161.0
4470,840,2025-09-25 23:02:12,Mobile,341945.0
4471,859,2024-08-04 13:00:22,Smart TV,128031.0
4472,36,2026-07-17 17:42:03,Desktop,93900.0
4473,179,2024-02-28 03:13:33,Desktop,221789.0
4474,281,2025-01-23 11:18:57,Mobile,239207.0
4475,1079,2024-01-24 04:45:25,Web,249142.0
4476,125,2025-05-28 12:42:29,Desktop,255982.0
4477,659,2025-02-19 13:35:55,Web,126490.0
4478,501,2025-04-26 16:29:56,Web,307031.0
4479,78,2026-04-22 16:17:03,Unknown,145746.0
4480,743,2026-03-03 11:45:02,Web,183841.0
4481,1148,2026-04-11 12:50:18,Web,156180.0
4482,156,2024-06-23 06:12:32,Unknown,285316.0
4483,1129,2026-04-29 10:34:28,Unknown,118416.0
4484,106,2024-03-25 17:54:17,Desktop,196819.0
4485,984,2025-08-26 23:06:09,Tablet,186169.0
4486,877,2024-12-01 05:54:07,Smart TV,67137.0
4487,522,2025-11-25 21:17:31,Mobile,194736.0
4488,292,2024-03-02 08:09:29,Mobile,198804.0
4489,897,2024-01-01 02:08:33,Web,158390.0
4490,1169,2026-01-01 02:59:27,Smart TV,247735.0
4491,1156,2026-01-27 11:38:47,Unknown,112181.0
4492,1113,2024-12-14 02:31:08,Tablet,138003.0
4493,988,2025-01-19 09:01:00,Smart TV,114639.0
4494,145,2024-11-15 04:45:49,Mobile,149285.0
4495,556,2024-03-01 18:36:33,Desktop,135620.0
4496,419,2024-09-26 14:50:27,Smart TV,56104.0
4497,1077,2025-05-22 06:52:33,Unknown,141921.0
4498,784,2026-07-12 12:43:07,Desktop,335953.0
4499,448,2025-12-09 18:28:50,Tablet,56364.0
4500,136,2025-05-07 03:05:44,Mobile,215705.0
4501,503,2024-07-26 08:25:30,Web,42062.0
4502,598,2024-10-15 03:09:41,Smart TV,209175.0
4503,881,2024-02-25 06:34:49,Desktop,249749.0
4504,179,2024-08-15 17:09:24,Unknown,361662.0
4505,325,2025-12-01 02:25:57,Smart TV,46986.0
4506,995,2026-01-12 15:02:38,Smart TV,204331.0
4507,932,2024-09-02 15:08:50,Smart TV,153033.0
4508,638,2024-12-31 12:41:30,Mobile,118481.0
4509,427,2024-09-13 18:21:34,Unknown,39384.0
4510,513,2024-07-25 13:02:33,Mobile,150207.0
4511,104,2024-05-23 13:54:05,Web,258603.0
4512,421,2024-08-28 01:47:43,Desktop,174588.0
4513,394,2025-12-08 09:05:01,Mobile,98868.0
4514,422,2025-01-08 02:32:33,Web,84422.0
4515,689,2026-02-03 01:02:14,Smart TV,253537.0
4516,513,2024-01-18 15:44:04,Mobile,47044.0
4517,790,2025-03-26 10:14:49,Mobile,267128.0
4518,609,2024-11-09 18:27:39,Smart TV,217119.0
4519,586,2025-07-29 08:54:31,Desktop,255695.0
4520,929,2025-12-14 21:04:37,Tablet,202209.0
4521,578,2024-02-24 15:54:09,Desktop,258042.0
4522,707,2024-06-20 01:13:21,Web,64613.0
4523,1039,2025-09-26 07:30:32,Desktop,209570.0
4524,767,2025-07-13 06:34:49,Tablet,228088.0
4525,174,2025-08-28 21:27:42,Tablet,363122.0
4526,734,2026-09-01 03:00:20,Tablet,134057.0
4527,1193,2024-03-09 21:15:43,Smart TV,110411.0
4528,601,2024-11-01 15:44:56,Desktop,103968.0
4529,1197,2024-01-07 01:05:54,Desktop,105219.0
4530,621,2026-06-12 05:41:14,Unknown,180526.0
4531,1078,2025-01-19 18:02:28,Smart TV,154189.0
4532,20,2026-03-17 02:31:00,Smart TV,155853.0
4533,710,2026-02-21 01:38:25,Smart TV,53887.0
4534,925,2026-08-19 01:35:00,Desktop,149169.0
4535,868,2025-05-16 05:12:56,Mobile,215378.0
4536,263,2026-07-18 18:19:55,Unknown,250065.0
4537,635,2025-11-13 02:47:35,Mobile,180982.0
4538,1015,2024-09-04 09:49:29,Unknown,211061.0
4539,509,2024-04-18 15:03:32,Mobile,44593.0
4540,999,2025-08-24 22:30:13,Mobile,64103.0
4541,790,2026-06-25 09:45:52,Desktop,154015.0
4542,1000,2024-12-19 10:30:24,Unknown,208172.0
4543,413,2026-06-09 04:34:09,Smart TV,193889.0
4544,1029,2024-12-12 03:17:17,Smart TV,326184.0
4545,802,2025-06-17 18:29:56,Smart TV,56380.0
4546,225,2025-12-10 11:50:11,Smart TV,184300.0
4547,166,2026-05-30 15:20:29,Web,165987.0
4548,89,2025-08-02 08:43:13,Smart TV,140362.0
4549,514,2025-02-21 23:16:24,Web,56796.0
4550,643,2024-05-02 15:02:54,Desktop,48781.0
4551,425,2025-08-24 12:10:07,Desktop,150942.0
4552,535,2026-07-17 13:31:26,Web,197842.0
4553,809,2025-09-13 14:42:44,Desktop,71516.0
4554,880,2026-07-14 20:39:44,Web,183921.0
4555,1143,2026-05-09 14:07:14,Tablet,122595.0
4556,987,2025-08-07 18:28:34,Unknown,225467.0
4557,406,2024-03-28 20:48:47,Web,195451.0
4558,332,2025-05-21 22:49:38,Smart TV,47826.0
4559,1169,2026-06-15 06:40:12,Tablet,75007.0
4560,161,2025-03-08 09:07:05,Mobile,154616.0
4561,275,2025-05-09 10:15:05,Mobile,183826.0
4562,227,2025-05-14 14:12:57,Tablet,64745.0
4563,186,2025-08-07 18:17:31,Unknown,268248.0
4564,35,2026-05-06 19:05:03,Smart TV,81538.0
4565,10,2025-03-06 05:27:28,Smart TV,101109.0
4566,387,2024-12-22 15:11:20,Web,168141.0
4567,1005,2025-04-10 13:36:23,Desktop,85030.0
4568,1067,2024-11-12 02:21:44,Mobile,26880.0
4569,73,2024-08-10 05:48:05,Desktop,255772.0
4570,262,2024-11-11 19:04:10,Unknown,49589.0
4571,781,2024-07-30 11:49:42,Web,87357.0
4572,847,2024-03-23 04:13:15,Desktop,173163.0
4573,27,2026-09-15 08:50:28,Unknown,316122.0
4574,880,2026-05-27 21:12:54,Smart TV,146731.0
4575,285,2025-11-08 02:26:35,Unknown,192289.0
4576,132,2025-12-28 03:44:57,Tablet,41216.0
4577,161,2025-04-22 17:38:14,Desktop,245743.0
4578,802,2025-03-10 14:00:54,Unknown,139070.0
4579,623,2025-05-06 06:22:42,Desktop,142594.0
4580,849,2026-09-01 11:52:57,Mobile,262612.0
4581,395,2024-07-24 17:53:20,Unknown,215394.0
4582,570,2024-02-01 08:11:20,Unknown,127473.0
4583,406,2025-11-13 03:55:10,Web,275451.0
4584,703,2024-05-09 16:19:08,Smart TV,383793.0
4585,201,2025-08-19 22:59:13,Unknown,103876.0
4586,512,2024-02-25 13:26:25,Mobile,161972.0
4587,935,2026-03-19 02:26:29,Smart TV,55987.0
4588,676,2024-06-04 10:20:29,Tablet,348726.0
4589,148,2025-05-27 12:56:41,Tablet,106630.0
4590,488,2025-06-03 18:18:21,Unknown,181556.0
4591,152,2024-12-01 04:23:54,Smart TV,65260.0
4592,848,2024-10-01 20:54:40,Mobile,38998.0
4593,837,2026-05-27 12:49:03,Desktop,128130.0
4594,1041,2026-07-12 06:03:46,Smart TV,240611.0
4595,223,2026-05-09 20:39:42,Unknown,155463.0
4596,1155,2025-11-13 00:51:46,Tablet,254645.0
4597,625,2025-07-29 09:35:42,Unknown,179678.0
4598,525,2026-01-28 11:38:42,Smart TV,173285.0
4599,810,2024-03-19 08:39:17,Smart TV,209437.0
4600,703,2025-10-02 12:22:36,Mobile,57926.0
4601,1194,2026-05-21 03:17:29,Unknown,201690.0
4602,820,2026-02-01 16:09:03,Desktop,186359.0
4603,1156,2025-12-14 23:42:30,Web,203258.0
4604,386,2025-01-27 00:33:20,Web,267346.0
4605,179,2024-06-06 23:11:48,Mobile,207899.0
4606,1151,2026-03-04 11:54:44,Unknown,173305.0
4607,1088,2025-05-19 19:28:31,Desktop,32186.0
4608,2,2025-11-15 05:05:31,Desktop,40469.0
4609,440,2025-07-17 19:59:35,Mobile,73307.0
4610,1184,2025-09-24 15:32:37,Desktop,97191.0
4611,908,2024-06-16 00:38:07,Web,102706.0
4612,513,2025-05-30 08:08:52,Smart TV,185319.0
4613,990,2024-01-01 16:44:53,Unknown,153376.0
4614,6,2024-12-21 14:46:06,Web,175629.0
4615,397,2025-08-26 14:51:22,Web,120154.0
4616,801,2026-04-18 16:24:19,Smart TV,109933.0
4617,515,2026-01-13 21:44:08,Web,37819.0
4618,555,2025-03-11 20:00:57,Desktop,153526.0
4619,103,2026-02-12 12:52:51,Tablet,187563.0
4620,256,2024-02-29 05:51:20,Desktop,110518.0
4621,361,2025-03-08 15:16:34,Smart TV,60278.0
4622,1042,2026-07-05 01:46:23,Tablet,224160.0
4623,106,2024-11-09 00:30:51,Smart TV,205879.0
4624,251,2026-05-01 11:29:11,Unknown,141061.0
4625,27,2024-02-11 00:55:52,Mobile,70729.0
4626,72,2025-04-06 07:37:57,Web,121767.0
4627,804,2025-03-27 08:26:21,Web,131955.0
4628,500,2026-05-14 14:37:55,Tablet,294455.0
4629,67,2025-07-21 22:00:17,Tablet,108278.0
4630,1088,2024-11-21 20:56:37,Desktop,88697.0
4631,294,2024-04-21 07:19:22,Desktop,306099.0
4632,1110,2025-10-14 09:12:56,Web,215671.0
4633,139,2024-04-16 03:09:09,Mobile,265721.0
4634,403,2026-02-12 12:51:57,Mobile,163753.0
4635,1184,2024-10-27 06:02:44,Desktop,144506.0
4636,643,2025-08-01 16:19:43,Tablet,141174.0
4637,75,2026-01-16 08:18:39,Tablet,189349.0
4638,1111,2025-12-27 16:17:55,Smart TV,165046.0
4639,882,2024-02-07 23:02:16,Unknown,175141.0
4640,1073,2025-08-14 11:39:26,Desktop,264707.0
4641,635,2024-01-18 23:34:50,Smart TV,107285.0
4642,1127,2024-08-11 19:26:00,Unknown,125893.0
4643,399,2024-01-22 19:13:32,Desktop,71726.0
4644,330,2025-12-08 20:41:51,Unknown,289150.0
4645,917,2025-12-23 00:18:37,Desktop,67063.0
4646,1045,2024-06-19 00:09:38,Web,257423.0
4647,1146,2024-03-22 20:03:31,Mobile,80869.0
4648,160,2026-04-12 17:06:31,Smart TV,203081.0
4649,920,2025-02-19 16:28:06,Unknown,164682.0
4650,1145,2025-07-19 22:05:31,Desktop,82014.0
4651,121,2026-08-01 05:40:58,Smart TV,132729.0
4652,655,2026-04-03 15:56:30,Tablet,75566.0
4653,381,2024-08-31 00:28:15,Smart TV,154616.0
4654,1002,2025-06-26 17:33:19,Desktop,47459.0
4655,546,2026-02-16 21:44:22,Smart TV,220240.0
4656,663,2024-12-15 16:56:32,Web,68097.0
4657,1181,2026-05-11 15:04:50,Web,197386.0
4658,195,2025-12-12 11:15:24,Desktop,133843.0
4659,728,2025-03-30 10:56:20,Tablet,266047.0
4660,1090,2024-05-29 11:45:54,Tablet,91480.0
4661,1175,2026-09-17 01:46:01,Web,224585.0
4662,214,2026-02-19 03:45:03,Smart TV,348816.0
4663,976,2026-07-03 09:05:22,Web,323384.0
4664,153,2024-11-23 16:44:46,Smart TV,193571.0
4665,76,2025-10-26 13:24:29,Tablet,41636.0
4666,19,2025-09-15 19:49:41,Mobile,116250.0
4667,1194,2024-08-16 09:26:10,Desktop,138972.0
4668,994,2024-11-23 18:32:14,Unknown,195243.0
4669,613,2026-02-03 12:31:42,Desktop,146456.0
4670,1107,2025-08-14 05:29:16,Web,122205.0
4671,284,2024-10-12 11:41:17,Web,90310.0
4672,691,2026-01-09 17:07:50,Unknown,195629.0
4673,274,2025-02-16 07:00:15,Unknown,154616.0
4674,415,2026-04-03 06:03:02,Unknown,310112.0
4675,298,2025-04-20 03:13:42,Unknown,167756.0
4676,799,2026-03-02 05:51:03,Unknown,178242.0
4677,774,2025-08-16 16:50:46,Unknown,141563.0
4678,369,2026-09-02 07:50:59,Unknown,132258.0
4679,1140,2024-12-18 23:43:07,Smart TV,389959.0
4680,380,2025-02-27 19:10:23,Desktop,78468.0
4681,252,2026-03-26 22:14:06,Web,96385.0
4682,185,2026-03-01 06:23:49,Desktop,258875.0
4683,1046,2026-02-10 00:02:07,Smart TV,233919.0
4684,380,2024-12-22 08:45:42,Unknown,266429.0
4685,195,2026-07-22 18:16:11,Web,146522.0
4686,132,2026-05-13 19:37:48,Tablet,128932.0
4687,490,2024-03-28 09:30:46,Desktop,227124.0
4688,711,2025-02-15 08:10:46,Desktop,63720.0
4689,1035,2024-06-03 15:41:44,Web,152461.0
4690,19,2024-11-11 16:15:59,Smart TV,240758.0
4691,738,2025-03-29 03:39:01,Tablet,122822.0
4692,895,2025-10-31 05:04:15,Unknown,68350.0
4693,751,2024-03-02 19:05:48,Smart TV,112429.0
4694,1099,2024-11-17 14:03:05,Web,115849.0
4695,898,2025-01-30 01:50:24,Tablet,136141.0
4696,359,2024-08-03 00:44:18,Tablet,122798.0
4697,900,2024-06-30 18:57:24,Web,261046.0
4698,810,2025-04-23 07:46:19,Desktop,106414.0
4699,500,2024-01-17 20:10:28,Smart TV,144585.0
4700,323,2026-02-01 14:20:59,Mobile,299475.0
4701,483,2026-08-25 07:33:15,Tablet,137861.0
4702,101,2025-06-11 10:20:22,Web,196839.0
4703,1170,2024-03-23 22:59:56,Desktop,51905.0
4704,521,2026-05-23 23:44:18,Unknown,214341.0
4705,71,2024-08-22 03:27:34,Mobile,50444.0
4706,796,2025-02-25 08:33:04,Desktop,145139.0
4707,1074,2024-10-07 13:12:37,Web,148062.0
4708,6,2025-06-30 23:08:37,Smart TV,104440.0
4709,312,2024-06-15 20:55:58,Mobile,164654.0
4710,4,2025-06-07 11:22:00,Mobile,286325.0
4711,784,2026-01-18 15:05:38,Mobile,262954.0
4712,375,2026-06-06 14:10:48,Tablet,308139.0
4713,37,2025-10-14 03:46:58,Web,90014.0
4714,409,2025-06-07 23:05:26,Unknown,266345.0
4715,778,2026-07-01 04:52:56,Mobile,323869.0
4716,853,2025-02-02 22:48:34,Web,215579.0
4717,964,2026-06-13 08:02:27,Mobile,343439.0
4718,882,2024-12-23 02:02:17,Web,334101.0
4719,314,2026-07-07 07:41:56,Web,259696.0
4720,545,2026-01-30 09:15:24,Mobile,154616.0
4721,139,2025-10-19 00:33:26,Tablet,199210.0
4722,1057,2025-01-18 00:52:22,Mobile,57726.0
4723,709,2025-10-16 01:06:28,Mobile,242680.0
4724,518,2025-07-07 12:22:20,Desktop,94076.0
4725,250,2025-05-26 02:56:01,Web,144891.0
4726,731,2024-09-18 02:24:09,Tablet,90759.0
4727,340,2024-10-26 21:04:49,Desktop,154616.0
4728,1040,2026-09-08 19:59:02,Desktop,42667.0
4729,98,2025-06-05 21:21:15,Desktop,154457.0
4730,227,2026-05-15 16:02:15,Mobile,187197.0
4731,324,2025-03-03 22:06:37,Mobile,194337.0
4732,671,2026-02-16 02:04:37,Unknown,189422.0
4733,279,2024-10-12 21:51:01,Web,55259.0
4734,489,2024-02-25 08:59:43,Desktop,244020.0
4735,749,2024-02-16 06:07:50,Smart TV,264984.0
4736,312,2026-03-18 08:43:39,Web,233258.0
4737,606,2024-02-18 08:26:44,Web,116888.0
4738,432,2025-09-02 21:15:50,Unknown,263364.0
4739,1152,2026-02-14 12:58:29,Desktop,154616.0
4740,54,2025-06-19 14:57:35,Web,229264.0
4741,1140,2025-02-25 23:51:39,Unknown,134965.0
4742,96,2025-06-11 11:37:34,Mobile,190503.0
4743,558,2026-08-17 18:36:38,Web,297462.0
4744,1198,2024-01-29 11:28:01,Desktop,80375.0
4745,956,2025-05-14 06:12:14,Smart TV,67005.0
4746,519,2024-10-22 09:21:45,Tablet,171263.0
4747,220,2025-12-09 02:36:40,Web,190229.0
4748,21,2024-01-31 07:17:48,Tablet,254567.0
4749,1033,2025-12-05 10:05:12,Web,327064.0
4750,997,2026-02-11 07:34:37,Tablet,200607.0
4751,775,2025-02-18 13:43:39,Desktop,275002.0
4752,807,2025-01-22 02:06:48,Smart TV,267906.0
4753,540,2024-04-16 05:23:16,Mobile,38699.0
4754,396,2025-03-22 18:48:52,Desktop,229961.0
4755,729,2026-05-10 04:50:00,Tablet,311311.0
4756,578,2024-01-05 11:08:45,Web,131740.0
4757,240,2025-02-15 00:39:47,Unknown,93474.0
4758,673,2025-05-09 16:03:43,Smart TV,82707.0
4759,858,2025-07-28 10:32:47,Desktop,168960.0
4760,203,2025-03-13 07:08:49,Smart TV,163463.0
4761,646,2024-06-02 09:31:31,Desktop,281489.0
4762,693,2024-09-06 17:44:55,Tablet,107630.0
4763,1056,2024-08-23 22:19:43,Tablet,114025.0
4764,733,2024-09-03 21:49:26,Smart TV,175676.0
4765,86,2025-06-18 23:47:30,Desktop,232307.0
4766,1145,2026-05-06 17:02:20,Mobile,296543.0
4767,191,2024-03-27 09:14:46,Unknown,244669.0
4768,624,2025-04-11 11:58:48,Unknown,133880.0
4769,921,2026-05-26 16:51:54,Tablet,57203.0
4770,82,2025-08-12 15:10:58,Web,136375.0
4771,747,2026-04-22 14:10:34,Smart TV,168999.0
4772,924,2024-08-26 22:11:41,Mobile,132131.0
4773,411,2026-03-02 09:07:55,Smart TV,47775.0
4774,1109,2026-07-14 21:08:14,Unknown,42903.0
4775,42,2024-10-27 03:59:13,Web,201959.0
4776,880,2025-10-01 23:16:11,Smart TV,130941.0
4777,331,2026-04-04 03:47:21,Tablet,347883.0
4778,935,2025-11-08 16:31:36,Smart TV,193230.0
4779,1181,2025-08-25 03:40:20,Desktop,169219.0
4780,475,2025-02-24 09:00:07,Mobile,160370.0
4781,541,2025-07-04 12:04:51,Unknown,201661.0
4782,860,2025-04-05 04:01:07,Smart TV,298903.0
4783,328,2025-07-16 02:25:39,Tablet,203935.0
4784,241,2024-06-19 17:51:36,Tablet,199790.0
4785,1043,2025-01-10 23:36:43,Unknown,107594.0
4786,1193,2024-03-06 22:44:17,Tablet,266559.0
4787,599,2024-04-12 12:39:30,Web,219257.0
4788,754,2024-07-16 16:56:14,Web,243439.0
4789,440,2025-04-11 15:09:28,Web,103488.0
4790,1159,2025-02-17 17:59:12,Smart TV,45870.0
4791,524,2024-09-18 19:55:53,Web,257995.0
4792,626,2024-01-03 00:10:26,Mobile,50186.0
4793,911,2025-01-13 14:56:18,Mobile,38246.0
4794,105,2026-01-14 15:23:38,Smart TV,112813.0
4795,996,2024-06-11 21:16:26,Desktop,103807.0
4796,1151,2025-05-30 12:01:18,Smart TV,189722.0
4797,423,2026-01-30 09:44:05,Smart TV,124630.0
4798,1180,2026-04-22 21:48:59,Web,88224.0
4799,236,2026-03-27 23:22:38,Desktop,252449.0
4800,842,2025-02-21 22:58:35,Web,289280.0
4801,913,2026-01-20 13:20:01,Tablet,182467.0
4802,499,2026-09-04 17:38:00,Unknown,219375.0
4803,661,2024-07-11 21:22:15,Unknown,261297.0
4804,113,2026-03-26 15:39:42,Mobile,239469.0
4805,1144,2024-11-27 07:06:04,Unknown,154616.0
4806,219,2025-05-01 10:32:22,Web,226461.0
4807,126,2026-09-13 05:44:43,Mobile,158061.0
4808,96,2024-10-27 04:24:08,Unknown,69493.0
4809,813,2026-05-17 17:59:36,Mobile,156786.0
4810,897,2024-04-23 05:40:14,Unknown,229990.0
4811,960,2024-04-15 15:59:10,Web,117154.0
4812,19,2025-02-24 10:45:48,Desktop,108387.0
4813,1167,2026-01-07 22:07:04,Desktop,336033.0
4814,1049,2025-07-14 22:54:14,Smart TV,88995.0
4815,946,2025-02-11 04:55:59,Smart TV,244740.0
4816,71,2024-05-27 12:39:39,Smart TV,110420.0
4817,476,2025-08-11 02:25:48,Smart TV,163529.0
4818,559,2026-06-26 17:34:01,Web,63781.0
4819,787,2026-04-06 17:01:02,Unknown,324566.0
4820,92,2025-11-29 07:26:00,Unknown,107793.0
4821,221,2024-11-23 12:46:35,Smart TV,63985.0
4822,133,2024-08-31 09:22:13,Smart TV,52776.0
4823,464,2024-04-05 04:55:03,Mobile,63078.0
4824,885,2025-01-28 15:59:07,Web,121183.0
4825,9,2024-11-28 08:31:51,Desktop,287026.0
4826,234,2025-12-09 14:59:45,Web,398126.0
4827,459,2025-12-19 06:04:05,Smart TV,328514.0
4828,151,2025-04-22 20:01:49,Mobile,246289.0
4829,492,2026-09-17 18:54:24,Desktop,59703.0
4830,383,2024-04-28 08:08:24,Tablet,115139.0
4831,1148,2025-01-29 10:47:57,Desktop,90227.0
4832,838,2024-04-22 11:28:47,Unknown,88278.0
4833,713,2025-11-12 13:18:13,Desktop,154616.0
4834,765,2024-02-06 20:27:59,Web,137119.0
4835,593,2024-04-04 04:36:47,Unknown,180798.0
4836,1194,2026-05-07 19:53:06,Web,175959.0
4837,1150,2025-02-10 21:43:30,Web,88037.0
4838,883,2024-01-26 01:16:26,Unknown,161994.0
4839,709,2024-03-05 13:19:59,Tablet,58161.0
4840,915,2025-12-12 13:13:29,Smart TV,59321.0
4841,1067,2024-09-13 21:24:25,Desktop,85769.0
4842,931,2026-04-01 07:12:17,Web,76332.0
4843,1086,2025-10-23 00:43:27,Smart TV,167083.0
4844,867,2025-12-05 05:48:26,Smart TV,41133.0
4845,183,2025-02-10 10:05:37,Desktop,142484.0
4846,884,2026-02-27 12:12:39,Desktop,99167.0
4847,536,2026-07-13 16:22:16,Mobile,61844.0
4848,5,2024-04-19 09:49:19,Tablet,173574.0
4849,907,2024-03-15 22:24:24,Tablet,174967.0
4850,515,2024-09-09 16:17:26,Tablet,223087.0
4851,245,2026-04-08 04:56:34,Smart TV,176476.0
4852,512,2024-01-09 00:31:01,Tablet,154616.0
4853,1110,2026-04-05 21:34:55,Unknown,154616.0
4854,1041,2024-02-12 19:53:51,Desktop,154616.0
4855,579,2025-12-30 00:54:58,Unknown,129827.0
4856,231,2025-12-12 01:45:20,Unknown,166784.0
4857,454,2024-12-15 23:21:32,Smart TV,208482.0
4858,78,2025-10-11 06:42:46,Mobile,185608.0
4859,200,2025-02-24 15:06:14,Desktop,216237.0
4860,154,2024-06-13 10:34:51,Smart TV,203753.0
4861,529,2024-05-27 18:24:45,Unknown,65658.0
4862,711,2025-08-02 19:04:00,Desktop,362994.0
4863,106,2025-04-13 09:44:18,Web,159010.0
4864,1198,2026-07-12 11:41:18,Smart TV,224645.0
4865,10,2026-06-01 21:04:14,Desktop,154616.0
4866,162,2026-01-11 09:27:21,Unknown,272106.0
4867,725,2025-05-22 04:22:06,Smart TV,202709.0
4868,1050,2025-10-08 03:30:55,Tablet,125295.0
4869,708,2026-05-19 02:05:15,Tablet,125538.0
4870,812,2024-10-24 23:38:17,Mobile,57598.0
4871,1083,2025-01-29 05:14:56,Tablet,170255.0
4872,662,2024-07-13 04:44:23,Mobile,319764.0
4873,967,2024-05-31 09:52:28,Tablet,229536.0
4874,1002,2025-01-29 09:16:20,Mobile,44412.0
4875,446,2025-11-16 20:41:55,Web,166560.0
4876,1004,2024-09-14 11:40:21,Unknown,249871.0
4877,28,2025-12-05 11:45:24,Desktop,163854.0
4878,640,2026-06-24 01:18:56,Unknown,235831.0
4879,572,2026-05-10 05:07:29,Tablet,167541.0
4880,723,2025-08-01 19:52:09,Desktop,258690.0
4881,32,2025-03-19 22:16:44,Desktop,167918.0
4882,365,2025-01-14 21:46:08,Smart TV,98837.0
4883,893,2025-12-05 05:56:35,Desktop,76835.0
4884,170,2026-04-05 06:20:08,Web,140742.0
4885,252,2025-06-29 07:29:42,Web,241114.0
4886,695,2025-10-12 17:07:23,Mobile,237391.0
4887,330,2026-07-15 04:53:10,Smart TV,154616.0
4888,1019,2024-03-23 00:58:24,Web,139200.0
4889,37,2024-05-16 14:04:29,Web,123202.0
4890,932,2024-08-16 13:16:49,Unknown,254070.0
4891,578,2025-12-14 08:58:56,Desktop,277662.0
4892,382,2026-08-30 08:40:38,Tablet,142638.0
4893,884,2026-05-08 15:32:41,Unknown,277966.0
4894,103,2026-06-28 15:27:26,Unknown,160740.0
4895,527,2025-04-26 17:33:05,Mobile,155200.0
4896,200,2024-03-22 02:14:23,Tablet,134027.0
4897,513,2024-09-09 17:02:57,Mobile,162378.0
4898,174,2025-10-19 19:53:19,Tablet,196401.0
4899,709,2025-10-21 08:04:17,Web,82905.0
4900,292,2024-05-16 11:48:53,Tablet,88265.0
4901,266,2024-05-17 09:36:00,Smart TV,45894.0
4902,977,2025-04-06 06:36:24,Smart TV,215125.0
4903,695,2024-02-19 06:00:07,Tablet,275974.0
4904,1077,2026-06-17 12:32:04,Web,79798.0
4905,1078,2024-11-12 15:43:39,Smart TV,256542.0
4906,389,2025-06-27 08:23:04,Tablet,206546.0
4907,1002,2025-07-09 18:24:16,Mobile,186219.0
4908,585,2025-04-18 12:03:34,Tablet,300361.0
4909,1148,2024-09-09 13:25:00,Web,144782.0
4910,916,2026-02-09 17:17:13,Unknown,59733.0
4911,501,2025-11-29 21:28:18,Desktop,110093.0
4912,112,2024-06-02 11:33:00,Smart TV,133080.0
4913,972,2025-08-29 10:33:06,Unknown,90964.0
4914,927,2025-06-21 02:29:05,Tablet,219700.0
4915,890,2024-08-08 15:04:58,Desktop,221384.0
4916,1176,2024-11-29 22:30:54,Web,287522.0
4917,1200,2024-05-18 02:21:12,Unknown,79694.0
4918,898,2024-06-26 08:21:41,Unknown,179765.0
4919,106,2024-03-30 22:31:43,Smart TV,88741.0
4920,1170,2025-03-08 05:00:40,Tablet,119022.0
4921,777,2026-06-23 12:51:18,Tablet,76034.0
4922,1011,2025-11-26 16:55:17,Tablet,197332.0
4923,315,2026-04-09 04:55:13,Unknown,33043.0
4924,253,2024-01-24 01:05:52,Tablet,76699.0
4925,836,2025-11-14 15:09:14,Web,127591.0
4926,176,2024-11-25 17:47:01,Web,113607.0
4927,1194,2026-02-24 01:33:22,Mobile,170184.0
4928,29,2025-11-10 18:36:50,Unknown,27636.0
4929,724,2025-06-11 17:36:45,Unknown,354971.0
4930,358,2025-05-10 23:20:31,Unknown,77967.0
4931,808,2025-03-09 12:43:38,Web,295404.0
4932,1058,2024-07-22 01:38:01,Smart TV,334354.0
4933,255,2025-08-23 16:55:15,Desktop,56478.0
4934,445,2026-06-04 09:19:16,Web,59752.0
4935,476,2026-08-25 15:43:45,Unknown,214040.0
4936,992,2025-05-24 16:10:32,Desktop,109528.0
4937,795,2026-03-29 12:11:23,Mobile,109807.0
4938,424,2025-11-12 02:32:02,Tablet,49949.0
4939,897,2025-09-05 03:21:18,Smart TV,90707.0
4940,154,2025-10-06 22:51:20,Smart TV,64139.0
4941,175,2026-08-20 20:59:12,Web,127622.0
4942,808,2025-02-06 15:00:41,Unknown,260969.0
4943,560,2025-04-30 05:31:05,Unknown,331222.0
4944,185,2025-04-15 04:21:30,Desktop,215266.0
4945,755,2025-02-03 15:24:29,Unknown,221153.0
4946,104,2024-08-11 05:35:37,Tablet,166420.0
4947,762,2026-01-02 05:15:27,Smart TV,236689.0
4948,778,2025-05-16 07:31:56,Tablet,154616.0
4949,192,2026-02-03 02:00:59,Unknown,162237.0
4950,459,2025-10-30 21:40:38,Smart TV,134260.0
4951,549,2026-08-28 15:07:00,Mobile,313808.0
4952,376,2025-11-27 13:47:40,Unknown,56225.0
4953,420,2025-11-03 14:44:28,Tablet,168956.0
4954,809,2024-06-29 16:04:14,Web,159152.0
4955,457,2025-08-17 01:23:33,Tablet,176914.0
4956,690,2025-02-06 14:35:46,Unknown,154616.0
4957,807,2024-07-24 14:12:07,Mobile,86167.0
4958,735,2025-11-26 02:48:41,Tablet,146025.0
4959,947,2026-06-10 23:35:31,Tablet,31642.0
4960,222,2024-04-02 07:26:41,Desktop,262814.0
4961,976,2026-02-05 23:00:10,Tablet,394542.0
4962,852,2025-01-08 05:49:43,Desktop,179062.0
4963,650,2025-08-17 19:48:39,Unknown,192611.0
4964,126,2024-12-08 13:07:36,Unknown,141630.0
4965,76,2025-04-30 03:14:47,Tablet,224866.0
4966,787,2025-09-15 21:53:36,Unknown,307927.0
4967,1125,2024-07-06 17:24:46,Tablet,47042.0
4968,507,2024-08-10 03:49:05,Tablet,76050.0
4969,1172,2024-07-18 17:08:50,Desktop,297334.0
4970,132,2024-09-12 15:49:18,Web,153425.0
4971,156,2025-01-03 18:11:39,Unknown,164959.0
4972,139,2025-06-22 09:40:53,Web,76822.0
4973,130,2026-01-09 21:29:49,Mobile,143410.0
4974,969,2025-03-22 13:16:27,Desktop,90395.0
4975,451,2025-12-10 13:25:13,Tablet,77241.0
4976,662,2025-07-23 17:50:57,Smart TV,284726.0
4977,400,2024-01-06 05:30:39,Unknown,290935.0
4978,364,2025-09-14 08:06:42,Desktop,261476.0
4979,1113,2026-05-24 15:58:38,Web,109022.0
4980,398,2024-12-25 21:47:43,Desktop,141408.0
4981,841,2025-06-22 11:16:46,Smart TV,168082.0
4982,568,2025-11-23 13:06:17,Desktop,169545.0
4983,1065,2024-09-08 03:44:22,Mobile,277906.0
4984,1128,2026-08-29 12:52:03,Tablet,274179.0
4985,101,2026-08-15 19:39:18,Web,132968.0
4986,719,2026-02-07 00:55:50,Mobile,210835.0
4987,25,2024-11-23 19:17:19,Unknown,154616.0
4988,1139,2026-06-30 15:18:31,Web,204310.0
4989,520,2025-05-26 15:50:48,Tablet,70190.0
4990,1123,2026-09-04 15:32:17,Unknown,129097.0
4991,606,2025-02-01 12:01:58,Web,72563.0
4992,910,2025-03-29 10:04:01,Desktop,204669.0
4993,407,2026-09-02 17:27:30,Desktop,186152.0
4994,882,2026-07-30 06:11:57,Mobile,212551.0
4995,707,2024-01-01 06:36:05,Tablet,77401.0
4996,1022,2024-09-07 10:29:47,Desktop,347904.0
4997,237,2025-09-06 10:33:03,Mobile,43476.0
4998,518,2025-04-29 04:45:13,Smart TV,220879.0
4999,1155,2025-03-13 05:57:55,Tablet,182567.0
5000,997,2025-04-06 08:36:04,Mobile,359355.0
5001,1172,2025-06-29 11:32:40,Mobile,225024.0
5002,900,2026-02-08 10:51:04,Smart TV,221506.0
5003,893,2025-01-08 07:27:47,Tablet,203223.0
5004,717,2025-06-20 16:23:54,Tablet,167341.0
5005,710,2026-07-13 23:49:57,Desktop,200330.0
5006,232,2026-03-29 23:00:04,Web,177563.0
5007,541,2026-09-08 21:52:44,Smart TV,370285.0
5008,498,2026-05-14 20:33:08,Web,151852.0
5009,978,2025-05-03 17:35:56,Desktop,97935.0
5010,163,2024-05-25 08:05:32,Smart TV,128229.0
5011,757,2025-01-27 02:38:49,Mobile,248829.0
5012,1123,2026-02-13 20:29:25,Web,240738.0
5013,1010,2025-08-29 19:34:59,Unknown,167721.0
5014,384,2026-04-13 21:39:01,Mobile,60956.0
5015,663,2025-08-26 00:26:51,Mobile,149361.0
5016,898,2024-08-23 13:49:39,Mobile,76949.0
5017,661,2026-01-16 20:39:13,Web,63409.0
5018,379,2024-10-24 14:52:55,Smart TV,49347.0
5019,212,2024-05-17 06:51:39,Mobile,223459.0
5020,833,2024-12-10 08:37:10,Desktop,113401.0
5021,755,2025-09-19 17:11:45,Tablet,157681.0
5022,1110,2024-01-21 20:45:53,Tablet,146314.0
5023,381,2026-01-17 04:22:13,Tablet,181636.0
5024,1004,2025-07-27 17:47:47,Smart TV,329006.0
5025,1033,2025-10-29 20:05:55,Smart TV,90964.0
5026,390,2025-04-21 15:28:15,Smart TV,104953.0
5027,934,2024-08-12 21:09:18,Desktop,123431.0
5028,896,2026-05-15 14:00:39,Unknown,147221.0
5029,1167,2025-05-25 18:19:21,Mobile,302530.0
5030,114,2025-12-03 23:23:45,Unknown,71658.0
5031,95,2025-03-30 05:06:55,Tablet,184647.0
5032,56,2025-12-03 02:58:27,Desktop,47657.0
5033,373,2025-12-07 05:22:21,Tablet,161435.0
5034,325,2024-12-19 10:32:44,Tablet,154616.0
5035,624,2025-11-17 02:51:17,Mobile,281444.0
5036,139,2025-04-14 16:05:43,Unknown,111738.0
5037,906,2024-06-17 10:07:12,Mobile,266433.0
5038,1133,2025-04-16 01:14:55,Web,170965.0
5039,15,2025-05-21 11:59:26,Unknown,246486.0
5040,1128,2026-04-05 00:04:50,Web,161059.0
5041,978,2024-05-25 15:55:28,Web,153790.0
5042,69,2026-02-26 16:30:33,Web,220017.0
5043,169,2026-03-27 06:54:48,Smart TV,353725.0
5044,919,2024-07-05 02:21:36,Web,282562.0
5045,795,2025-07-14 08:49:22,Desktop,113149.0
5046,991,2026-06-04 18:57:28,Tablet,360840.0
5047,1141,2026-02-28 05:39:53,Unknown,48403.0
5048,1175,2024-06-23 11:17:35,Smart TV,61431.0
5049,495,2024-01-03 15:30:50,Tablet,272509.0
5050,762,2025-06-27 07:51:18,Unknown,41984.0
5051,1028,2024-07-28 15:28:32,Mobile,147609.0
5052,868,2025-03-29 05:53:38,Web,82701.0
5053,848,2024-02-17 14:31:49,Web,101842.0
5054,1156,2024-12-30 16:20:38,Web,169173.0
5055,596,2024-04-12 00:06:33,Unknown,93690.0
5056,906,2025-05-07 23:59:28,Web,78634.0
5057,81,2024-07-02 11:56:59,Tablet,287586.0
5058,1029,2025-07-15 02:21:19,Web,51682.0
5059,667,2025-06-25 16:17:41,Tablet,45488.0
5060,598,2026-02-13 13:05:58,Mobile,287729.0
5061,1079,2024-01-22 05:34:03,Web,108656.0
5062,176,2025-01-13 02:09:28,Web,225410.0
5063,1188,2024-09-07 04:15:27,Unknown,154616.0
5064,244,2025-03-14 04:10:18,Unknown,40826.0
5065,784,2025-03-23 03:15:08,Unknown,111620.0
5066,565,2025-03-27 23:49:34,Web,120497.0
5067,688,2025-07-19 10:57:15,Tablet,38254.0
5068,283,2024-05-13 22:47:56,Tablet,202073.0
5069,77,2026-08-07 23:41:43,Web,170482.0
5070,496,2024-12-06 15:54:50,Unknown,218960.0
5071,1037,2026-08-26 01:28:57,Unknown,253664.0
5072,807,2024-08-04 20:28:37,Desktop,107320.0
5073,338,2024-11-07 13:12:35,Unknown,141136.0
5074,200,2025-05-11 01:23:50,Web,202867.0
5075,133,2026-03-12 10:48:20,Web,300226.0
5076,558,2025-10-24 23:09:28,Unknown,302502.0
5077,834,2025-02-15 09:01:17,Mobile,248000.0
5078,72,2024-09-23 12:59:48,Unknown,65832.0
5079,1124,2024-01-19 09:56:52,Unknown,186473.0
5080,1127,2026-06-07 19:47:48,Unknown,195500.0
5081,340,2026-05-12 11:30:42,Tablet,154616.0
5082,772,2024-04-22 15:55:47,Smart TV,45410.0
5083,432,2024-03-16 18:07:29,Tablet,345995.0
5084,237,2026-06-27 14:29:26,Tablet,306779.0
5085,211,2024-08-16 00:38:55,Web,78623.0
5086,778,2025-09-09 03:57:12,Web,255444.0
5087,112,2024-04-13 13:52:21,Smart TV,116288.0
5088,789,2024-06-06 13:27:36,Web,164384.0
5089,449,2025-03-07 03:55:56,Tablet,92317.0
5090,927,2025-02-08 06:16:12,Tablet,301850.0
5091,727,2026-08-08 18:08:16,Web,288184.0
5092,1001,2024-10-13 13:14:51,Tablet,28442.0
5093,1036,2025-09-23 16:25:59,Unknown,56643.0
5094,452,2024-04-01 12:15:51,Smart TV,178333.0
5095,76,2026-07-04 10:06:44,Mobile,63852.0
5096,543,2026-05-04 09:11:32,Web,172165.0
5097,76,2026-05-18 09:38:42,Desktop,81673.0
5098,881,2024-09-24 10:20:15,Tablet,337800.0
5099,294,2025-09-05 15:04:35,Web,245237.0
5100,527,2024-03-29 20:52:31,Desktop,184891.0
5101,949,2025-07-25 01:37:17,Smart TV,63473.0
5102,277,2024-01-22 21:57:08,Desktop,61761.0
5103,910,2024-09-09 21:38:06,Desktop,124158.0
5104,640,2026-07-09 06:19:16,Mobile,341263.0
5105,996,2024-10-15 04:24:28,Web,85283.0
5106,7,2026-03-26 06:12:09,Web,195500.0
5107,392,2024-10-16 05:38:25,Mobile,124118.0
5108,1141,2024-07-21 05:13:12,Desktop,178942.0
5109,181,2024-07-31 19:25:08,Unknown,131083.0
5110,738,2024-12-18 02:38:08,Web,211395.0
5111,560,2026-08-10 04:49:30,Desktop,358277.0
5112,986,2024-12-13 00:14:28,Tablet,130483.0
5113,127,2025-06-06 09:58:16,Desktop,196118.0
5114,28,2025-03-25 05:41:33,Desktop,101192.0
5115,421,2024-11-10 01:11:15,Tablet,213935.0
5116,434,2025-05-15 19:16:42,Desktop,244417.0
5117,311,2025-02-20 17:06:25,Desktop,55504.0
5118,839,2024-05-08 16:20:28,Smart TV,119431.0
5119,597,2025-03-20 22:22:11,Tablet,88405.0
5120,254,2025-08-17 23:06:12,Tablet,261559.0
5121,915,2025-10-17 16:40:05,Desktop,237374.0
5122,1178,2024-10-23 09:46:31,Mobile,137034.0
5123,413,2025-03-03 17:48:12,Desktop,105771.0
5124,826,2025-02-22 18:22:23,Mobile,71450.0
5125,677,2024-08-23 14:43:17,Unknown,160626.0
5126,1027,2024-08-02 06:47:54,Mobile,46709.0
5127,423,2026-06-14 03:54:24,Web,193267.0
5128,499,2024-11-05 01:30:04,Tablet,220483.0
5129,454,2024-07-12 07:16:15,Unknown,78564.0
5130,197,2025-06-08 00:34:20,Tablet,58742.0
5131,24,2024-06-10 09:05:06,Mobile,150797.0
5132,455,2025-05-27 19:14:32,Tablet,148968.0
5133,749,2026-09-04 07:03:41,Web,47729.0
5134,494,2025-07-30 17:37:22,Smart TV,136058.0
5135,504,2024-09-23 03:09:09,Mobile,272768.0
5136,45,2025-11-20 13:44:50,Smart TV,154616.0
5137,376,2024-08-29 13:50:14,Smart TV,195187.0
5138,78,2026-08-31 05:08:20,Desktop,93586.0
5139,294,2024-11-14 18:00:09,Desktop,193805.0
5140,690,2024-04-17 23:14:26,Desktop,161204.0
5141,873,2026-09-11 23:20:46,Desktop,57089.0
5142,691,2024-02-14 15:08:21,Web,53697.0
5143,68,2024-03-20 11:45:46,Tablet,341526.0
5144,1017,2026-08-03 23:43:27,Tablet,36550.0
5145,1073,2024-03-06 01:21:11,Unknown,180725.0
5146,725,2024-07-07 15:23:17,Web,151857.0
5147,102,2025-06-30 07:48:24,Smart TV,162661.0
5148,1142,2026-08-10 05:58:10,Desktop,64345.0
5149,965,2024-07-19 01:57:46,Mobile,134415.0
5150,575,2026-02-11 07:11:50,Mobile,122398.0
5151,318,2024-01-27 01:53:42,Unknown,81062.0
5152,802,2024-06-30 14:29:00,Unknown,242199.0
5153,364,2025-10-29 10:21:35,Web,177312.0
5154,920,2025-09-30 19:03:27,Tablet,221764.0
5155,352,2024-03-05 08:24:42,Mobile,61738.0
5156,677,2026-08-19 06:20:21,Desktop,60837.0
5157,355,2024-05-18 20:55:52,Web,135790.0
5158,525,2024-02-08 04:04:57,Unknown,127313.0
5159,510,2025-07-17 10:46:03,Web,163022.0
5160,481,2025-10-18 03:06:22,Web,183640.0
5161,740,2025-09-06 09:46:02,Smart TV,192842.0
5162,1176,2024-06-26 09:48:56,Smart TV,299065.0
5163,1072,2024-09-04 17:24:17,Unknown,278828.0
5164,749,2025-10-25 00:37:17,Web,156875.0
5165,1115,2024-09-06 19:38:54,Unknown,217921.0
5166,1024,2026-02-04 16:55:18,Mobile,322360.0
5167,386,2024-04-28 16:09:29,Mobile,233946.0
5168,465,2026-02-23 13:12:02,Mobile,176913.0
5169,580,2024-07-16 07:37:36,Web,96232.0
5170,862,2025-08-17 15:18:38,Mobile,154616.0
5171,171,2024-11-15 14:46:16,Unknown,63709.0
5172,410,2026-08-01 07:36:07,Smart TV,154616.0
5173,341,2024-06-27 13:57:09,Mobile,49094.0
5174,795,2026-01-31 10:03:38,Desktop,45152.0
5175,474,2024-04-29 13:48:14,Tablet,43030.0
5176,320,2024-07-13 03:50:15,Unknown,34085.0
5177,920,2024-05-03 21:55:13,Smart TV,241651.0
5178,513,2024-02-17 12:10:36,Unknown,148722.0
5179,1173,2025-01-05 01:03:00,Unknown,136591.0
5180,24,2024-01-06 12:06:49,Desktop,148087.0
5181,734,2024-06-10 15:11:22,Web,288083.0
5182,179,2025-04-28 15:44:09,Mobile,132523.0
5183,492,2025-10-29 01:01:27,Tablet,98423.0
5184,771,2025-05-05 03:33:40,Unknown,59253.0
5185,868,2024-01-23 06:08:09,Desktop,105430.0
5186,751,2026-06-23 16:13:45,Unknown,116879.0
5187,617,2025-08-16 01:35:46,Web,141197.0
5188,393,2024-06-03 04:40:43,Tablet,186484.0
5189,1011,2025-12-11 12:39:56,Web,85820.0
5190,1080,2025-04-20 19:01:43,Tablet,137077.0
5191,237,2025-02-14 20:09:52,Mobile,277251.0
5192,650,2026-06-05 04:07:33,Unknown,86483.0
5193,539,2024-04-28 05:43:26,Web,114232.0
5194,747,2026-06-27 11:07:03,Mobile,167422.0
5195,418,2025-03-30 02:42:25,Unknown,231787.0
5196,541,2024-04-04 20:52:32,Smart TV,154616.0
5197,824,2025-09-03 11:41:37,Unknown,94354.0
5198,110,2025-07-09 12:48:42,Desktop,225210.0
5199,521,2024-01-08 04:27:03,Smart TV,199882.0
5200,826,2026-06-23 03:15:09,Desktop,106402.0
5201,76,2024-04-26 03:46:09,Tablet,162776.0
5202,454,2026-05-27 03:17:38,Unknown,254175.0
5203,180,2025-04-10 05:54:37,Web,37000.0
5204,963,2025-08-24 13:51:36,Web,81732.0
5205,26,2024-02-01 02:19:02,Unknown,133151.0
5206,650,2024-10-24 04:43:43,Unknown,330556.0
5207,897,2025-07-20 05:24:31,Smart TV,223401.0
5208,574,2024-07-29 09:52:31,Unknown,300147.0
5209,143,2026-05-06 04:26:44,Web,130727.0
5210,598,2025-11-05 14:24:32,Tablet,336529.0
5211,299,2024-05-09 08:19:52,Smart TV,314164.0
5212,602,2024-05-09 02:40:05,Tablet,194998.0
5213,536,2025-02-13 01:59:44,Tablet,122401.0
5214,713,2024-04-10 22:51:41,Desktop,301499.0
5215,572,2026-07-30 15:23:07,Smart TV,109804.0
5216,588,2025-03-10 09:21:41,Desktop,138627.0
5217,202,2026-08-27 15:46:14,Web,167783.0
5218,20,2025-03-16 01:13:41,Web,222061.0
5219,212,2024-04-08 07:45:43,Unknown,183986.0
5220,214,2026-08-11 08:08:49,Smart TV,285069.0
5221,496,2025-10-09 03:49:46,Smart TV,154616.0
5222,1113,2025-09-04 01:39:25,Tablet,127024.0
5223,658,2025-04-08 13:40:49,Tablet,58408.0
5224,466,2024-01-15 09:59:11,Unknown,85150.0
5225,570,2025-10-16 10:19:16,Desktop,127052.0
5226,488,2024-09-30 08:06:55,Unknown,90153.0
5227,961,2024-09-11 15:43:45,Mobile,257262.0
5228,874,2025-05-29 13:06:58,Desktop,79621.0
5229,157,2025-11-12 17:36:37,Web,160046.0
5230,9,2026-03-25 20:31:00,Unknown,154616.0
5231,237,2025-06-14 11:55:22,Unknown,211357.0
5232,917,2024-10-02 23:27:24,Desktop,34073.0
5233,1157,2024-01-22 11:55:32,Web,250038.0
5234,67,2025-09-05 12:44:48,Tablet,160805.0
5235,139,2025-06-27 09:43:03,Smart TV,142065.0
5236,1035,2024-02-20 14:26:39,Tablet,267503.0
5237,353,2024-10-21 02:48:07,Mobile,176838.0
5238,710,2026-06-01 09:48:31,Unknown,36305.0
5239,781,2024-06-30 17:45:58,Tablet,208781.0
5240,54,2025-06-06 19:23:47,Mobile,332599.0
5241,807,2025-05-29 07:19:55,Unknown,69796.0
5242,242,2025-04-16 21:12:38,Tablet,118148.0
5243,305,2026-03-08 05:49:56,Desktop,77688.0
5244,675,2025-02-03 17:41:46,Mobile,271288.0
5245,439,2025-06-15 12:31:33,Mobile,190160.0
5246,870,2024-06-28 16:45:57,Web,251393.0
5247,189,2024-07-13 10:10:04,Unknown,273876.0
5248,1013,2024-07-12 05:14:30,Desktop,115308.0
5249,1004,2026-06-02 09:15:42,Unknown,118763.0
5250,634,2026-01-09 05:29:59,Mobile,48721.0
5251,900,2025-08-31 08:40:55,Web,365187.0
5252,1041,2025-04-11 02:23:05,Desktop,166572.0
5253,702,2024-02-21 11:59:20,Web,181127.0
5254,464,2026-09-02 23:20:16,Tablet,154616.0
5255,746,2025-01-02 19:55:48,Unknown,155932.0
5256,459,2025-02-08 10:45:16,Desktop,246421.0
5257,943,2025-08-22 12:40:43,Unknown,164846.0
5258,204,2025-03-08 02:36:04,Desktop,79688.0
5259,657,2024-04-16 03:42:46,Desktop,153034.0
5260,425,2024-02-21 03:53:32,Web,47894.0
5261,91,2024-07-01 09:28:16,Tablet,91020.0
5262,591,2025-12-29 03:46:17,Unknown,100967.0
5263,259,2024-07-04 08:18:23,Tablet,306861.0
5264,992,2026-03-15 09:04:32,Unknown,203464.0
5265,972,2024-03-01 20:57:14,Mobile,73613.0
5266,510,2025-05-06 00:26:04,Tablet,289165.0
5267,901,2026-09-08 18:54:09,Mobile,90550.0
5268,462,2026-08-30 04:03:48,Tablet,105662.0
5269,381,2024-05-23 13:40:54,Tablet,195078.0
5270,429,2025-04-02 02:27:41,Mobile,142608.0
5271,920,2026-05-12 19:47:11,Tablet,115608.0
5272,1146,2026-03-16 08:58:09,Unknown,117353.0
5273,570,2025-10-27 15:56:06,Tablet,206541.0
5274,253,2024-04-08 08:07:52,Unknown,292320.0
5275,513,2025-08-11 09:42:21,Web,88947.0
5276,642,2024-11-11 01:08:05,Mobile,178065.0
5277,32,2024-11-24 08:28:12,Tablet,336488.0
5278,1063,2024-05-13 07:26:39,Mobile,250796.0
5279,255,2026-03-08 18:36:40,Desktop,32825.0
5280,1157,2025-10-29 08:27:33,Desktop,190897.0
5281,1096,2024-10-14 17:55:07,Desktop,222829.0
5282,698,2025-06-11 17:42:23,Mobile,217148.0
5283,761,2025-03-12 10:43:58,Desktop,62593.0
5284,444,2026-01-31 01:12:47,Smart TV,154616.0
5285,853,2025-11-28 17:57:53,Unknown,70846.0
5286,823,2024-08-06 08:28:50,Mobile,85898.0
5287,883,2025-12-14 03:23:48,Tablet,349265.0
5288,681,2024-12-11 08:01:04,Desktop,37921.0
5289,234,2026-05-11 06:55:44,Smart TV,143188.0
5290,1010,2025-09-29 02:48:35,Desktop,154616.0
5291,995,2025-08-08 22:58:29,Mobile,252671.0
5292,1103,2025-08-17 04:59:33,Web,366366.0
5293,760,2025-06-13 04:43:05,Mobile,35505.0
5294,802,2024-07-05 09:50:28,Desktop,153284.0
5295,612,2025-03-17 20:20:53,Desktop,145745.0
5296,738,2026-06-19 11:41:49,Web,44862.0
5297,276,2025-08-12 22:03:37,Desktop,41430.0
5298,788,2026-04-06 16:03:43,Mobile,222990.0
5299,923,2024-06-11 01:14:43,Unknown,122652.0
5300,47,2026-05-17 08:31:31,Web,158611.0
5301,23,2026-07-31 19:33:20,Smart TV,55463.0
5302,1106,2026-05-30 09:34:38,Unknown,68001.0
5303,915,2026-01-31 19:36:39,Smart TV,244534.0
5304,540,2024-10-28 06:45:07,Mobile,45353.0
5305,741,2026-07-14 03:05:30,Unknown,302287.0
5306,668,2025-03-05 17:38:04,Tablet,287112.0
5307,357,2024-02-19 04:15:41,Web,267320.0
5308,498,2024-02-06 00:52:30,Unknown,71562.0
5309,161,2024-11-06 01:12:40,Mobile,129769.0
5310,794,2025-10-07 17:25:51,Web,39232.0
5311,557,2026-09-03 15:46:45,Mobile,118169.0
5312,101,2024-01-14 01:27:49,Web,219326.0
5313,845,2024-09-17 13:03:46,Tablet,144690.0
5314,433,2024-10-29 19:29:47,Web,310952.0
5315,833,2024-01-20 10:16:09,Tablet,368214.0
5316,291,2026-05-30 10:16:05,Smart TV,125106.0
5317,865,2024-03-02 03:01:39,Unknown,253374.0
5318,964,2025-09-08 12:03:57,Tablet,305636.0
5319,230,2024-06-23 03:53:14,Desktop,159302.0
5320,764,2024-03-02 20:16:30,Web,282162.0
5321,47,2024-11-11 08:44:51,Smart TV,88526.0
5322,145,2026-03-05 18:06:16,Unknown,69549.0
5323,563,2025-05-07 17:37:44,Unknown,344310.0
5324,794,2026-06-18 06:52:12,Mobile,224705.0
5325,82,2025-12-08 08:19:36,Desktop,207624.0
5326,250,2025-08-20 16:41:45,Web,197616.0
5327,630,2026-09-13 13:40:50,Web,60412.0
5328,570,2025-01-23 21:36:59,Unknown,113314.0
5329,1035,2025-09-13 06:33:14,Unknown,97916.0
5330,1111,2024-08-21 06:44:37,Mobile,131039.0
5331,496,2026-06-03 16:09:47,Unknown,214463.0
5332,572,2026-02-24 17:57:13,Unknown,219958.0
5333,322,2026-03-10 21:03:15,Tablet,105107.0
5334,190,2026-01-04 09:41:25,Tablet,222678.0
5335,1179,2024-11-09 00:43:43,Web,359518.0
5336,788,2024-12-13 19:49:17,Tablet,116659.0
5337,317,2025-10-21 10:31:45,Tablet,125021.0
5338,1013,2025-07-27 00:39:56,Desktop,260438.0
5339,980,2025-02-10 23:15:02,Web,205893.0
5340,1172,2025-04-26 07:29:31,Desktop,185651.0
5341,562,2026-05-27 05:23:20,Tablet,159694.0
5342,931,2024-05-05 15:25:03,Smart TV,50653.0
5343,628,2025-03-28 15:50:44,Unknown,176995.0
5344,820,2026-02-10 02:05:19,Mobile,235780.0
5345,389,2026-07-04 13:16:52,Desktop,88458.0
5346,702,2025-08-13 23:57:01,Smart TV,126185.0
5347,892,2026-06-04 21:05:39,Mobile,213251.0
5348,1088,2026-03-23 12:55:35,Web,95837.0
5349,1178,2024-04-29 00:57:08,Smart TV,140881.0
5350,436,2026-03-26 21:31:31,Smart TV,190102.0
5351,994,2024-02-17 11:01:56,Smart TV,178012.0
5352,986,2026-07-27 04:02:26,Smart TV,106266.0
5353,959,2026-08-25 02:01:02,Unknown,49834.0
5354,38,2025-12-14 03:06:53,Web,113214.0
5355,578,2024-02-06 23:17:52,Tablet,353060.0
5356,1103,2024-11-24 16:41:09,Smart TV,342558.0
5357,444,2025-05-17 09:24:20,Unknown,197959.0
5358,1126,2024-10-02 12:59:44,Unknown,130904.0
5359,970,2025-02-03 14:55:39,Unknown,69580.0
5360,557,2024-07-07 00:07:02,Mobile,199191.0
5361,1158,2026-07-09 12:25:56,Unknown,390113.0
5362,921,2024-06-13 17:07:39,Tablet,330031.0
5363,293,2025-05-01 14:09:56,Tablet,244684.0
5364,1020,2024-03-02 20:13:07,Desktop,135978.0
5365,874,2026-04-16 14:40:32,Smart TV,44941.0
5366,1107,2024-02-01 23:09:50,Unknown,104594.0
5367,628,2024-09-27 19:41:44,Tablet,59658.0
5368,585,2024-07-20 13:07:12,Tablet,56108.0
5369,816,2026-04-01 03:44:09,Smart TV,153740.0
5370,957,2025-11-28 19:07:58,Mobile,76743.0
5371,861,2024-10-21 20:32:37,Smart TV,228995.0
5372,396,2026-08-25 15:35:41,Unknown,226170.0
5373,965,2026-04-02 06:19:14,Mobile,98128.0
5374,203,2025-02-01 22:04:47,Smart TV,66515.0
5375,1086,2024-03-04 17:29:21,Mobile,158076.0
5376,980,2025-11-16 01:40:39,Desktop,42783.0
5377,631,2026-04-24 21:05:58,Smart TV,43105.0
5378,614,2024-08-25 06:28:31,Unknown,149142.0
5379,360,2026-02-15 10:08:50,Mobile,133045.0
5380,185,2025-12-14 13:48:40,Tablet,196634.0
5381,242,2024-04-30 23:28:43,Web,206845.0
5382,862,2026-07-11 09:34:11,Mobile,30670.0
5383,1111,2024-06-08 20:08:41,Mobile,121817.0
5384,539,2025-03-21 13:00:22,Mobile,190951.0
5385,298,2024-01-29 06:51:55,Unknown,310495.0
5386,122,2025-01-11 21:56:42,Unknown,232532.0
5387,887,2025-10-23 21:06:17,Web,67032.0
5388,387,2025-07-25 07:33:57,Unknown,236043.0
5389,588,2026-06-26 05:47:22,Desktop,198531.0
5390,971,2026-01-06 17:27:08,Unknown,63394.0
5391,665,2024-02-24 08:52:14,Desktop,40251.0
5392,919,2025-05-01 04:58:29,Smart TV,253470.0
5393,1179,2024-07-28 02:43:00,Web,190656.0
5394,722,2024-07-21 05:45:01,Desktop,181547.0
5395,570,2026-06-01 23:50:04,Unknown,155953.0
5396,1047,2024-09-08 16:57:40,Unknown,83964.0
5397,945,2026-02-19 17:44:46,Tablet,188491.0
5398,1079,2025-08-06 09:46:19,Desktop,250632.0
5399,1079,2026-09-17 15:52:53,Smart TV,146925.0
5400,527,2025-05-24 19:36:05,Mobile,104042.0
5401,604,2024-01-19 16:07:59,Desktop,141879.0
5402,773,2026-06-05 22:35:20,Desktop,226975.0
5403,577,2024-04-12 11:31:56,Tablet,124035.0
5404,103,2024-05-24 00:39:52,Unknown,122420.0
5405,17,2025-04-16 03:43:26,Web,142638.0
5406,511,2026-03-16 09:02:50,Desktop,104905.0
5407,865,2025-01-08 15:56:23,Tablet,154157.0
5408,811,2024-08-15 13:01:11,Desktop,88891.0
5409,758,2024-08-02 02:17:50,Mobile,223223.0
5410,663,2025-06-07 11:00:02,Desktop,165162.0
5411,188,2026-04-12 07:58:11,Unknown,202569.0
5412,135,2025-11-11 16:47:26,Smart TV,145429.0
5413,737,2025-02-28 01:00:39,Mobile,293188.0
5414,379,2026-08-24 03:46:26,Smart TV,153160.0
5415,437,2025-04-09 07:45:28,Unknown,120833.0
5416,91,2024-03-26 00:12:26,Web,40623.0
5417,1159,2024-06-24 15:03:48,Tablet,81831.0
5418,324,2026-07-30 05:47:58,Web,368264.0
5419,32,2024-01-01 15:08:36,Web,71613.0
5420,553,2026-05-16 21:36:39,Desktop,113542.0
5421,642,2026-05-25 03:05:42,Web,340006.0
5422,1112,2026-01-09 01:30:29,Mobile,266810.0
5423,132,2026-04-29 20:17:01,Mobile,145546.0
5424,621,2024-12-13 01:54:53,Desktop,37264.0
5425,144,2025-12-25 04:05:46,Unknown,222429.0
5426,833,2024-02-29 05:30:05,Desktop,203477.0
5427,562,2026-03-26 18:00:01,Smart TV,365794.0
5428,102,2026-05-17 11:55:04,Web,116307.0
5429,771,2024-06-02 11:32:06,Web,154616.0
5430,347,2024-07-02 11:16:21,Mobile,102983.0
5431,793,2025-08-27 09:35:31,Smart TV,153642.0
5432,225,2026-03-10 17:54:50,Mobile,174528.0
5433,1062,2024-06-12 18:09:18,Mobile,323584.0
5434,615,2025-07-29 20:19:08,Mobile,180807.0
5435,756,2026-09-14 20:15:20,Smart TV,28567.0
5436,677,2024-12-28 17:50:39,Smart TV,38599.0
5437,1124,2025-01-25 11:52:22,Unknown,227231.0
5438,594,2024-04-03 10:53:10,Desktop,361198.0
5439,534,2026-02-23 05:16:38,Unknown,298375.0
5440,39,2025-06-26 19:37:03,Mobile,38747.0
5441,133,2024-12-02 04:30:34,Unknown,110935.0
5442,851,2026-02-28 06:26:10,Tablet,113823.0
5443,910,2024-02-14 10:40:45,Unknown,67092.0
5444,1154,2025-11-12 18:22:59,Mobile,74058.0
5445,912,2025-01-26 19:37:24,Mobile,70636.0
5446,879,2025-07-01 02:49:58,Web,208231.0
5447,1182,2025-04-28 05:36:46,Unknown,281840.0
5448,958,2025-02-04 14:58:05,Web,251964.0
5449,516,2024-05-04 16:42:40,Mobile,296830.0
5450,1013,2025-03-18 00:30:22,Smart TV,75547.0
5451,713,2026-02-14 04:02:13,Mobile,304567.0
5452,12,2026-07-09 16:20:22,Desktop,325152.0
5453,1039,2024-10-17 13:23:18,Tablet,177868.0
5454,877,2026-08-01 17:35:33,Smart TV,118224.0
5455,1000,2024-05-14 03:21:43,Desktop,196823.0
5456,1134,2026-02-16 08:28:01,Web,151445.0
5457,421,2024-01-11 23:07:22,Web,188434.0
5458,325,2025-04-08 06:26:01,Tablet,231888.0
5459,455,2024-07-19 15:23:40,Web,166664.0
5460,112,2026-07-05 19:04:25,Unknown,239254.0
5461,93,2024-12-19 21:35:26,Web,231209.0
5462,953,2025-10-05 14:14:19,Tablet,205228.0
5463,60,2024-04-02 06:25:16,Smart TV,225822.0
5464,265,2024-03-03 19:22:25,Unknown,123339.0
5465,30,2026-05-30 20:21:55,Smart TV,131046.0
5466,79,2026-03-22 02:32:37,Desktop,321968.0
5467,97,2026-01-22 23:48:11,Mobile,111288.0
5468,464,2026-07-12 13:31:54,Tablet,222955.0
5469,217,2024-11-21 04:29:14,Mobile,85545.0
5470,893,2025-12-23 15:02:58,Web,80245.0
5471,1110,2026-05-30 14:26:18,Smart TV,287749.0
5472,112,2024-05-15 13:05:52,Tablet,113712.0
5473,1000,2024-07-11 05:15:12,Desktop,250399.0
5474,669,2026-06-13 10:02:43,Mobile,124339.0
5475,794,2025-09-21 09:45:57,Smart TV,39055.0
5476,419,2026-04-22 23:38:43,Mobile,250999.0
5477,1098,2026-07-25 07:17:06,Mobile,201215.0
5478,115,2024-02-22 23:17:29,Tablet,48038.0
5479,600,2025-06-11 10:27:23,Desktop,215894.0
5480,1155,2024-08-24 00:59:40,Mobile,222084.0
5481,462,2025-12-19 11:24:09,Mobile,181523.0
5482,1093,2025-09-15 22:53:27,Web,114430.0
5483,1158,2026-06-01 08:55:09,Mobile,219589.0
5484,583,2024-10-16 17:01:13,Unknown,362785.0
5485,645,2026-02-04 20:11:12,Smart TV,189429.0
5486,31,2024-05-09 17:47:18,Desktop,161775.0
5487,933,2025-03-11 09:34:16,Mobile,108330.0
5488,98,2024-11-24 22:57:31,Mobile,144596.0
5489,1118,2026-08-07 11:56:01,Smart TV,213111.0
5490,430,2026-07-13 19:44:16,Web,154616.0
5491,369,2025-05-11 11:11:38,Desktop,29467.0
5492,1027,2024-11-29 00:05:49,Desktop,152763.0
5493,377,2024-01-14 13:29:15,Web,269066.0
5494,150,2024-11-23 13:27:49,Web,184512.0
5495,322,2024-09-15 17:02:36,Tablet,39897.0
5496,1045,2025-04-30 12:34:48,Mobile,17056.0
5497,427,2026-06-05 22:39:34,Tablet,135322.0
5498,548,2024-03-30 18:40:24,Web,26700.0
5499,209,2024-05-10 00:48:12,Mobile,293974.0
5500,1009,2024-09-21 23:00:30,Unknown,203180.0
5501,766,2024-03-10 12:03:33,Desktop,123653.0
5502,443,2026-04-01 05:36:28,Desktop,145740.0
5503,784,2025-07-29 20:48:59,Smart TV,305683.0
5504,464,2025-06-07 16:56:49,Tablet,204384.0
5505,309,2025-11-21 13:27:28,Mobile,88277.0
5506,769,2024-02-22 13:21:39,Mobile,114243.0
5507,899,2024-03-23 05:24:51,Mobile,142275.0
5508,417,2025-05-03 07:28:13,Mobile,205890.0
5509,281,2025-10-22 11:23:37,Tablet,165818.0
5510,455,2026-07-04 15:39:54,Desktop,81445.0
5511,883,2024-10-31 07:33:25,Unknown,339848.0
5512,400,2024-03-27 23:56:57,Web,144626.0
5513,574,2025-01-16 15:19:03,Mobile,230932.0
5514,1113,2025-08-20 11:38:12,Smart TV,183899.0
5515,477,2026-03-19 23:46:41,Smart TV,356098.0
5516,1128,2025-08-15 17:26:13,Desktop,321578.0
5517,95,2024-05-11 07:13:34,Desktop,38827.0
5518,493,2026-04-12 08:05:00,Desktop,253292.0
5519,213,2025-11-08 20:45:10,Web,95512.0
5520,56,2025-09-17 23:59:31,Mobile,154616.0
5521,50,2026-03-07 11:17:56,Smart TV,75080.0
5522,778,2025-03-15 18:45:14,Smart TV,139589.0
5523,313,2025-02-02 01:33:33,Smart TV,206955.0
5524,1037,2025-09-12 15:14:09,Tablet,261260.0
5525,60,2024-12-31 07:28:10,Tablet,308267.0
5526,119,2026-05-13 20:11:52,Desktop,142392.0
5527,413,2024-07-13 01:34:17,Tablet,152133.0
5528,1190,2025-07-09 06:10:46,Unknown,76472.0
5529,956,2025-01-05 03:36:52,Desktop,177166.0
5530,214,2024-01-04 20:30:51,Unknown,236523.0
5531,848,2026-05-09 06:50:57,Unknown,90263.0
5532,357,2025-06-01 23:37:34,Tablet,243252.0
5533,1176,2025-01-31 00:24:37,Smart TV,54208.0
5534,1033,2025-11-28 19:03:46,Smart TV,65481.0
5535,97,2024-11-15 05:57:01,Web,105455.0
5536,773,2024-11-26 18:20:05,Mobile,221174.0
5537,921,2025-09-03 04:53:05,Unknown,93875.0
5538,935,2025-09-11 16:07:27,Tablet,32152.0
5539,128,2025-06-27 07:43:24,Tablet,136338.0
5540,1119,2026-07-25 12:35:17,Tablet,184235.0
5541,934,2025-07-18 20:52:51,Web,30346.0
5542,1094,2024-09-09 07:00:17,Web,81400.0
5543,1105,2025-01-21 16:40:13,Smart TV,271826.0
5544,123,2024-07-06 03:38:21,Tablet,87972.0
5545,61,2025-03-08 15:22:57,Mobile,147221.0
5546,656,2026-08-02 23:18:01,Unknown,246404.0
5547,622,2024-08-15 23:18:51,Tablet,49325.0
5548,18,2026-05-12 07:42:21,Unknown,123192.0
5549,685,2025-12-23 08:46:55,Unknown,160746.0
5550,1078,2025-06-24 18:04:36,Mobile,38779.0
5551,684,2026-03-16 11:39:07,Mobile,189073.0
5552,482,2025-10-08 16:00:20,Desktop,109989.0
5553,245,2026-05-10 17:24:15,Desktop,138352.0
5554,554,2025-05-07 21:38:03,Web,120366.0
5555,505,2024-07-20 04:02:56,Smart TV,177864.0
5556,463,2026-01-09 01:25:14,Smart TV,99367.0
5557,837,2025-03-21 04:54:36,Mobile,39499.0
5558,903,2025-06-17 09:59:05,Mobile,149642.0
5559,236,2024-12-06 16:06:02,Smart TV,141368.0
5560,285,2024-04-29 21:50:29,Unknown,206403.0
5561,649,2026-05-12 15:33:44,Web,120278.0
5562,616,2024-06-02 09:34:40,Smart TV,153943.0
5563,931,2024-06-27 22:12:51,Smart TV,60143.0
5564,332,2024-05-18 15:17:33,Smart TV,148078.0
5565,49,2024-04-11 11:26:53,Desktop,372471.0
5566,1059,2024-06-16 15:57:27,Tablet,154374.0
5567,834,2025-11-18 19:34:17,Tablet,204035.0
5568,277,2026-04-02 07:23:13,Tablet,179145.0
5569,1075,2025-02-03 05:01:05,Web,87573.0
5570,867,2025-10-26 18:14:26,Smart TV,139673.0
5571,883,2024-03-29 02:11:56,Smart TV,114503.0
5572,551,2025-10-18 20:11:37,Desktop,58321.0
5573,1005,2025-10-29 02:53:01,Tablet,134397.0
5574,330,2025-02-24 05:18:11,Mobile,224019.0
5575,817,2024-02-02 01:54:13,Smart TV,195303.0
5576,845,2026-06-01 10:23:23,Mobile,361926.0
5577,1200,2026-03-29 15:47:57,Mobile,67866.0
5578,1161,2026-07-17 03:02:35,Smart TV,34398.0
5579,804,2024-12-30 21:35:09,Web,172888.0
5580,510,2024-02-09 01:59:26,Web,62751.0
5581,820,2024-05-13 23:49:49,Web,247854.0
5582,321,2026-04-03 00:09:16,Unknown,212266.0
5583,268,2024-12-14 20:01:19,Smart TV,181593.0
5584,405,2024-02-27 18:10:14,Mobile,302983.0
5585,844,2025-02-10 13:35:57,Tablet,151469.0
5586,218,2024-02-16 16:17:26,Unknown,35968.0
5587,828,2026-02-08 02:23:34,Mobile,352042.0
5588,438,2025-11-16 09:12:18,Mobile,29129.0
5589,46,2025-02-20 09:49:14,Smart TV,102350.0
5590,862,2026-07-18 09:21:56,Tablet,138555.0
5591,628,2026-02-20 15:04:10,Unknown,90359.0
5592,730,2024-03-03 11:38:47,Smart TV,295389.0
5593,540,2024-03-22 02:58:27,Tablet,154616.0
5594,766,2025-12-18 20:51:46,Tablet,219824.0
5595,1101,2026-01-08 18:09:03,Tablet,75977.0
5596,1011,2026-08-03 11:31:14,Mobile,195575.0
5597,534,2026-01-11 02:32:22,Desktop,273271.0
5598,1085,2026-01-25 05:59:46,Mobile,149682.0
5599,818,2026-08-03 09:58:04,Unknown,131106.0
5600,505,2025-10-04 04:52:30,Unknown,207101.0
5601,572,2024-10-28 23:25:27,Unknown,187681.0
5602,298,2025-08-30 11:15:12,Smart TV,157426.0
5603,1022,2025-12-10 23:25:51,Mobile,269727.0
5604,605,2026-05-27 17:12:04,Unknown,193477.0
5605,806,2026-01-06 09:58:26,Unknown,302037.0
5606,1045,2024-08-04 10:46:13,Mobile,63883.0
5607,840,2025-04-06 22:51:29,Mobile,321702.0
5608,45,2024-02-02 21:42:56,Web,142294.0
5609,356,2025-09-20 18:29:26,Mobile,78760.0
5610,777,2025-10-13 09:27:15,Desktop,48355.0
5611,868,2024-12-30 18:25:12,Mobile,118180.0
5612,369,2024-10-18 18:46:36,Unknown,154616.0
5613,745,2025-04-25 20:31:32,Tablet,197372.0
5614,535,2024-08-22 09:37:48,Smart TV,151624.0
5615,718,2026-09-11 04:15:32,Desktop,172141.0
5616,588,2024-07-28 09:39:25,Smart TV,124168.0
5617,55,2025-06-10 00:43:55,Mobile,115702.0
5618,491,2025-08-28 11:58:13,Web,240270.0
5619,922,2025-07-06 23:52:39,Tablet,207944.0
5620,43,2026-01-30 17:12:22,Mobile,71494.0
5621,320,2025-06-19 05:57:15,Mobile,48238.0
5622,374,2025-02-06 11:14:04,Unknown,174799.0
5623,1047,2024-03-21 11:37:36,Tablet,116123.0
5624,1035,2025-08-20 07:54:56,Smart TV,223800.0
5625,107,2025-05-14 02:07:13,Mobile,155456.0
5626,760,2026-08-27 23:29:42,Desktop,158619.0
5627,789,2025-11-15 07:54:43,Web,93605.0
5628,415,2024-05-13 15:33:41,Smart TV,135234.0
5629,1076,2024-02-23 09:17:47,Tablet,201737.0
5630,495,2025-03-27 22:00:02,Unknown,349248.0
5631,674,2024-06-15 23:43:48,Smart TV,71229.0
5632,400,2025-02-02 20:35:49,Web,302905.0
5633,742,2024-10-10 09:44:48,Tablet,74712.0
5634,1117,2025-11-20 08:10:29,Smart TV,237678.0
5635,1165,2024-06-06 19:11:55,Desktop,96810.0
5636,37,2024-04-13 15:16:12,Web,144897.0
5637,1183,2024-11-17 06:02:30,Tablet,223612.0
5638,1012,2026-09-07 03:35:57,Desktop,160490.0
5639,396,2026-09-11 07:27:20,Tablet,68189.0
5640,467,2024-03-13 07:45:39,Web,247628.0
5641,785,2026-06-19 02:18:52,Mobile,150953.0
5642,952,2025-01-23 13:08:07,Mobile,179502.0
5643,42,2026-03-15 01:34:40,Web,75881.0
5644,1154,2024-12-31 18:59:53,Smart TV,228050.0
5645,116,2026-02-25 00:10:55,Web,139788.0
5646,466,2025-06-09 23:43:58,Smart TV,67531.0
5647,396,2024-04-07 22:21:26,Desktop,262704.0
5648,1016,2026-05-04 13:56:50,Unknown,171577.0
5649,1140,2025-04-23 23:04:19,Desktop,247411.0
5650,1020,2024-10-20 14:00:36,Tablet,171995.0
5651,975,2024-11-20 07:04:44,Web,76670.0
5652,335,2025-11-15 09:28:18,Smart TV,245606.0
5653,275,2026-05-29 23:53:46,Tablet,58351.0
5654,395,2026-01-20 03:31:57,Web,130316.0
5655,549,2026-04-08 04:11:18,Unknown,259556.0
5656,554,2024-11-19 20:55:25,Unknown,179391.0
5657,788,2024-06-29 23:02:47,Web,118857.0
5658,13,2026-09-16 20:55:26,Desktop,309595.0
5659,1010,2025-04-02 02:42:39,Desktop,166957.0
5660,848,2025-06-24 12:03:58,Web,25352.0
5661,225,2026-07-06 19:43:13,Mobile,109567.0
5662,63,2026-08-18 06:58:19,Smart TV,54639.0
5663,268,2024-01-20 17:21:43,Web,127292.0
5664,765,2025-02-28 15:38:33,Smart TV,275316.0
5665,825,2026-01-15 16:42:57,Mobile,162241.0
5666,682,2024-02-25 09:50:31,Mobile,64611.0
5667,3,2024-07-08 14:16:47,Smart TV,229957.0
5668,623,2025-04-17 13:28:35,Smart TV,123527.0
5669,743,2026-02-02 16:40:28,Tablet,311786.0
5670,977,2025-05-06 10:57:14,Mobile,82924.0
5671,888,2025-06-16 11:48:43,Unknown,210184.0
5672,312,2024-09-04 08:52:17,Smart TV,67081.0
5673,381,2024-04-30 11:18:33,Smart TV,208125.0
5674,201,2026-05-07 13:39:39,Smart TV,232263.0
5675,451,2026-05-06 00:27:43,Web,71268.0
5676,338,2025-07-10 21:42:52,Tablet,44570.0
5677,144,2025-10-12 15:12:49,Tablet,92071.0
5678,774,2024-04-24 12:48:07,Mobile,39447.0
5679,885,2025-02-11 04:25:58,Smart TV,113292.0
5680,942,2024-02-29 12:04:31,Mobile,197520.0
5681,943,2025-11-03 20:54:11,Smart TV,215611.0
5682,883,2025-11-21 07:22:52,Web,77188.0
5683,845,2025-03-29 01:10:30,Unknown,258377.0
5684,100,2025-07-16 16:47:28,Mobile,138135.0
5685,305,2024-06-02 22:01:49,Mobile,218769.0
5686,1051,2025-11-16 17:50:36,Smart TV,207316.0
5687,927,2026-05-19 20:30:17,Desktop,226044.0
5688,525,2026-03-07 07:53:35,Tablet,172501.0
5689,803,2025-07-04 15:41:06,Web,249878.0
5690,1029,2024-07-10 08:31:54,Mobile,47689.0
5691,1168,2025-12-31 16:01:47,Smart TV,70455.0
5692,682,2025-08-27 12:55:21,Desktop,27880.0
5693,443,2025-01-28 16:28:07,Mobile,235847.0
5694,135,2026-05-05 11:55:29,Tablet,181895.0
5695,136,2024-10-10 00:38:48,Desktop,154968.0
5696,602,2026-02-09 14:46:17,Mobile,94468.0
5697,492,2025-04-05 02:54:10,Tablet,187006.0
5698,571,2025-11-17 23:17:49,Desktop,110231.0
5699,217,2025-01-17 20:45:18,Tablet,88213.0
5700,176,2026-03-26 08:06:31,Tablet,64358.0
5701,129,2025-01-08 03:52:00,Desktop,208737.0
5702,781,2026-04-06 21:07:29,Smart TV,300298.0
5703,99,2024-11-07 15:44:10,Web,301327.0
5704,123,2026-02-27 12:38:17,Web,199764.0
5705,202,2025-09-11 08:06:34,Smart TV,142518.0
5706,1147,2025-08-01 03:23:25,Mobile,188543.0
5707,329,2025-03-20 19:28:31,Tablet,138107.0
5708,873,2026-09-07 01:49:11,Tablet,181022.0
5709,149,2026-07-02 10:36:47,Unknown,119158.0
5710,874,2026-06-10 14:09:12,Smart TV,63964.0
5711,312,2026-05-05 22:11:04,Smart TV,140484.0
5712,961,2024-02-21 20:17:02,Tablet,316697.0
5713,706,2025-07-21 05:35:29,Web,131619.0
5714,983,2025-05-11 21:27:34,Smart TV,249743.0
5715,362,2024-10-18 00:14:46,Mobile,64402.0
5716,749,2024-03-07 18:55:47,Web,226859.0
5717,1144,2025-09-15 15:50:43,Web,73816.0
5718,623,2025-10-10 17:02:53,Mobile,123547.0
5719,554,2025-08-26 12:36:21,Desktop,162215.0
5720,744,2024-03-18 21:48:43,Desktop,226170.0
5721,827,2024-08-25 07:43:40,Desktop,146799.0
5722,297,2025-03-29 17:42:23,Tablet,277086.0
5723,671,2025-08-14 11:08:20,Tablet,302100.0
5724,353,2024-08-28 22:27:51,Web,248277.0
5725,541,2024-07-22 10:07:51,Mobile,138875.0
5726,494,2025-06-19 23:04:05,Unknown,30219.0
5727,695,2025-05-03 14:45:36,Unknown,181236.0
5728,760,2026-06-09 03:44:15,Web,65651.0
5729,755,2026-04-05 09:02:40,Smart TV,104412.0
5730,741,2024-01-15 18:21:31,Desktop,244277.0
5731,241,2025-04-18 11:38:12,Desktop,230390.0
5732,452,2024-05-30 10:08:57,Mobile,74252.0
5733,419,2025-08-05 12:43:21,Tablet,235024.0
5734,886,2024-11-29 15:55:01,Desktop,154616.0
5735,457,2025-01-17 00:41:31,Web,16457.0
5736,668,2026-02-28 11:52:18,Web,263740.0
5737,1062,2024-06-23 22:19:20,Unknown,363768.0
5738,1109,2024-06-12 18:54:37,Web,92053.0
5739,1069,2025-03-27 06:32:33,Unknown,111887.0
5740,926,2024-01-24 15:34:29,Unknown,225862.0
5741,740,2026-06-08 18:26:46,Smart TV,351456.0
5742,40,2025-06-20 02:12:08,Unknown,184636.0
5743,279,2025-03-04 05:13:42,Unknown,234584.0
5744,170,2025-02-22 16:45:17,Mobile,118783.0
5745,758,2024-07-21 04:56:23,Mobile,216125.0
5746,441,2026-05-05 10:56:58,Web,215489.0
5747,909,2025-05-03 12:17:12,Tablet,169631.0
5748,1044,2025-12-14 15:20:37,Desktop,119309.0
5749,901,2025-08-27 21:24:10,Mobile,154616.0
5750,682,2024-09-11 18:25:06,Tablet,56164.0
5751,155,2026-03-28 06:24:07,Desktop,193961.0
5752,800,2026-03-31 12:01:06,Desktop,122388.0
5753,997,2026-03-22 14:09:36,Mobile,133925.0
5754,325,2025-10-03 11:55:51,Desktop,278881.0
5755,314,2024-01-13 19:43:15,Web,313231.0
5756,836,2026-05-01 09:20:05,Desktop,141349.0
5757,1159,2025-12-04 14:04:38,Smart TV,72630.0
5758,154,2025-07-26 13:41:33,Tablet,37512.0
5759,415,2025-09-11 21:48:09,Smart TV,115225.0
5760,1084,2024-07-23 18:53:06,Mobile,310747.0
5761,781,2024-05-29 21:11:52,Mobile,209883.0
5762,627,2025-12-11 06:45:19,Smart TV,173285.0
5763,217,2026-02-07 02:05:01,Unknown,62483.0
5764,26,2025-01-03 13:42:42,Unknown,138471.0
5765,851,2026-07-23 06:24:55,Tablet,94593.0
5766,786,2025-09-20 10:55:32,Desktop,49130.0
5767,1121,2025-06-25 19:53:24,Mobile,128427.0
5768,1124,2026-06-29 18:43:46,Smart TV,199223.0
5769,64,2025-06-21 02:29:50,Smart TV,36264.0
5770,204,2024-10-16 21:41:37,Desktop,256736.0
5771,820,2024-01-27 08:54:05,Mobile,260387.0
5772,1040,2025-10-27 12:08:57,Web,217259.0
5773,535,2026-03-11 09:54:10,Desktop,65773.0
5774,232,2026-05-10 07:13:25,Unknown,75442.0
5775,1013,2025-05-22 15:10:14,Desktop,118871.0
5776,149,2026-01-02 21:23:03,Mobile,58739.0
5777,624,2024-08-26 18:39:31,Mobile,330284.0
5778,961,2025-08-06 17:46:30,Tablet,135684.0
5779,536,2024-06-29 04:16:07,Mobile,230640.0
5780,135,2026-04-10 19:08:12,Smart TV,341394.0
5781,341,2025-09-04 03:19:52,Desktop,207216.0
5782,215,2024-05-05 05:48:24,Unknown,178323.0
5783,903,2024-11-12 14:06:49,Unknown,27225.0
5784,436,2024-04-19 04:50:23,Smart TV,52653.0
5785,35,2024-11-11 06:28:15,Smart TV,135666.0
5786,645,2025-06-22 19:49:21,Tablet,136774.0
5787,651,2025-09-17 06:04:17,Web,61832.0
5788,239,2025-01-25 12:31:37,Smart TV,53254.0
5789,184,2025-07-20 20:37:22,Desktop,59942.0
5790,199,2026-08-14 01:32:53,Mobile,60359.0
5791,942,2025-09-08 23:59:11,Mobile,268983.0
5792,462,2025-02-10 23:12:03,Unknown,58861.0
5793,37,2024-03-17 07:50:23,Desktop,123500.0
5794,62,2026-05-20 20:35:45,Mobile,235986.0
5795,639,2024-01-06 02:43:17,Smart TV,196006.0
5796,794,2024-03-25 08:36:01,Smart TV,224102.0
5797,1015,2024-05-26 17:52:26,Web,76066.0
5798,747,2024-02-19 20:48:15,Unknown,154616.0
5799,420,2025-12-07 12:46:24,Web,78010.0
5800,56,2024-04-24 14:38:43,Web,245173.0
5801,140,2024-02-06 11:22:14,Smart TV,167831.0
5802,245,2025-05-11 08:53:34,Unknown,31348.0
5803,153,2026-04-09 12:18:12,Desktop,83915.0
5804,61,2025-08-28 14:24:39,Tablet,97273.0
5805,307,2024-10-27 00:00:15,Desktop,106091.0
5806,693,2025-08-03 23:00:06,Desktop,166885.0
5807,485,2025-07-30 01:48:58,Unknown,66641.0
5808,1060,2026-09-05 13:10:35,Tablet,201134.0
5809,208,2025-08-25 11:39:14,Mobile,154616.0
5810,57,2026-03-25 20:07:13,Unknown,79823.0
5811,773,2025-05-14 13:07:41,Smart TV,39728.0
5812,1064,2024-09-03 23:36:25,Mobile,52899.0
5813,37,2024-08-18 21:01:40,Web,61662.0
5814,739,2025-06-07 10:34:30,Unknown,98547.0
5815,331,2024-03-01 03:33:23,Tablet,216465.0
5816,44,2024-05-23 07:46:38,Web,89690.0
5817,216,2025-09-06 19:00:59,Smart TV,179967.0
5818,33,2026-05-13 21:37:15,Web,54777.0
5819,67,2025-04-12 12:30:29,Tablet,68576.0
5820,331,2025-02-03 16:48:06,Mobile,206889.0
5821,575,2025-02-14 03:25:39,Unknown,173946.0
5822,298,2025-11-20 23:12:21,Web,336277.0
5823,402,2026-01-20 21:59:40,Tablet,192785.0
5824,1143,2026-05-01 23:15:52,Mobile,109038.0
5825,292,2026-06-28 00:07:38,Tablet,99330.0
5826,996,2024-03-23 01:05:15,Unknown,181004.0
5827,696,2024-08-20 10:21:04,Mobile,108440.0
5828,518,2024-10-25 05:11:38,Unknown,213782.0
5829,961,2024-04-27 21:11:29,Web,307226.0
5830,447,2024-03-06 10:47:55,Mobile,96505.0
5831,1147,2026-09-11 01:51:14,Mobile,32757.0
5832,874,2026-01-06 21:13:00,Web,130023.0
5833,870,2026-07-22 09:15:28,Desktop,84428.0
5834,521,2024-07-27 15:01:50,Tablet,194796.0
5835,51,2025-08-02 18:57:30,Mobile,359835.0
5836,1069,2024-04-29 09:36:58,Smart TV,132403.0
5837,85,2024-06-03 07:12:46,Mobile,128445.0
5838,1008,2024-03-01 15:34:44,Desktop,47524.0
5839,688,2024-11-26 07:21:36,Web,168634.0
5840,192,2025-04-05 15:20:15,Mobile,67295.0
5841,1180,2024-12-20 10:53:32,Web,46314.0
5842,65,2024-04-08 14:08:24,Tablet,102509.0
5843,75,2024-12-25 20:00:06,Mobile,86977.0
5844,913,2024-07-11 22:20:21,Tablet,98103.0
5845,832,2025-09-25 22:57:31,Tablet,245536.0
5846,336,2026-03-31 21:18:02,Web,100324.0
5847,889,2026-09-02 03:58:18,Smart TV,74234.0
5848,584,2025-01-30 10:06:48,Smart TV,228163.0
5849,771,2024-09-22 16:52:36,Desktop,204451.0
5850,678,2026-07-09 01:44:17,Mobile,204473.0
5851,160,2025-10-26 11:07:49,Tablet,122526.0
5852,1189,2025-08-01 05:39:07,Tablet,86557.0
5853,1186,2026-06-24 06:12:45,Desktop,136916.0
5854,1067,2024-12-18 22:53:17,Web,85835.0
5855,489,2025-06-25 05:34:30,Mobile,119028.0
5856,505,2024-07-09 19:42:56,Tablet,250589.0
5857,242,2025-07-03 04:26:55,Tablet,247719.0
5858,73,2026-03-08 12:42:09,Desktop,107347.0
5859,88,2026-05-20 12:20:15,Smart TV,79639.0
5860,450,2026-06-29 00:32:42,Mobile,274909.0
5861,465,2025-07-29 19:11:53,Smart TV,68123.0
5862,973,2025-04-20 14:37:51,Mobile,185617.0
5863,1192,2026-06-04 23:32:43,Mobile,154616.0
5864,1003,2026-06-21 03:41:50,Web,211305.0
5865,994,2024-10-27 11:09:38,Mobile,88207.0
5866,894,2025-08-28 04:14:11,Smart TV,293174.0
5867,889,2025-04-27 07:32:45,Mobile,181896.0
5868,651,2026-02-01 13:34:05,Web,199918.0
5869,946,2025-10-01 05:57:10,Smart TV,161182.0
5870,465,2024-06-17 17:19:32,Desktop,57108.0
5871,1002,2026-02-13 01:33:41,Tablet,61999.0
5872,162,2025-08-07 01:28:00,Web,144845.0
5873,224,2026-08-04 09:40:07,Desktop,46410.0
5874,44,2026-07-03 16:19:23,Desktop,153756.0
5875,308,2026-08-30 21:01:07,Unknown,278121.0
5876,1121,2024-03-28 23:20:09,Web,131554.0
5877,178,2025-08-20 03:45:36,Desktop,256830.0
5878,549,2024-07-09 08:39:21,Web,201638.0
5879,441,2025-04-18 09:04:47,Mobile,160766.0
5880,1077,2024-09-26 07:01:07,Unknown,103626.0
5881,987,2026-01-02 04:20:39,Desktop,276889.0
5882,848,2024-05-07 02:22:49,Smart TV,42160.0
5883,782,2026-08-05 06:12:37,Smart TV,27151.0
5884,1104,2025-05-08 08:20:09,Web,178363.0
5885,663,2026-08-12 12:42:22,Web,300033.0
5886,926,2026-07-13 07:03:47,Smart TV,47126.0
5887,1049,2025-06-30 11:53:56,Desktop,263570.0
5888,970,2025-10-14 00:41:08,Tablet,31612.0
5889,550,2024-08-16 19:58:54,Tablet,107435.0
5890,750,2025-04-30 18:27:46,Smart TV,267511.0
5891,765,2026-07-12 15:47:08,Mobile,39943.0
5892,542,2026-07-07 02:29:42,Unknown,123093.0
5893,266,2024-10-15 10:21:08,Desktop,181170.0
5894,1139,2025-06-23 06:12:24,Web,186895.0
5895,774,2024-02-04 19:50:48,Smart TV,249867.0
5896,413,2024-03-21 09:32:08,Tablet,152076.0
5897,175,2024-07-13 16:26:08,Tablet,181413.0
5898,413,2025-06-16 00:15:06,Desktop,154616.0
5899,7,2026-03-05 23:22:52,Web,225335.0
5900,1163,2024-04-24 23:49:50,Smart TV,74814.0
5901,523,2025-08-17 06:43:58,Unknown,281864.0
5902,834,2025-07-22 03:29:11,Unknown,106746.0
5903,973,2025-10-26 04:47:15,Smart TV,259512.0
5904,1144,2024-04-15 20:19:33,Desktop,50668.0
5905,1188,2024-07-08 13:17:27,Mobile,293431.0
5906,359,2024-03-31 07:17:07,Mobile,92531.0
5907,489,2024-09-07 18:20:15,Smart TV,116148.0
5908,1068,2025-04-10 14:41:49,Web,27441.0
5909,30,2025-04-28 05:49:13,Web,107091.0
5910,1087,2025-06-05 02:35:00,Desktop,44140.0
5911,181,2025-03-03 17:30:15,Tablet,221909.0
5912,499,2025-03-30 22:11:39,Tablet,162226.0
5913,674,2026-07-16 23:05:26,Mobile,149920.0
5914,1140,2026-07-03 05:39:10,Smart TV,380399.0
5915,1059,2024-04-08 09:58:19,Tablet,102474.0
5916,649,2024-09-07 15:21:18,Desktop,180574.0
5917,358,2024-02-13 15:58:17,Tablet,55861.0
5918,849,2024-04-11 03:06:46,Unknown,176147.0
5919,327,2024-08-24 01:53:33,Tablet,298020.0
5920,61,2024-03-07 20:58:17,Mobile,70427.0
5921,568,2025-12-21 02:49:12,Mobile,359554.0
5922,523,2024-10-28 15:55:47,Desktop,82172.0
5923,77,2025-07-29 07:20:17,Tablet,289422.0
5924,915,2024-11-10 18:20:32,Smart TV,126168.0
5925,1116,2025-10-24 20:14:56,Desktop,202080.0
5926,267,2026-03-27 16:27:37,Unknown,188849.0
5927,852,2026-02-15 06:51:12,Web,215425.0
5928,136,2025-12-23 08:44:40,Tablet,126026.0
5929,101,2025-03-12 13:05:51,Unknown,194669.0
5930,846,2025-08-30 19:58:49,Smart TV,105064.0
5931,829,2026-08-11 08:52:20,Web,148582.0
5932,853,2026-03-10 03:07:02,Web,354880.0
5933,454,2024-12-16 17:32:37,Tablet,188100.0
5934,742,2025-07-30 05:01:40,Web,243017.0
5935,1035,2024-08-27 15:04:23,Tablet,54585.0
5936,393,2025-03-26 10:37:05,Desktop,99803.0
5937,390,2026-02-15 22:33:14,Web,273685.0
5938,268,2024-10-02 09:43:13,Smart TV,119547.0
5939,1017,2025-10-17 02:15:57,Tablet,66578.0
5940,355,2025-09-24 12:07:09,Tablet,211383.0
5941,147,2026-07-24 14:29:21,Desktop,160897.0
5942,898,2026-01-08 14:57:55,Web,58406.0
5943,6,2024-08-16 18:29:35,Mobile,247995.0
5944,623,2024-08-07 17:52:16,Smart TV,87985.0
5945,1125,2026-08-18 00:20:59,Web,195439.0
5946,247,2024-01-16 19:04:42,Tablet,145306.0
5947,948,2026-07-28 00:06:43,Unknown,358868.0
5948,1029,2024-07-30 22:44:33,Desktop,276566.0
5949,262,2025-09-29 11:04:04,Web,27888.0
5950,596,2024-07-04 13:04:10,Smart TV,210355.0
5951,765,2025-04-04 13:16:08,Tablet,128721.0
5952,775,2024-08-05 23:06:18,Mobile,74913.0
5953,1015,2025-11-16 00:06:57,Web,231685.0
5954,645,2025-05-05 07:39:08,Web,131307.0
5955,238,2024-02-22 20:50:05,Unknown,171965.0
5956,884,2026-08-08 13:49:05,Unknown,243533.0
5957,137,2025-11-06 12:29:00,Smart TV,85575.0
5958,832,2024-01-22 05:59:24,Smart TV,103284.0
5959,949,2025-12-20 21:28:35,Desktop,37900.0
5960,472,2026-02-16 14:05:33,Web,324362.0
5961,939,2024-12-06 13:10:40,Smart TV,62341.0
5962,1140,2024-07-14 09:46:09,Mobile,315364.0
5963,764,2024-07-18 08:34:23,Unknown,349207.0
5964,636,2025-09-14 21:26:17,Smart TV,216109.0
5965,103,2025-07-13 04:11:54,Tablet,186554.0
5966,1139,2024-02-07 10:30:07,Desktop,82811.0
5967,859,2024-08-16 11:08:02,Mobile,189403.0
5968,283,2026-04-01 14:12:42,Desktop,87242.0
5969,922,2025-09-19 02:03:28,Unknown,198109.0
5970,427,2026-06-19 00:48:06,Web,113349.0
5971,442,2026-08-24 02:33:15,Desktop,284412.0
5972,563,2026-05-20 11:46:47,Tablet,164282.0
5973,63,2026-07-30 01:29:23,Smart TV,142605.0
5974,1141,2025-05-11 04:46:26,Unknown,201379.0
5975,430,2026-08-21 15:15:31,Desktop,109660.0
5976,906,2025-12-15 02:41:00,Mobile,223258.0
5977,584,2024-04-11 08:35:51,Smart TV,143821.0
5978,997,2025-09-12 13:09:12,Unknown,304499.0
5979,414,2026-01-31 04:40:58,Tablet,286939.0
5980,785,2025-05-05 07:56:29,Smart TV,121729.0
5981,643,2024-12-02 16:26:25,Desktop,134069.0
5982,62,2026-05-07 22:01:11,Mobile,133987.0
5983,335,2025-07-05 22:44:24,Web,279018.0
5984,417,2025-07-27 19:14:08,Smart TV,78114.0
5985,827,2025-08-08 10:09:06,Smart TV,393722.0
5986,793,2025-05-13 09:48:48,Tablet,173224.0
5987,1195,2025-02-04 21:56:13,Smart TV,175717.0
5988,1062,2025-03-10 08:26:41,Web,249480.0
5989,251,2025-07-06 08:42:52,Unknown,88080.0
5990,585,2025-09-16 01:55:38,Web,239381.0
5991,956,2024-10-12 06:46:53,Web,159914.0
5992,615,2024-10-06 12:30:34,Smart TV,162123.0
5993,131,2024-03-03 21:54:08,Unknown,158282.0
5994,335,2025-07-16 17:18:12,Web,115361.0
5995,186,2026-06-12 22:20:31,Web,104857.0
5996,782,2026-03-27 00:15:55,Tablet,60331.0
5997,64,2024-08-21 11:26:15,Tablet,84585.0
5998,236,2025-11-23 00:40:38,Tablet,167519.0
5999,1014,2025-05-06 16:42:48,Web,40012.0
6000,61,2024-04-18 06:58:05,Desktop,119017.0
6001,356,2024-11-26 14:20:01,Tablet,279602.0
6002,980,2025-12-09 11:05:08,Desktop,230799.0
6003,189,2026-02-20 17:26:49,Smart TV,269962.0
6004,372,2025-02-20 14:47:45,Tablet,154195.0
6005,843,2024-03-12 14:42:00,Tablet,251436.0
6006,804,2024-07-31 19:26:50,Desktop,154616.0
6007,292,2026-02-01 14:55:49,Tablet,68277.0
6008,1057,2025-03-07 11:02:15,Smart TV,32077.0
6009,751,2026-04-08 10:04:41,Web,141970.0
6010,461,2025-02-07 10:48:40,Desktop,126545.0
6011,526,2026-09-15 20:30:12,Desktop,239151.0
6012,224,2025-10-30 16:55:58,Tablet,115603.0
6013,65,2026-05-18 02:46:35,Tablet,219462.0
6014,512,2026-07-07 09:16:19,Mobile,312891.0
6015,49,2026-03-19 21:27:10,Desktop,154616.0
6016,790,2024-11-25 00:56:32,Tablet,135161.0
6017,874,2025-09-25 15:14:48,Mobile,194653.0
6018,347,2026-06-16 07:57:16,Web,63232.0
6019,273,2026-04-05 10:56:22,Mobile,28307.0
6020,642,2025-10-14 16:36:31,Unknown,144070.0
6021,298,2025-04-18 15:24:23,Mobile,212191.0
6022,358,2025-05-06 16:20:59,Tablet,169694.0
6023,405,2026-04-03 08:47:35,Smart TV,123393.0
6024,637,2026-07-15 05:37:55,Web,20445.0
6025,526,2026-03-26 11:40:06,Mobile,178726.0
6026,849,2026-06-08 06:22:50,Unknown,371289.0
6027,746,2024-02-24 15:05:18,Mobile,154616.0
6028,1095,2024-11-10 02:17:37,Smart TV,255552.0
6029,504,2025-11-15 06:34:31,Desktop,212878.0
6030,435,2024-09-18 23:06:10,Web,388417.0
6031,577,2025-03-15 02:18:49,Mobile,54107.0
6032,452,2026-02-18 19:43:14,Smart TV,83076.0
6033,356,2025-03-22 09:28:39,Tablet,113178.0
6034,1051,2025-09-24 06:17:40,Tablet,256608.0
6035,235,2026-07-03 10:55:31,Desktop,169248.0
6036,696,2026-06-16 23:19:27,Unknown,70065.0
6037,881,2024-05-08 19:24:14,Unknown,247142.0
6038,5,2025-05-23 18:36:41,Tablet,60072.0
6039,582,2025-12-29 16:33:07,Desktop,158774.0
6040,527,2026-03-04 01:34:44,Mobile,119573.0
6041,1031,2026-06-09 11:33:08,Tablet,52052.0
6042,284,2025-11-16 09:28:55,Web,30268.0
6043,552,2025-03-03 12:47:28,Tablet,45387.0
6044,48,2025-11-08 22:50:25,Tablet,266218.0
6045,715,2026-02-28 21:32:57,Desktop,187947.0
6046,673,2024-09-01 00:02:18,Web,60361.0
6047,776,2024-11-12 08:17:51,Web,390572.0
6048,556,2026-07-02 04:38:59,Web,187506.0
6049,35,2024-03-03 21:16:45,Unknown,181231.0
6050,432,2024-04-20 20:56:05,Smart TV,179246.0
6051,1148,2025-05-23 08:50:42,Unknown,29386.0
6052,387,2025-08-18 00:58:55,Web,270764.0
6053,429,2026-08-26 06:46:43,Smart TV,244610.0
6054,292,2024-01-26 12:02:41,Web,202851.0
6055,710,2026-08-19 13:55:44,Web,189915.0
6056,1020,2025-01-15 14:00:05,Smart TV,176078.0
6057,1119,2025-12-09 07:59:48,Tablet,175205.0
6058,498,2025-09-08 21:08:00,Mobile,298090.0
6059,1185,2025-11-29 12:46:59,Tablet,66769.0
6060,724,2026-02-19 16:11:56,Desktop,235567.0
6061,1085,2026-08-20 00:33:02,Smart TV,135931.0
6062,369,2026-01-13 18:33:32,Desktop,66290.0
6063,25,2025-11-29 02:35:30,Web,204015.0
6064,1071,2024-10-26 14:43:00,Unknown,298031.0
6065,37,2026-05-02 16:24:58,Smart TV,137360.0
6066,323,2025-11-16 11:37:42,Smart TV,222149.0
6067,8,2026-07-06 07:37:00,Tablet,330344.0
6068,1040,2025-04-02 12:59:10,Mobile,128718.0
6069,1188,2025-07-19 01:09:36,Web,285085.0
6070,260,2024-02-16 09:10:41,Mobile,89713.0
6071,948,2024-10-21 07:34:43,Web,258047.0
6072,1092,2024-09-14 17:28:35,Desktop,221102.0
6073,85,2024-06-01 10:50:42,Web,176081.0
6074,27,2025-11-29 17:23:28,Smart TV,123754.0
6075,166,2026-07-19 19:42:44,Mobile,236000.0
6076,248,2024-03-10 06:35:07,Smart TV,51565.0
6077,1001,2026-07-20 06:32:47,Mobile,115584.0
6078,809,2025-09-25 22:56:41,Smart TV,132479.0
6079,170,2025-10-15 14:17:00,Smart TV,128279.0
6080,136,2024-01-30 17:47:36,Desktop,190829.0
6081,908,2024-12-15 15:18:09,Unknown,151900.0
6082,52,2025-07-10 09:01:41,Desktop,57689.0
6083,24,2025-10-29 00:11:17,Unknown,59236.0
6084,1075,2024-08-14 06:29:52,Tablet,69046.0
6085,96,2024-03-01 17:55:25,Smart TV,88150.0
6086,774,2025-12-29 09:45:00,Tablet,120517.0
6087,774,2024-01-25 10:48:17,Unknown,87787.0
6088,482,2024-04-08 14:29:03,Web,201190.0
6089,783,2026-05-06 09:10:47,Mobile,242995.0
6090,780,2024-02-19 14:19:30,Unknown,38457.0
6091,486,2025-05-18 16:29:52,Desktop,125497.0
6092,149,2024-09-18 04:27:03,Smart TV,180279.0
6093,330,2026-04-05 22:08:21,Smart TV,62275.0
6094,1092,2026-01-07 01:41:33,Smart TV,169148.0
6095,125,2026-01-22 12:33:19,Unknown,207331.0
6096,878,2026-01-27 12:03:10,Web,175784.0
6097,922,2025-08-29 00:46:30,Desktop,202097.0
6098,817,2025-10-05 16:47:26,Tablet,226591.0
6099,573,2026-02-25 17:48:40,Mobile,279069.0
6100,1195,2026-02-18 22:30:01,Unknown,148974.0
6101,446,2026-01-30 17:35:18,Smart TV,220078.0
6102,645,2024-06-15 07:54:30,Web,179577.0
6103,647,2026-05-09 07:47:30,Mobile,109263.0
6104,541,2025-09-18 19:49:37,Mobile,110841.0
6105,5,2024-01-25 05:36:13,Web,138918.0
6106,692,2024-09-25 16:15:46,Tablet,147176.0
6107,890,2026-04-04 10:34:51,Smart TV,232155.0
6108,432,2025-06-25 05:04:44,Desktop,174482.0
6109,415,2024-02-23 07:00:25,Desktop,276959.0
6110,184,2025-05-01 06:22:54,Unknown,268247.0
6111,509,2026-06-05 01:03:45,Unknown,124934.0
6112,529,2025-07-20 23:12:07,Unknown,154616.0
6113,1056,2025-12-31 15:37:41,Desktop,317407.0
6114,753,2025-05-29 00:45:12,Desktop,93232.0
6115,124,2025-02-11 11:35:54,Smart TV,210348.0
6116,260,2024-04-04 03:38:17,Smart TV,46216.0
6117,1058,2024-04-18 00:01:43,Unknown,217258.0
6118,930,2025-03-01 15:36:58,Desktop,259684.0
6119,175,2024-12-07 05:32:34,Unknown,185040.0
6120,925,2024-04-27 02:38:47,Smart TV,26974.0
6121,1094,2025-02-24 19:09:01,Unknown,159750.0
6122,630,2024-04-13 10:35:18,Tablet,150683.0
6123,637,2025-03-13 19:59:52,Smart TV,185994.0
6124,598,2024-07-09 12:28:50,Smart TV,99297.0
6125,1103,2025-08-19 20:44:24,Smart TV,281268.0
6126,453,2025-11-27 20:50:44,Smart TV,180754.0
6127,70,2024-08-17 05:51:53,Unknown,364229.0
6128,984,2026-01-27 01:05:49,Mobile,43973.0
6129,723,2025-12-30 23:32:15,Unknown,267899.0
6130,158,2024-12-25 23:27:07,Tablet,316183.0
6131,779,2026-01-15 22:58:48,Mobile,279538.0
6132,629,2025-05-14 17:53:16,Smart TV,94497.0
6133,155,2025-12-19 03:19:48,Tablet,116087.0
6134,706,2025-12-04 22:53:56,Tablet,308597.0
6135,597,2024-04-03 14:19:42,Unknown,50178.0
6136,1188,2025-11-30 00:37:48,Tablet,204543.0
6137,179,2024-11-24 14:52:39,Desktop,186733.0
6138,55,2026-08-10 20:57:36,Mobile,140455.0
6139,1070,2024-08-08 09:34:39,Tablet,162158.0
6140,420,2025-02-21 09:05:25,Unknown,97176.0
6141,1070,2025-05-25 16:07:35,Desktop,114831.0
6142,583,2025-05-13 05:16:41,Mobile,156122.0
6143,870,2025-04-19 14:06:48,Smart TV,87096.0
6144,595,2024-09-04 00:44:58,Web,222497.0
6145,268,2025-09-09 23:18:42,Desktop,88461.0
6146,619,2025-06-19 17:35:10,Unknown,27868.0
6147,353,2025-08-20 12:13:07,Tablet,78054.0
6148,83,2025-07-23 11:21:56,Desktop,151030.0
6149,774,2024-05-23 15:56:59,Desktop,259968.0
6150,210,2026-06-01 06:49:02,Unknown,172129.0
6151,1148,2026-07-22 16:55:43,Web,96716.0
6152,15,2024-09-19 03:47:48,Unknown,221042.0
6153,517,2024-09-24 17:01:30,Desktop,179501.0
6154,622,2025-02-14 22:14:26,Mobile,155965.0
6155,845,2025-08-29 06:28:48,Smart TV,77951.0
6156,214,2024-09-10 13:31:41,Tablet,301562.0
6157,609,2024-12-01 09:29:10,Unknown,274169.0
6158,670,2024-01-08 22:46:40,Smart TV,43598.0
6159,533,2025-11-30 12:06:24,Smart TV,250034.0
6160,852,2025-03-05 11:22:27,Mobile,193764.0
6161,463,2025-07-12 09:05:31,Mobile,53250.0
6162,1015,2025-07-02 08:33:05,Tablet,85933.0
6163,362,2025-10-14 04:38:37,Web,375628.0
6164,1109,2025-07-03 04:19:17,Desktop,154616.0
6165,747,2026-04-06 09:02:27,Unknown,68882.0
6166,723,2024-11-14 14:49:56,Mobile,61591.0
6167,1186,2025-11-02 03:58:34,Unknown,37616.0
6168,948,2026-06-04 08:05:48,Mobile,253514.0
6169,347,2026-04-28 21:00:25,Web,122755.0
6170,1065,2024-09-13 10:15:27,Mobile,217276.0
6171,203,2024-05-17 16:42:00,Smart TV,185573.0
6172,1004,2025-12-15 03:49:37,Tablet,383230.0
6173,693,2024-07-18 21:54:09,Unknown,31053.0
6174,924,2024-10-15 09:52:54,Web,157450.0
6175,29,2026-07-23 19:09:24,Tablet,26598.0
6176,328,2024-06-19 20:36:49,Web,227711.0
6177,199,2025-09-11 22:29:25,Unknown,327156.0
6178,606,2024-02-03 05:37:37,Smart TV,156238.0
6179,516,2024-11-25 04:36:53,Tablet,308913.0
6180,928,2026-09-16 04:42:53,Desktop,226692.0
6181,1127,2026-06-18 14:00:40,Smart TV,96870.0
6182,90,2024-01-14 20:11:09,Mobile,32736.0
6183,247,2026-06-02 19:08:22,Mobile,236948.0
6184,507,2024-01-01 00:01:00,Tablet,101257.0
6185,315,2025-07-13 14:27:54,Unknown,196961.0
6186,329,2026-03-15 23:52:16,Desktop,184447.0
6187,21,2025-04-10 02:34:03,Mobile,62578.0
6188,869,2025-08-07 06:11:29,Unknown,269115.0
6189,958,2025-01-22 23:34:34,Web,153810.0
6190,142,2024-12-22 02:28:01,Mobile,271254.0
6191,913,2024-01-03 04:37:11,Unknown,167403.0
6192,342,2026-05-01 21:38:22,Desktop,90734.0
6193,1145,2025-02-22 07:53:18,Desktop,138854.0
6194,628,2025-08-20 06:05:53,Tablet,157895.0
6195,1194,2026-02-28 23:11:05,Unknown,230868.0
6196,552,2025-09-22 11:47:21,Tablet,99728.0
6197,289,2026-02-28 08:21:47,Tablet,177693.0
6198,1033,2024-12-22 16:35:08,Tablet,305536.0
6199,453,2024-09-25 14:33:49,Tablet,277654.0
6200,200,2026-06-27 15:49:33,Web,69725.0
6201,658,2026-09-10 20:12:36,Unknown,183177.0
6202,307,2025-08-24 14:54:18,Tablet,39933.0
6203,117,2026-03-19 22:11:57,Tablet,143249.0
6204,672,2025-10-04 23:58:49,Desktop,92222.0
6205,951,2025-09-02 18:29:47,Mobile,136959.0
6206,563,2024-12-02 09:35:05,Mobile,366671.0
6207,1152,2026-09-02 22:25:37,Desktop,330303.0
6208,1052,2024-10-13 12:16:35,Unknown,304223.0
6209,991,2024-10-03 21:22:06,Tablet,135277.0
6210,357,2025-03-06 06:41:37,Smart TV,213598.0
6211,710,2026-01-22 19:39:47,Smart TV,194097.0
6212,380,2024-01-22 02:01:54,Web,225675.0
6213,936,2026-04-01 00:45:08,Web,54128.0
6214,431,2026-09-14 23:56:32,Web,229656.0
6215,301,2025-11-04 22:27:39,Unknown,58279.0
6216,766,2026-06-13 23:10:02,Unknown,122336.0
6217,1121,2024-10-01 15:27:00,Mobile,162615.0
6218,213,2024-12-13 23:47:10,Desktop,126758.0
6219,779,2026-05-27 05:32:48,Tablet,133307.0
6220,585,2026-03-14 17:36:12,Web,154616.0
6221,238,2025-08-08 01:26:54,Desktop,168375.0
6222,632,2025-12-12 09:48:19,Web,253259.0
6223,969,2025-12-06 17:38:36,Tablet,194842.0
6224,982,2025-05-11 10:30:59,Mobile,108237.0
6225,1089,2024-08-05 12:08:06,Tablet,90778.0
6226,61,2026-08-25 22:29:58,Mobile,40096.0
6227,76,2026-01-03 15:12:11,Web,79169.0
6228,165,2025-06-01 00:31:22,Desktop,226003.0
6229,94,2025-11-25 05:36:22,Tablet,154616.0
6230,977,2026-06-15 12:32:00,Smart TV,215374.0
6231,1138,2026-03-04 23:45:21,Smart TV,190091.0
6232,775,2024-12-18 16:21:33,Desktop,127989.0
6233,680,2025-06-05 15:03:34,Tablet,140782.0
6234,738,2024-01-26 15:31:02,Tablet,194299.0
6235,977,2025-06-21 06:06:34,Tablet,286784.0
6236,969,2024-04-24 08:09:41,Web,36262.0
6237,722,2024-09-24 14:45:11,Desktop,249979.0
6238,489,2024-10-19 16:11:30,Tablet,194469.0
6239,544,2025-10-12 22:48:59,Smart TV,362500.0
6240,13,2024-10-20 04:18:21,Mobile,236720.0
6241,674,2025-11-13 14:02:26,Mobile,75659.0
6242,876,2025-09-09 12:11:31,Tablet,228445.0
6243,214,2025-08-27 14:20:29,Unknown,287399.0
6244,903,2026-05-26 13:15:06,Tablet,139257.0
6245,573,2024-06-16 06:29:12,Unknown,187015.0
6246,392,2024-09-09 23:34:53,Unknown,78759.0
6247,943,2026-05-17 16:49:17,Mobile,237182.0
6248,222,2025-12-31 13:44:30,Web,174488.0
6249,397,2025-01-23 01:52:43,Mobile,184206.0
6250,1065,2024-12-05 21:58:36,Web,93406.0
6251,458,2025-12-01 15:07:56,Web,172179.0
6252,421,2025-10-13 11:07:57,Tablet,235089.0
6253,1093,2025-08-19 07:43:38,Smart TV,153163.0
6254,186,2025-12-18 19:10:02,Smart TV,216055.0
6255,629,2026-09-17 11:31:09,Web,211480.0
6256,388,2024-03-24 22:30:43,Unknown,95924.0
6257,138,2026-07-15 16:16:32,Unknown,338619.0
6258,57,2026-05-30 11:41:51,Smart TV,61181.0
6259,41,2025-01-14 11:35:53,Mobile,266777.0
6260,287,2026-07-17 22:52:21,Web,243881.0
6261,689,2025-09-28 13:22:29,Smart TV,291937.0
6262,868,2025-08-09 11:41:13,Mobile,124266.0
6263,350,2025-03-01 18:46:53,Tablet,55788.0
6264,496,2025-04-06 07:38:06,Unknown,71019.0
6265,496,2024-12-22 21:10:21,Unknown,292837.0
6266,484,2026-02-22 09:31:36,Desktop,107023.0
6267,362,2026-04-10 13:27:47,Unknown,295905.0
6268,371,2024-10-22 12:39:11,Mobile,90096.0
6269,785,2024-07-02 16:56:18,Mobile,82738.0
6270,580,2025-09-03 04:34:17,Desktop,165416.0
6271,1016,2025-12-18 01:59:30,Web,45882.0
6272,69,2024-05-12 19:06:08,Smart TV,220721.0
6273,6,2026-03-10 22:59:08,Web,217685.0
6274,561,2024-07-31 07:33:34,Desktop,108748.0
6275,769,2026-09-10 07:34:30,Web,80314.0
6276,152,2025-12-28 14:41:22,Tablet,120612.0
6277,1015,2024-02-08 06:13:40,Unknown,119231.0
6278,181,2024-10-02 23:17:43,Web,357423.0
6279,196,2025-05-01 04:45:31,Tablet,143132.0
6280,750,2024-02-14 09:35:03,Web,265826.0
6281,1098,2025-01-07 06:10:13,Desktop,137845.0
6282,504,2024-12-07 10:27:37,Desktop,217387.0
6283,526,2024-02-06 11:38:04,Desktop,322202.0
6284,94,2026-02-21 14:46:03,Desktop,180762.0
6285,35,2024-01-05 09:41:49,Tablet,81975.0
6286,277,2025-04-29 13:14:42,Web,181206.0
6287,106,2025-06-02 17:54:23,Tablet,38266.0
6288,462,2024-08-12 12:10:39,Desktop,94940.0
6289,1043,2025-01-14 21:29:01,Desktop,241046.0
6290,1140,2024-09-23 07:38:31,Web,260020.0
6291,1086,2026-03-20 14:10:58,Web,148889.0
6292,737,2025-05-15 07:35:28,Tablet,300489.0
6293,7,2025-04-16 22:42:35,Smart TV,375280.0
6294,796,2024-01-01 21:02:40,Web,154616.0
6295,934,2026-06-24 13:28:52,Web,27491.0
6296,32,2024-12-07 15:00:50,Web,261263.0
6297,1057,2025-09-01 22:16:48,Unknown,141873.0
6298,815,2024-11-26 19:28:31,Smart TV,266494.0
6299,273,2024-06-16 07:21:10,Web,54909.0
6300,492,2024-01-19 02:13:49,Tablet,180169.0
6301,216,2026-06-07 01:21:13,Smart TV,251966.0
6302,207,2026-01-26 08:57:56,Tablet,97851.0
6303,161,2026-02-19 03:18:35,Desktop,258734.0
6304,102,2026-05-06 05:36:23,Desktop,199509.0
6305,443,2024-06-10 20:09:44,Mobile,131310.0
6306,553,2024-01-03 04:47:29,Web,154845.0
6307,280,2024-05-29 09:30:42,Web,263808.0
6308,492,2024-01-23 05:24:45,Unknown,125112.0
6309,115,2024-01-16 00:59:29,Tablet,76664.0
6310,351,2025-07-11 05:51:57,Mobile,145994.0
6311,1001,2025-08-03 03:29:27,Desktop,131350.0
6312,332,2025-09-10 11:44:58,Smart TV,267316.0
6313,842,2024-07-07 21:25:20,Tablet,127911.0
6314,563,2025-02-21 17:46:28,Tablet,324847.0
6315,931,2025-04-14 21:07:04,Mobile,198361.0
6316,564,2024-01-04 20:05:29,Mobile,116012.0
6317,111,2025-02-05 08:57:21,Mobile,352543.0
6318,264,2025-05-11 06:50:00,Web,365664.0
6319,867,2025-04-26 05:57:58,Desktop,89709.0
6320,880,2024-07-10 21:23:51,Tablet,90447.0
6321,1117,2025-08-08 17:08:14,Desktop,180115.0
6322,1114,2026-01-13 06:38:15,Tablet,219555.0
6323,320,2024-03-06 10:10:16,Desktop,125750.0
6324,382,2024-06-13 19:17:58,Unknown,161667.0
6325,170,2024-07-20 18:12:29,Unknown,247160.0
6326,335,2024-08-10 12:18:02,Desktop,202874.0
6327,994,2025-11-28 00:59:52,Web,163089.0
6328,87,2026-06-17 03:29:29,Desktop,186084.0
6329,638,2024-12-12 05:50:24,Web,88578.0
6330,758,2025-02-01 16:07:15,Unknown,226971.0
6331,1162,2024-08-13 20:56:43,Unknown,172958.0
6332,714,2024-02-05 10:10:40,Tablet,85877.0
6333,388,2024-07-20 23:24:02,Web,187757.0
6334,403,2026-05-29 12:27:07,Desktop,153214.0
6335,425,2026-01-02 19:00:57,Tablet,159340.0
6336,748,2026-03-17 22:43:27,Tablet,62015.0
6337,45,2024-12-14 08:49:19,Unknown,179751.0
6338,549,2024-12-14 20:26:22,Mobile,220644.0
6339,1042,2025-12-17 06:44:30,Desktop,132757.0
6340,461,2024-07-05 06:57:26,Tablet,49530.0
6341,863,2026-06-13 02:33:00,Web,161322.0
6342,1031,2026-04-25 10:50:56,Smart TV,168039.0
6343,717,2024-06-21 22:33:54,Unknown,43395.0
6344,752,2026-09-04 23:31:54,Tablet,113065.0
6345,781,2025-08-08 04:57:55,Unknown,256590.0
6346,2,2026-02-03 06:17:17,Unknown,109144.0
6347,756,2026-04-02 23:07:29,Unknown,136604.0
6348,212,2026-03-26 04:01:32,Web,263422.0
6349,728,2026-01-26 14:56:42,Mobile,77721.0
6350,293,2025-03-08 14:51:37,Tablet,201941.0
6351,54,2026-03-15 23:34:11,Mobile,314242.0
6352,642,2025-08-05 14:38:49,Desktop,136569.0
6353,869,2026-04-21 09:42:28,Web,79169.0
6354,407,2026-01-02 05:40:31,Unknown,44406.0
6355,461,2024-05-23 14:51:14,Desktop,236744.0
6356,612,2026-06-08 02:08:08,Desktop,293384.0
6357,980,2024-03-13 12:34:09,Web,74839.0
6358,390,2026-03-24 04:21:37,Unknown,50954.0
6359,843,2025-06-30 09:00:34,Unknown,191330.0
6360,748,2024-09-03 02:50:27,Web,242308.0
6361,335,2026-01-25 14:37:51,Smart TV,114921.0
6362,1125,2025-04-19 02:14:52,Unknown,172535.0
6363,781,2024-10-24 10:15:37,Desktop,98697.0
6364,76,2025-04-22 23:59:42,Mobile,175636.0
6365,82,2026-01-19 02:31:08,Web,197828.0
6366,594,2025-06-20 00:20:14,Web,178496.0
6367,264,2024-04-17 04:05:41,Unknown,306667.0
6368,41,2024-01-27 10:10:30,Mobile,127945.0
6369,127,2025-03-25 06:10:23,Unknown,208763.0
6370,601,2026-07-28 20:45:13,Tablet,83653.0
6371,426,2024-01-17 15:04:56,Mobile,124283.0
6372,267,2024-03-16 02:08:52,Web,188610.0
6373,424,2024-03-17 01:03:50,Mobile,298524.0
6374,445,2024-03-31 13:16:06,Tablet,147493.0
6375,649,2024-02-09 14:05:29,Smart TV,137922.0
6376,733,2025-10-25 04:12:53,Desktop,141873.0
6377,708,2026-08-17 02:37:13,Web,133550.0
6378,247,2024-09-29 04:47:27,Unknown,278983.0
6379,320,2024-03-07 12:28:46,Mobile,200542.0
6380,215,2026-09-14 12:11:43,Unknown,43546.0
6381,890,2024-06-27 17:08:39,Web,246029.0
6382,395,2024-09-26 04:04:22,Smart TV,52570.0
6383,667,2024-01-11 23:00:11,Smart TV,61118.0
6384,383,2026-08-27 11:33:48,Unknown,108512.0
6385,74,2025-05-23 07:17:03,Desktop,216853.0
6386,15,2025-03-25 05:16:49,Unknown,134965.0
6387,628,2024-11-24 06:26:13,Tablet,83368.0
6388,895,2026-01-06 01:15:19,Tablet,250892.0
6389,263,2024-11-21 08:22:57,Mobile,283957.0
6390,31,2026-08-02 21:12:05,Desktop,177962.0
6391,153,2026-05-03 21:30:34,Unknown,379588.0
6392,551,2026-03-02 02:08:42,Unknown,50788.0
6393,1035,2024-04-27 05:59:52,Smart TV,240251.0
6394,227,2026-03-21 21:22:49,Unknown,52286.0
6395,379,2025-06-12 18:57:40,Unknown,106946.0
6396,158,2024-12-09 21:31:24,Desktop,279743.0
6397,729,2024-09-28 23:09:11,Mobile,113108.0
6398,305,2025-02-18 15:31:25,Desktop,88689.0
6399,1091,2026-08-17 15:46:58,Smart TV,176780.0
6400,571,2025-07-15 02:16:38,Mobile,356968.0
6401,351,2025-08-02 23:19:17,Smart TV,309615.0
6402,304,2026-04-18 09:52:12,Smart TV,100012.0
6403,965,2025-05-24 22:29:00,Smart TV,132664.0
6404,940,2025-06-03 02:25:35,Unknown,154616.0
6405,276,2024-09-14 01:57:32,Unknown,155489.0
6406,735,2024-03-26 07:58:22,Web,92409.0
6407,931,2025-08-13 06:29:45,Desktop,37471.0
6408,886,2025-01-29 03:03:16,Desktop,249550.0
6409,34,2024-03-25 16:14:46,Tablet,189395.0
6410,667,2026-01-21 04:15:53,Smart TV,125210.0
6411,119,2026-06-21 20:28:15,Tablet,164199.0
6412,867,2026-03-05 04:01:04,Mobile,177025.0
6413,1136,2024-10-04 00:03:35,Unknown,173739.0
6414,1164,2024-07-03 23:58:03,Smart TV,206936.0
6415,801,2026-07-08 17:36:01,Tablet,114668.0
6416,855,2024-08-22 07:31:43,Unknown,81816.0
6417,710,2024-02-15 14:14:25,Smart TV,106044.0
6418,877,2024-01-09 12:23:32,Mobile,94289.0
6419,76,2024-12-13 01:46:18,Desktop,164097.0
6420,89,2025-03-02 22:46:56,Unknown,189886.0
6421,1035,2026-04-29 01:17:52,Web,122362.0
6422,883,2026-08-08 10:44:25,Tablet,140335.0
6423,590,2026-03-04 02:27:31,Smart TV,201827.0
6424,135,2025-02-05 01:45:14,Tablet,178456.0
6425,1197,2025-09-16 01:32:25,Mobile,152276.0
6426,1034,2024-04-22 11:18:17,Smart TV,135511.0
6427,1011,2025-06-18 09:35:41,Mobile,208216.0
6428,922,2025-03-29 10:09:39,Mobile,139130.0
6429,244,2026-02-24 17:24:43,Mobile,101283.0
6430,84,2024-10-12 06:51:17,Desktop,181485.0
6431,216,2024-12-06 16:13:48,Desktop,130139.0
6432,364,2025-09-27 11:43:56,Tablet,55872.0
6433,807,2024-02-06 07:12:10,Smart TV,320273.0
6434,1016,2024-10-25 20:12:53,Smart TV,87481.0
6435,967,2026-09-01 13:22:12,Web,220753.0
6436,154,2026-06-28 11:29:10,Smart TV,76878.0
6437,583,2024-07-25 21:47:20,Tablet,380513.0
6438,215,2024-06-23 02:03:54,Unknown,97311.0
6439,53,2024-07-31 17:56:03,Mobile,187618.0
6440,7,2024-09-12 23:05:01,Tablet,97964.0
6441,312,2026-05-17 08:42:49,Smart TV,133523.0
6442,20,2025-09-03 22:22:26,Smart TV,41726.0
6443,1066,2025-07-01 12:52:20,Mobile,75965.0
6444,1153,2024-01-19 18:09:23,Web,354337.0
6445,99,2024-10-14 08:07:59,Unknown,318520.0
6446,817,2026-01-04 02:43:36,Desktop,129685.0
6447,346,2025-04-22 16:09:44,Web,66889.0
6448,551,2026-03-10 23:35:58,Desktop,272124.0
6449,782,2024-01-20 06:33:23,Smart TV,104349.0
6450,729,2026-01-08 12:03:16,Unknown,243193.0
6451,1087,2025-08-24 11:32:38,Smart TV,152988.0
6452,513,2026-06-13 22:44:48,Desktop,118359.0
6453,1199,2025-04-05 09:59:29,Mobile,136117.0
6454,1091,2024-02-13 06:24:58,Smart TV,87387.0
6455,841,2024-03-27 23:15:54,Unknown,76226.0
6456,460,2025-11-16 16:03:44,Unknown,238203.0
6457,76,2025-09-27 02:15:18,Desktop,131093.0
6458,959,2025-09-09 11:08:22,Mobile,103737.0
6459,1083,2026-01-02 07:55:49,Tablet,133451.0
6460,33,2024-01-14 05:46:08,Unknown,91021.0
6461,998,2025-07-04 12:26:52,Smart TV,94270.0
6462,161,2024-11-20 02:31:35,Desktop,244268.0
6463,229,2026-02-12 15:31:42,Tablet,190655.0
6464,838,2024-02-15 03:13:36,Smart TV,55671.0
6465,650,2025-06-01 22:38:05,Unknown,211501.0
6466,636,2024-05-12 13:27:13,Desktop,195516.0
6467,1181,2024-08-11 20:16:19,Unknown,304915.0
6468,86,2025-10-05 23:59:40,Web,152283.0
6469,37,2025-12-06 08:28:02,Desktop,156753.0
6470,1080,2026-06-23 07:13:36,Smart TV,158681.0
6471,47,2025-06-19 04:21:42,Tablet,392942.0
6472,802,2024-02-14 05:00:15,Web,193285.0
6473,462,2024-07-06 20:14:22,Mobile,158180.0
6474,706,2025-11-09 07:19:58,Tablet,154616.0
6475,214,2025-09-24 01:32:43,Unknown,340534.0
6476,1017,2025-06-12 15:28:03,Mobile,238451.0
6477,1056,2025-12-28 23:12:09,Desktop,293128.0
6478,568,2026-04-08 11:36:16,Desktop,79358.0
6479,516,2024-12-21 09:57:11,Desktop,287335.0
6480,1017,2025-07-27 18:57:52,Unknown,56255.0
6481,630,2024-05-28 12:44:42,Web,42019.0
6482,456,2025-06-22 04:50:16,Web,29961.0
6483,122,2025-10-27 02:01:14,Smart TV,125182.0
6484,682,2024-12-08 00:01:16,Unknown,31007.0
6485,653,2025-05-10 23:11:37,Unknown,133771.0
6486,123,2025-10-29 08:00:28,Desktop,130190.0
6487,797,2024-03-10 09:47:54,Web,52260.0
6488,174,2024-12-30 03:23:29,Desktop,322740.0
6489,648,2025-03-23 15:08:12,Tablet,298856.0
6490,321,2026-09-10 09:37:38,Tablet,160516.0
6491,701,2024-03-17 16:09:05,Unknown,123303.0
6492,741,2026-02-01 18:02:20,Smart TV,167875.0
6493,140,2024-09-23 14:14:11,Web,30332.0
6494,177,2025-09-01 13:45:25,Mobile,147473.0
6495,126,2026-04-25 21:24:52,Tablet,96406.0
6496,415,2026-07-15 12:01:00,Smart TV,300543.0
6497,259,2025-04-01 18:56:34,Tablet,121818.0
6498,971,2025-05-04 17:25:23,Desktop,86252.0
6499,460,2024-10-31 17:09:07,Mobile,206090.0
6500,396,2025-04-07 09:55:23,Desktop,154616.0
6501,1089,2025-10-25 05:56:54,Unknown,87495.0
6502,884,2026-09-14 12:26:44,Unknown,82378.0
6503,771,2025-05-05 13:10:40,Web,156163.0
6504,699,2025-11-21 09:24:36,Tablet,48671.0
6505,1045,2026-02-13 20:50:27,Web,139395.0
6506,734,2024-12-03 08:37:26,Desktop,137876.0
6507,372,2025-12-03 01:47:14,Mobile,176056.0
6508,680,2024-09-20 09:27:54,Tablet,128330.0
6509,412,2025-09-16 00:24:24,Unknown,34235.0
6510,960,2025-01-29 22:05:18,Web,63504.0
6511,492,2025-06-07 19:40:01,Tablet,157820.0
6512,924,2024-03-05 12:51:32,Web,227069.0
6513,546,2024-08-18 00:53:51,Unknown,99634.0
6514,955,2026-07-09 08:44:25,Desktop,171283.0
6515,575,2024-03-03 05:40:25,Web,128568.0
6516,1097,2026-02-22 00:16:11,Tablet,106112.0
6517,789,2025-12-20 22:51:31,Unknown,214857.0
6518,96,2025-07-06 16:26:03,Web,109012.0
6519,357,2025-05-14 06:01:39,Mobile,139032.0
6520,229,2024-12-25 16:13:03,Tablet,207861.0
6521,175,2024-12-15 14:48:18,Desktop,46613.0
6522,134,2026-01-28 17:47:46,Smart TV,120953.0
6523,176,2024-08-28 19:12:25,Web,209398.0
6524,42,2025-12-16 23:17:40,Tablet,267000.0
6525,241,2025-02-11 15:28:46,Mobile,124386.0
6526,869,2024-06-22 11:18:46,Tablet,221492.0
6527,1118,2025-06-19 21:00:52,Smart TV,158609.0
6528,353,2026-08-16 02:46:01,Smart TV,200227.0
6529,1167,2025-10-06 22:56:14,Smart TV,104374.0
6530,1131,2025-03-09 16:01:06,Mobile,64651.0
6531,804,2026-05-12 16:08:00,Unknown,40898.0
6532,1169,2025-01-02 16:45:26,Tablet,172448.0
6533,759,2025-12-09 06:16:54,Desktop,110810.0
6534,1030,2024-02-26 00:56:33,Mobile,276803.0
6535,457,2026-03-06 16:04:25,Web,135397.0
6536,264,2024-10-19 17:24:55,Mobile,338895.0
6537,135,2024-12-20 11:27:26,Desktop,228419.0
6538,136,2025-07-24 04:07:27,Smart TV,220723.0
6539,189,2026-03-11 21:58:43,Mobile,325323.0
6540,891,2025-04-12 17:11:26,Tablet,237735.0
6541,405,2026-04-26 04:15:31,Smart TV,117926.0
6542,610,2024-11-16 08:52:33,Web,203322.0
6543,331,2024-12-23 11:44:16,Web,377722.0
6544,502,2024-09-05 06:21:55,Mobile,303120.0
6545,329,2024-12-11 10:55:09,Tablet,156899.0
6546,142,2024-10-26 21:05:33,Tablet,178041.0
6547,920,2025-04-27 01:32:21,Smart TV,97912.0
6548,4,2025-01-04 15:36:16,Desktop,289371.0
6549,758,2025-07-19 07:08:33,Web,92567.0
6550,444,2024-12-03 11:09:48,Desktop,93761.0
6551,812,2026-06-14 17:08:32,Desktop,176197.0
6552,895,2025-05-27 15:47:10,Web,108646.0
6553,639,2026-01-06 11:15:57,Mobile,202217.0
6554,63,2025-11-08 14:42:07,Desktop,246436.0
6555,845,2026-05-30 16:19:41,Unknown,328088.0
6556,56,2025-01-21 00:50:17,Tablet,121054.0
6557,604,2024-05-30 22:25:39,Mobile,203633.0
6558,184,2025-09-20 06:22:07,Desktop,98676.0
6559,699,2024-02-21 15:41:14,Desktop,223359.0
6560,123,2025-08-12 21:04:54,Desktop,213086.0
6561,244,2024-04-06 05:02:20,Desktop,187021.0
6562,1035,2024-07-15 21:23:27,Mobile,221235.0
6563,215,2025-01-12 00:05:38,Unknown,148960.0
6564,753,2025-09-28 12:43:13,Smart TV,224588.0
6565,162,2025-03-21 20:20:44,Unknown,345835.0
6566,796,2025-06-09 01:15:13,Unknown,173803.0
6567,64,2024-01-07 11:53:45,Smart TV,124822.0
6568,1067,2024-01-18 02:53:06,Mobile,168832.0
6569,562,2024-08-04 08:44:49,Smart TV,180645.0
6570,537,2024-07-19 06:45:48,Mobile,73940.0
6571,705,2024-09-29 20:54:36,Unknown,97921.0
6572,267,2025-08-14 02:59:08,Unknown,281659.0
6573,221,2025-09-02 13:47:46,Tablet,347357.0
6574,97,2025-09-08 02:25:11,Smart TV,78143.0
6575,853,2024-11-20 20:42:57,Web,93687.0
6576,1176,2024-11-05 19:44:05,Mobile,259662.0
6577,1168,2024-01-28 02:42:48,Mobile,187138.0
6578,169,2024-12-14 07:53:21,Tablet,402430.0
6579,789,2024-10-25 07:39:12,Desktop,211611.0
6580,547,2026-07-05 22:07:40,Mobile,160082.0
6581,1195,2025-02-27 01:12:54,Web,188498.0
6582,413,2026-04-03 22:57:48,Web,241641.0
6583,452,2024-07-02 12:31:14,Web,215239.0
6584,1149,2025-07-13 20:26:53,Tablet,193637.0
6585,36,2026-06-03 10:56:18,Web,225434.0
6586,844,2024-10-09 20:04:28,Web,161221.0
6587,200,2025-11-30 14:43:41,Unknown,216771.0
6588,580,2024-02-02 12:07:27,Smart TV,259522.0
6589,593,2024-04-12 02:55:58,Web,208085.0
6590,408,2025-08-03 03:34:24,Unknown,158460.0
6591,1187,2024-03-16 14:26:03,Smart TV,294118.0
6592,55,2025-10-01 13:07:01,Web,62560.0
6593,1033,2026-05-20 13:47:21,Web,208957.0
6594,388,2025-09-12 09:28:54,Tablet,154616.0
6595,1088,2025-08-24 05:12:13,Tablet,80062.0
6596,665,2025-05-10 18:42:40,Tablet,237073.0
6597,93,2024-07-15 17:24:46,Desktop,54717.0
6598,170,2024-06-06 01:53:02,Tablet,117636.0
6599,839,2025-08-03 23:23:28,Desktop,167555.0
6600,127,2025-04-12 09:10:31,Mobile,164943.0
6601,387,2024-09-19 00:48:58,Unknown,236530.0
6602,241,2026-08-04 09:58:07,Mobile,36136.0
6603,1134,2024-04-13 08:50:18,Mobile,289960.0
6604,1013,2026-06-18 01:13:08,Tablet,49972.0
6605,733,2024-11-07 23:55:36,Unknown,88113.0
6606,277,2025-11-29 07:00:05,Mobile,148410.0
6607,18,2026-06-14 21:12:51,Web,89925.0
6608,670,2026-06-24 09:03:57,Web,214129.0
6609,740,2025-03-17 02:51:05,Desktop,134479.0
6610,1156,2025-07-09 16:13:05,Mobile,38235.0
6611,391,2025-11-08 04:42:14,Web,53960.0
6612,221,2025-05-23 15:42:13,Web,90856.0
6613,1055,2024-08-27 05:44:10,Tablet,134165.0
6614,832,2026-02-06 12:28:49,Unknown,251192.0
6615,843,2026-04-12 02:46:53,Smart TV,67329.0
6616,1155,2024-11-01 18:47:47,Unknown,58320.0
6617,124,2024-01-02 02:48:14,Desktop,54213.0
6618,47,2024-05-05 15:16:59,Web,206826.0
6619,756,2025-10-02 14:12:23,Desktop,133689.0
6620,454,2025-07-15 23:33:41,Smart TV,296030.0
6621,1035,2024-11-10 03:37:13,Smart TV,108197.0
6622,348,2024-06-28 18:23:51,Unknown,49025.0
6623,115,2024-11-17 07:16:16,Unknown,206018.0
6624,1171,2026-03-08 23:19:36,Web,26505.0
6625,16,2025-09-21 09:50:32,Smart TV,104144.0
6626,1113,2024-08-24 14:27:48,Smart TV,48687.0
6627,367,2024-03-28 00:57:24,Smart TV,134322.0
6628,588,2026-09-03 04:27:11,Web,322200.0
6629,1194,2024-03-22 12:44:12,Tablet,212095.0
6630,1043,2026-02-04 03:03:40,Tablet,178909.0
6631,639,2025-08-30 13:00:30,Desktop,167559.0
6632,869,2024-09-19 08:59:10,Mobile,191899.0
6633,992,2024-07-22 04:40:05,Tablet,211910.0
6634,983,2026-08-06 23:24:53,Mobile,182039.0
6635,332,2024-01-24 05:38:25,Smart TV,182597.0
6636,353,2025-01-28 11:26:43,Desktop,283954.0
6637,539,2024-05-29 01:11:32,Smart TV,119291.0
6638,1057,2026-02-10 04:02:57,Web,205894.0
6639,744,2026-09-08 13:49:34,Mobile,89889.0
6640,448,2024-03-02 05:02:32,Mobile,127035.0
6641,32,2024-04-28 04:07:07,Web,113694.0
6642,630,2024-07-08 03:02:44,Smart TV,104543.0
6643,1029,2025-11-25 01:00:42,Unknown,327670.0
6644,283,2026-01-26 04:50:50,Mobile,335383.0
6645,260,2025-03-13 01:55:56,Smart TV,145149.0
6646,969,2025-09-19 21:15:07,Smart TV,164801.0
6647,377,2024-12-25 14:40:01,Web,262172.0
6648,160,2024-03-06 07:42:26,Unknown,153279.0
6649,890,2026-03-16 10:33:25,Desktop,189727.0
6650,916,2025-12-24 14:40:06,Tablet,98600.0
6651,54,2026-08-26 01:27:30,Tablet,171938.0
6652,579,2025-05-26 11:26:19,Web,52396.0
6653,377,2024-05-11 01:39:21,Smart TV,78202.0
6654,17,2026-01-19 10:15:56,Web,58185.0
6655,1168,2026-01-12 08:08:01,Desktop,126434.0
6656,431,2026-02-21 20:05:39,Desktop,66471.0
6657,229,2025-02-20 02:42:29,Tablet,172670.0
6658,966,2024-11-10 11:11:31,Smart TV,278038.0
6659,82,2025-05-14 04:10:04,Unknown,58689.0
6660,1188,2024-12-04 02:28:25,Smart TV,329632.0
6661,1117,2026-07-13 16:31:01,Desktop,58460.0
6662,1014,2024-04-30 11:43:20,Tablet,212050.0
6663,821,2024-01-11 06:37:04,Smart TV,87822.0
6664,365,2026-01-11 11:00:27,Unknown,85560.0
6665,585,2025-12-29 13:42:05,Smart TV,254759.0
6666,142,2026-04-11 10:14:11,Web,147416.0
6667,53,2025-06-15 00:50:22,Unknown,137897.0
6668,135,2024-03-10 18:07:17,Web,232087.0
6669,101,2024-03-02 05:41:06,Tablet,186375.0
6670,524,2024-06-23 10:03:19,Tablet,137051.0
6671,420,2025-02-19 14:11:22,Web,119019.0
6672,1104,2026-02-12 14:27:47,Mobile,189034.0
6673,245,2025-07-05 19:04:45,Desktop,38197.0
6674,1004,2026-01-04 16:02:21,Smart TV,286061.0
6675,950,2024-10-22 21:24:46,Unknown,108983.0
6676,598,2025-01-18 04:33:59,Desktop,188746.0
6677,210,2025-10-17 18:48:16,Mobile,345774.0
6678,651,2025-03-01 18:02:27,Desktop,169367.0
6679,687,2024-10-10 22:51:36,Web,198175.0
6680,898,2025-09-03 16:37:50,Smart TV,128244.0
6681,125,2025-05-02 16:05:29,Unknown,178977.0
6682,765,2024-12-11 07:39:47,Smart TV,154616.0
6683,402,2024-04-16 09:32:45,Web,59513.0
6684,360,2024-04-21 23:14:25,Web,57351.0
6685,783,2025-04-03 04:37:49,Web,87383.0
6686,333,2024-11-30 03:48:30,Tablet,141926.0
6687,728,2025-03-17 11:40:37,Web,72525.0
6688,319,2026-02-16 09:49:05,Tablet,131769.0
6689,277,2026-03-11 05:36:15,Web,31608.0
6690,150,2024-01-04 15:13:59,Mobile,77892.0
6691,938,2024-06-14 13:41:21,Unknown,111823.0
6692,219,2026-01-11 10:08:35,Tablet,139345.0
6693,843,2025-04-07 08:26:32,Mobile,140799.0
6694,1175,2024-09-01 05:51:15,Web,294551.0
6695,799,2026-01-07 22:39:03,Web,71096.0
6696,3,2025-03-08 12:38:51,Smart TV,54819.0
6697,233,2025-11-20 12:13:34,Web,332365.0
6698,720,2024-05-09 07:54:57,Web,195250.0
6699,148,2024-04-15 00:59:32,Unknown,326931.0
6700,350,2024-02-03 19:34:46,Unknown,166976.0
6701,70,2024-10-31 02:07:44,Desktop,355636.0
6702,382,2024-04-08 13:12:03,Smart TV,43440.0
6703,646,2024-05-07 21:55:44,Desktop,150524.0
6704,1181,2025-02-21 00:59:59,Desktop,153506.0
6705,166,2026-08-30 09:51:09,Desktop,243650.0
6706,368,2024-02-03 18:01:55,Desktop,164103.0
6707,162,2026-03-19 01:38:51,Desktop,328858.0
6708,294,2025-07-28 16:59:42,Tablet,111448.0
6709,681,2026-07-23 18:26:49,Smart TV,154744.0
6710,601,2024-06-17 19:41:15,Smart TV,227304.0
6711,803,2026-06-26 23:20:36,Smart TV,135415.0
6712,438,2026-07-16 18:18:04,Mobile,176205.0
6713,213,2024-03-06 07:31:21,Unknown,32589.0
6714,1189,2024-06-03 07:34:06,Desktop,116216.0
6715,303,2024-08-03 16:56:48,Web,179619.0
6716,1074,2026-04-01 01:05:28,Desktop,82129.0
6717,541,2024-10-12 20:02:03,Web,284292.0
6718,840,2024-02-05 10:08:55,Unknown,305231.0
6719,347,2025-03-04 03:49:00,Web,102105.0
6720,637,2024-05-12 17:00:21,Tablet,139830.0
6721,1170,2025-04-25 02:01:39,Web,60971.0
6722,781,2024-03-20 14:02:11,Mobile,240236.0
6723,639,2025-04-29 13:50:14,Tablet,43012.0
6724,876,2025-11-08 23:36:39,Web,228569.0
6725,170,2025-08-24 01:37:12,Smart TV,206021.0
6726,953,2026-06-06 01:12:21,Smart TV,87797.0
6727,68,2024-12-04 00:23:10,Desktop,119476.0
6728,487,2026-08-30 16:25:27,Web,253490.0
6729,814,2025-11-14 09:46:35,Smart TV,213816.0
6730,20,2024-10-28 19:33:44,Mobile,217497.0
6731,175,2025-08-22 21:35:47,Smart TV,31014.0
6732,482,2024-06-29 06:46:37,Mobile,258512.0
6733,237,2024-03-19 17:53:26,Web,180478.0
6734,351,2025-11-28 16:32:00,Mobile,115648.0
6735,831,2025-09-03 10:36:04,Desktop,310733.0
6736,291,2026-08-04 12:40:32,Tablet,90858.0
6737,908,2024-12-04 17:25:05,Smart TV,328294.0
6738,830,2025-01-18 17:38:32,Web,94786.0
6739,1067,2026-07-08 18:56:57,Smart TV,199454.0
6740,887,2024-01-15 18:11:30,Unknown,122060.0
6741,579,2024-02-18 18:42:21,Desktop,93020.0
6742,967,2025-06-07 07:56:32,Web,119320.0
6743,1181,2024-07-05 14:09:55,Unknown,177864.0
6744,1061,2024-01-25 19:44:13,Web,378717.0
6745,855,2024-12-09 08:41:11,Desktop,44588.0
6746,993,2025-01-08 00:29:32,Unknown,201435.0
6747,33,2024-10-14 17:07:28,Tablet,213958.0
6748,74,2024-08-28 08:05:13,Desktop,201269.0
6749,229,2024-08-09 17:11:41,Smart TV,130289.0
6750,1165,2024-08-21 21:04:22,Unknown,101972.0
6751,835,2026-01-11 18:19:28,Web,172950.0
6752,533,2024-06-10 18:09:31,Desktop,283209.0
6753,505,2026-01-16 08:58:35,Tablet,299719.0
6754,439,2024-05-24 11:15:50,Tablet,31281.0
6755,176,2026-03-11 22:27:59,Mobile,234962.0
6756,853,2026-07-31 02:44:30,Tablet,273770.0
6757,64,2025-09-06 19:27:06,Mobile,106696.0
6758,426,2024-08-24 14:20:47,Web,247108.0
6759,619,2024-12-03 04:37:29,Web,53708.0
6760,279,2025-02-03 17:47:12,Unknown,99085.0
6761,992,2024-07-02 06:44:56,Web,315786.0
6762,714,2024-08-31 05:18:57,Smart TV,71453.0
6763,1185,2024-07-11 06:46:06,Web,208559.0
6764,741,2024-04-08 03:06:26,Unknown,229893.0
6765,141,2025-03-08 00:09:12,Web,109373.0
6766,666,2026-06-18 03:52:05,Smart TV,121789.0
6767,10,2026-08-30 12:24:58,Desktop,253421.0
6768,1178,2025-02-19 14:23:08,Smart TV,161790.0
6769,135,2025-11-27 03:24:15,Desktop,226416.0
6770,8,2025-04-09 05:38:41,Tablet,106768.0
6771,179,2025-07-04 09:34:43,Web,383071.0
6772,112,2026-03-04 14:57:23,Unknown,314218.0
6773,1042,2024-12-14 02:18:23,Unknown,300143.0
6774,862,2025-10-26 13:07:53,Tablet,196224.0
6775,155,2026-08-22 21:44:02,Tablet,120103.0
6776,907,2025-02-19 02:14:13,Smart TV,219988.0
6777,563,2024-11-09 20:49:46,Web,293860.0
6778,214,2026-05-17 10:32:01,Unknown,138418.0
6779,551,2024-07-20 09:10:22,Mobile,324788.0
6780,857,2024-06-08 15:38:58,Smart TV,76109.0
6781,557,2025-12-26 09:57:16,Desktop,69116.0
6782,618,2024-05-14 23:30:34,Tablet,70613.0
6783,983,2024-07-15 18:41:07,Unknown,53867.0
6784,1181,2024-01-29 08:28:04,Smart TV,128322.0
6785,670,2024-04-13 01:08:16,Web,204532.0
6786,1107,2024-08-30 20:22:17,Desktop,147847.0
6787,482,2024-06-21 17:15:22,Desktop,78852.0
6788,661,2024-03-30 07:55:19,Desktop,136605.0
6789,604,2024-08-18 02:22:57,Tablet,226935.0
6790,133,2026-07-04 13:51:41,Web,111788.0
6791,535,2025-04-01 22:52:21,Web,43025.0
6792,433,2024-09-05 23:15:46,Desktop,253937.0
6793,663,2024-11-05 03:55:23,Tablet,201855.0
6794,289,2025-12-06 05:21:22,Desktop,29764.0
6795,1167,2026-08-27 23:28:57,Web,233688.0
6796,1129,2025-12-05 01:30:46,Web,67334.0
6797,710,2025-04-16 04:18:51,Unknown,161559.0
6798,205,2026-02-13 20:32:29,Mobile,223797.0
6799,875,2026-01-31 06:24:28,Tablet,152629.0
6800,401,2024-04-19 11:00:41,Web,103893.0
6801,205,2024-07-24 07:54:00,Mobile,294427.0
6802,457,2025-02-28 16:57:52,Mobile,162456.0
6803,883,2024-04-12 15:37:55,Desktop,296714.0
6804,464,2025-04-08 00:43:20,Unknown,131258.0
6805,486,2025-01-26 17:05:54,Web,42222.0
6806,991,2024-01-05 15:12:16,Web,250817.0
6807,491,2026-04-03 02:50:37,Tablet,102409.0
6808,620,2026-05-26 00:00:53,Smart TV,196757.0
6809,288,2025-08-31 15:31:00,Mobile,100775.0
6810,559,2024-04-01 20:11:34,Mobile,133987.0
6811,217,2025-10-22 13:43:36,Unknown,164141.0
6812,927,2024-11-17 20:19:24,Web,175521.0
6813,30,2026-06-28 04:15:38,Web,143931.0
6814,706,2024-09-09 04:23:38,Mobile,184533.0
6815,534,2025-02-04 03:44:35,Desktop,194039.0
6816,1109,2026-05-15 09:53:52,Smart TV,34602.0
6817,258,2026-05-15 13:47:08,Smart TV,97775.0
6818,857,2026-04-18 21:26:35,Mobile,171313.0
6819,529,2024-05-12 12:57:13,Tablet,268769.0
6820,723,2025-02-05 07:09:31,Desktop,134084.0
6821,1044,2024-12-04 23:31:55,Tablet,155802.0
6822,382,2024-07-13 04:13:09,Tablet,175578.0
6823,876,2025-05-12 18:37:55,Web,104729.0
6824,416,2026-08-13 13:04:06,Web,144699.0
6825,1186,2024-04-20 22:04:51,Smart TV,126327.0
6826,507,2025-06-08 13:10:44,Unknown,138980.0
6827,1179,2024-05-31 05:09:40,Web,167500.0
6828,465,2025-05-14 14:49:04,Tablet,53652.0
6829,1019,2024-04-09 02:47:49,Smart TV,149195.0
6830,760,2026-05-31 07:43:31,Web,202967.0
6831,711,2024-07-18 22:02:43,Mobile,150125.0
6832,871,2025-11-12 20:41:04,Unknown,157101.0
6833,264,2025-09-13 09:35:59,Mobile,237401.0
6834,1176,2026-01-18 16:48:38,Web,282633.0
6835,567,2024-05-04 16:15:46,Tablet,210351.0
6836,613,2026-07-23 07:59:09,Unknown,65371.0
6837,244,2024-09-26 05:47:05,Web,183496.0
6838,68,2025-08-16 14:36:49,Web,205837.0
6839,293,2025-07-17 13:08:01,Mobile,218527.0
6840,758,2024-06-11 17:39:14,Mobile,216320.0
6841,412,2025-01-12 09:09:22,Desktop,168131.0
6842,103,2026-09-14 16:29:06,Smart TV,263958.0
6843,1169,2026-04-11 22:07:27,Unknown,144939.0
6844,1,2025-08-19 01:01:30,Mobile,166840.0
6845,580,2024-01-24 17:45:19,Desktop,79575.0
6846,575,2026-08-31 14:51:35,Web,42427.0
6847,243,2025-12-30 02:16:37,Tablet,201197.0
6848,311,2024-05-22 01:55:00,Mobile,132756.0
6849,432,2025-09-25 01:01:59,Web,54802.0
6850,92,2024-03-06 03:24:37,Unknown,83508.0
6851,913,2024-06-29 22:27:38,Web,200046.0
6852,660,2024-05-09 08:45:40,Tablet,221054.0
6853,58,2024-09-15 22:19:32,Smart TV,223144.0
6854,600,2024-11-16 13:43:00,Desktop,203791.0
6855,783,2024-08-25 07:07:15,Unknown,77197.0
6856,1143,2025-07-11 11:11:49,Web,173764.0
6857,136,2025-08-07 01:31:50,Desktop,80721.0
6858,109,2025-07-26 05:01:11,Mobile,94252.0
6859,865,2026-03-24 01:47:07,Web,126118.0
6860,539,2026-04-03 21:10:38,Unknown,49283.0
6861,1160,2024-09-05 10:34:57,Smart TV,240229.0
6862,992,2026-01-27 22:45:53,Unknown,341497.0
6863,479,2026-08-15 22:57:18,Unknown,32267.0
6864,930,2024-04-23 19:55:02,Mobile,200903.0
6865,1089,2024-06-12 03:21:01,Smart TV,146429.0
6866,386,2025-08-05 06:00:21,Smart TV,276784.0
6867,945,2025-10-12 18:58:12,Mobile,67190.0
6868,1115,2026-04-01 02:12:42,Tablet,103141.0
6869,1141,2024-09-03 14:31:53,Mobile,212236.0
6870,288,2026-03-27 12:57:25,Desktop,101354.0
6871,733,2025-03-09 11:16:21,Mobile,142946.0
6872,388,2024-12-23 10:37:50,Desktop,180184.0
6873,1072,2025-02-04 09:03:58,Smart TV,208455.0
6874,333,2024-11-09 00:36:23,Unknown,178170.0
6875,538,2025-09-29 05:14:20,Unknown,53140.0
6876,707,2025-09-29 02:44:30,Mobile,154616.0
6877,49,2025-11-01 06:57:47,Smart TV,252476.0
6878,284,2025-06-17 13:42:03,Desktop,114857.0
6879,1181,2026-08-31 23:16:16,Mobile,293643.0
6880,51,2025-01-27 17:30:23,Tablet,124238.0
6881,378,2025-03-31 13:58:51,Desktop,174750.0
6882,606,2025-07-07 01:54:36,Tablet,186683.0
6883,798,2025-02-04 18:58:26,Desktop,217468.0
6884,1142,2025-01-05 19:56:46,Desktop,120801.0
6885,56,2024-03-16 00:03:31,Unknown,236577.0
6886,746,2025-11-25 11:17:25,Web,110015.0
6887,1007,2025-08-31 05:08:27,Web,31398.0
6888,215,2026-03-28 20:00:06,Desktop,160876.0
6889,276,2024-06-23 03:44:18,Web,207672.0
6890,112,2024-05-17 12:32:20,Unknown,268010.0
6891,1085,2024-09-03 20:54:17,Desktop,36808.0
6892,361,2024-01-07 09:59:13,Unknown,55514.0
6893,997,2024-05-14 18:30:10,Desktop,290908.0
6894,930,2024-06-25 21:40:45,Web,113551.0
6895,732,2026-06-24 04:09:57,Mobile,47393.0
6896,115,2025-05-20 22:06:33,Unknown,179244.0
6897,434,2024-07-31 00:50:27,Mobile,213019.0
6898,957,2025-01-31 15:38:04,Tablet,110925.0
6899,357,2024-04-30 05:58:46,Mobile,194286.0
6900,426,2024-08-07 11:01:41,Web,145581.0
6901,1151,2024-06-30 23:15:53,Smart TV,163010.0
6902,718,2025-02-11 05:48:41,Tablet,45995.0
6903,668,2026-05-15 21:46:55,Tablet,55411.0
6904,623,2026-06-14 10:48:47,Web,48843.0
6905,427,2026-02-18 15:58:59,Smart TV,87216.0
6906,1138,2026-07-17 06:23:06,Web,105257.0
6907,1041,2024-12-28 19:47:04,Smart TV,125515.0
6908,895,2025-03-03 21:14:47,Unknown,143284.0
6909,1018,2025-05-12 00:09:46,Web,74505.0
6910,108,2025-02-09 16:53:32,Smart TV,149815.0
6911,574,2026-06-04 12:16:25,Unknown,71268.0
6912,11,2024-11-16 22:26:12,Web,73273.0
6913,846,2025-05-30 16:36:57,Smart TV,40027.0
6914,538,2025-01-21 22:13:20,Unknown,166276.0
6915,1118,2024-02-18 10:54:03,Mobile,167728.0
6916,799,2024-08-13 18:28:02,Desktop,175949.0
6917,1034,2025-01-15 01:09:10,Desktop,154152.0
6918,952,2024-12-04 00:00:07,Desktop,232052.0
6919,57,2025-10-16 22:22:29,Mobile,54806.0
6920,378,2026-02-23 08:09:48,Unknown,110928.0
6921,577,2024-09-28 13:55:02,Desktop,220167.0
6922,1009,2025-01-22 08:51:53,Web,89620.0
6923,1048,2025-04-20 09:35:44,Mobile,233875.0
6924,646,2025-11-17 03:33:05,Web,80524.0
6925,565,2025-01-13 20:24:00,Tablet,178093.0
6926,642,2024-08-16 23:00:46,Tablet,344254.0
6927,601,2025-08-07 22:10:36,Tablet,201324.0
6928,137,2025-03-19 21:29:43,Unknown,123864.0
6929,696,2024-05-26 04:51:34,Unknown,119021.0
6930,659,2024-03-22 04:43:26,Mobile,369822.0
6931,135,2025-07-15 03:16:12,Tablet,221116.0
6932,937,2024-09-12 02:18:12,Tablet,54772.0
6933,867,2024-09-01 07:38:38,Tablet,90060.0
6934,198,2026-08-09 01:57:31,Unknown,154616.0
6935,660,2025-09-11 14:10:53,Unknown,274788.0
6936,927,2026-07-10 23:37:24,Unknown,364784.0
6937,742,2025-09-23 17:52:03,Web,149937.0
6938,596,2025-01-01 21:51:39,Mobile,177080.0
6939,614,2024-06-15 00:36:28,Mobile,125537.0
6940,1053,2024-07-10 19:51:19,Tablet,223419.0
6941,74,2026-05-03 16:56:16,Web,232861.0
6942,72,2025-12-24 13:35:24,Mobile,83871.0
6943,99,2025-08-10 07:27:57,Smart TV,207330.0
6944,5,2026-05-06 16:07:20,Smart TV,250470.0
6945,61,2026-05-28 14:38:00,Tablet,39798.0
6946,565,2024-04-25 07:41:29,Desktop,216684.0
6947,1110,2024-09-25 20:15:55,Web,95134.0
6948,738,2025-08-25 13:16:14,Smart TV,146564.0
6949,127,2025-12-10 14:53:58,Desktop,180324.0
6950,852,2025-09-05 23:53:40,Tablet,73698.0
6951,516,2025-09-04 01:02:31,Tablet,186017.0
6952,365,2025-05-24 15:27:48,Unknown,154616.0
6953,462,2024-12-28 02:48:06,Tablet,148675.0
6954,531,2025-01-09 21:20:54,Mobile,158817.0
6955,685,2026-09-01 17:05:16,Web,97050.0
6956,399,2025-07-29 12:36:02,Desktop,309182.0
6957,419,2025-05-03 13:03:12,Unknown,177837.0
6958,551,2025-08-29 03:05:44,Smart TV,113502.0
6959,1083,2025-05-24 00:05:56,Unknown,43657.0
6960,180,2024-05-02 08:23:29,Web,79031.0
6961,328,2024-08-01 07:21:21,Web,70691.0
6962,167,2025-10-06 16:05:56,Mobile,56208.0
6963,297,2025-05-16 18:19:18,Desktop,207697.0
6964,504,2026-02-02 18:33:52,Unknown,171534.0
6965,84,2026-05-11 18:39:56,Desktop,162685.0
6966,354,2026-01-24 01:50:20,Desktop,351032.0
6967,111,2024-11-08 10:15:52,Unknown,225472.0
6968,490,2026-06-01 11:34:48,Tablet,65029.0
6969,201,2025-03-01 09:17:57,Mobile,155323.0
6970,596,2024-05-24 12:24:17,Mobile,228325.0
6971,382,2025-06-07 10:43:41,Mobile,50564.0
6972,1022,2024-02-14 04:31:45,Desktop,210887.0
6973,196,2024-09-01 18:00:05,Web,114952.0
6974,72,2024-08-17 02:09:29,Smart TV,180112.0
6975,1176,2024-06-23 12:05:28,Smart TV,283736.0
6976,458,2024-08-16 08:57:14,Desktop,255072.0
6977,837,2025-05-27 05:56:43,Unknown,197482.0
6978,686,2026-05-27 05:40:41,Smart TV,247276.0
6979,857,2025-07-20 13:23:56,Mobile,251694.0
6980,190,2025-01-29 16:26:43,Desktop,33166.0
6981,90,2025-06-10 04:59:04,Web,226667.0
6982,21,2025-04-13 23:53:58,Unknown,156137.0
6983,692,2025-11-14 07:45:29,Desktop,159506.0
6984,239,2026-02-13 08:55:43,Unknown,197340.0
6985,206,2024-04-17 08:43:53,Smart TV,111528.0
6986,1110,2026-07-30 21:06:57,Tablet,127627.0
6987,170,2026-05-12 19:10:27,Tablet,98813.0
6988,526,2024-12-30 09:53:15,Web,244761.0
6989,900,2024-05-24 12:48:31,Unknown,155215.0
6990,113,2024-10-22 17:49:19,Desktop,113800.0
6991,221,2025-04-03 13:08:00,Tablet,196674.0
6992,4,2026-08-21 09:34:16,Web,211470.0
6993,617,2024-09-21 11:06:38,Smart TV,155785.0
6994,634,2025-06-13 02:29:01,Desktop,285412.0
6995,650,2024-05-17 18:37:38,Smart TV,321703.0
6996,611,2025-01-23 11:34:41,Tablet,353077.0
6997,470,2026-07-05 00:54:22,Smart TV,98800.0
6998,1143,2024-10-27 05:39:09,Mobile,38042.0
6999,459,2026-03-06 15:54:20,Smart TV,255871.0
7000,697,2024-09-23 19:11:06,Smart TV,127232.0
7001,991,2026-07-05 04:49:27,Unknown,298270.0
7002,250,2025-01-05 09:09:06,Mobile,352934.0
7003,337,2024-11-20 00:03:16,Unknown,310235.0
7004,432,2024-10-08 03:33:57,Desktop,119293.0
7005,471,2026-06-04 16:34:38,Web,201049.0
7006,141,2025-09-05 17:35:09,Mobile,77799.0
7007,107,2026-05-26 15:38:28,Tablet,115476.0
7008,1141,2025-11-10 22:49:43,Smart TV,130523.0
7009,430,2024-08-19 13:34:26,Tablet,68045.0
7010,700,2026-07-27 19:16:35,Web,94973.0
7011,730,2025-11-29 19:52:54,Smart TV,274189.0
7012,464,2024-06-11 03:11:23,Web,140231.0
7013,205,2026-01-14 02:13:07,Tablet,194362.0
7014,1155,2025-12-23 21:03:35,Mobile,163143.0
7015,1081,2024-05-05 03:37:49,Web,295141.0
7016,372,2025-07-28 04:22:22,Tablet,113210.0
7017,482,2024-10-19 04:54:42,Web,154616.0
7018,389,2024-07-24 23:57:28,Web,301242.0
7019,696,2024-07-11 11:14:21,Unknown,58729.0
7020,930,2025-12-30 03:35:48,Unknown,212208.0
7021,26,2024-10-03 01:50:17,Unknown,181050.0
7022,442,2024-07-08 10:35:47,Unknown,101427.0
7023,66,2026-06-05 00:53:20,Unknown,127405.0
7024,942,2024-08-18 04:03:46,Web,143120.0
7025,466,2024-01-04 23:56:40,Smart TV,221035.0
7026,350,2024-11-09 09:15:56,Tablet,146188.0
7027,59,2026-08-02 17:41:33,Desktop,76079.0
7028,750,2025-05-22 22:33:09,Smart TV,290276.0
7029,160,2024-02-21 05:20:00,Tablet,139612.0
7030,367,2025-04-27 05:55:43,Tablet,181129.0
7031,738,2024-06-29 01:21:31,Unknown,125809.0
7032,158,2024-12-30 05:13:08,Mobile,266648.0
7033,185,2026-08-14 20:35:17,Web,146629.0
7034,219,2025-03-12 14:46:14,Mobile,106738.0
7035,1096,2024-02-19 01:54:59,Mobile,184419.0
7036,295,2025-04-22 15:55:54,Desktop,156017.0
7037,456,2024-04-09 14:09:42,Web,44005.0
7038,189,2024-01-26 01:13:27,Smart TV,49280.0
7039,1101,2024-12-23 17:09:57,Smart TV,155684.0
7040,485,2025-07-15 09:50:06,Unknown,180362.0
7041,187,2026-02-01 19:54:28,Tablet,138848.0
7042,153,2026-06-05 14:08:29,Desktop,126251.0
7043,220,2024-06-27 21:33:46,Desktop,292209.0
7044,834,2024-07-17 17:16:44,Mobile,338882.0
7045,192,2024-05-22 21:41:26,Unknown,162753.0
7046,422,2026-09-04 03:08:48,Desktop,37097.0
7047,903,2024-01-26 13:12:49,Unknown,32360.0
7048,604,2025-07-24 06:21:00,Desktop,221499.0
7049,1180,2024-06-12 11:52:10,Smart TV,157509.0
7050,690,2026-09-03 10:08:32,Mobile,111465.0
7051,886,2025-09-08 03:21:30,Tablet,113958.0
7052,110,2024-07-30 14:00:46,Unknown,175797.0
7053,578,2024-06-11 07:25:41,Web,212748.0
7054,895,2025-03-10 16:27:10,Desktop,286772.0
7055,343,2025-02-23 17:32:35,Unknown,104729.0
7056,902,2025-08-25 00:25:55,Web,128675.0
7057,341,2026-02-13 05:11:59,Unknown,106618.0
7058,89,2025-01-03 21:44:58,Desktop,229205.0
7059,751,2024-10-22 22:00:05,Web,118779.0
7060,470,2025-05-08 03:01:32,Unknown,189544.0
7061,816,2024-02-10 23:32:58,Tablet,89507.0
7062,995,2026-07-23 08:05:13,Mobile,69014.0
7063,713,2025-01-24 12:29:46,Tablet,136131.0
7064,759,2024-07-08 03:20:48,Unknown,60262.0
7065,652,2024-10-13 06:40:59,Mobile,74532.0
7066,535,2024-08-06 23:16:37,Mobile,112601.0
7067,1075,2025-03-01 19:57:15,Desktop,50727.0
7068,694,2025-06-23 13:26:35,Unknown,210567.0
7069,460,2025-03-13 09:29:51,Smart TV,106375.0
7070,765,2026-02-22 22:18:57,Unknown,149737.0
7071,990,2024-09-23 04:50:30,Desktop,96891.0
7072,1190,2025-10-25 02:06:19,Desktop,151569.0
7073,788,2025-06-26 06:06:04,Tablet,272811.0
7074,524,2025-08-22 18:00:47,Mobile,310861.0
7075,928,2025-06-19 23:20:00,Smart TV,344064.0
7076,372,2026-02-20 11:33:27,Mobile,66949.0
7077,684,2025-06-26 00:12:27,Smart TV,205920.0
7078,1070,2025-11-21 21:40:35,Tablet,61730.0
7079,456,2025-11-26 05:46:47,Mobile,145879.0
7080,1153,2025-09-23 21:36:19,Desktop,104680.0
7081,900,2026-07-10 03:50:28,Desktop,154616.0
7082,754,2026-06-08 22:17:53,Mobile,222957.0
7083,1146,2026-05-17 17:41:21,Desktop,85146.0
7084,371,2024-02-12 20:29:16,Desktop,166718.0
7085,42,2024-03-07 10:30:15,Mobile,108976.0
7086,988,2024-06-10 20:32:55,Mobile,232560.0
7087,118,2024-08-04 15:33:36,Mobile,268509.0
7088,794,2025-08-04 08:05:15,Unknown,70456.0
7089,1074,2026-07-02 21:31:58,Mobile,62425.0
7090,935,2024-03-20 06:54:11,Unknown,210033.0
7091,993,2024-01-29 22:32:27,Smart TV,160404.0
7092,940,2025-08-28 02:04:40,Unknown,235132.0
7093,480,2025-05-02 07:52:10,Smart TV,331845.0
7094,1170,2026-03-24 05:12:48,Smart TV,129045.0
7095,634,2025-02-27 01:43:20,Smart TV,154616.0
7096,907,2025-04-26 10:38:00,Smart TV,49779.0
7097,113,2024-03-05 18:42:03,Unknown,103777.0
7098,816,2025-01-25 02:35:51,Mobile,183263.0
7099,1079,2026-07-21 12:19:58,Mobile,232237.0
7100,14,2025-05-26 02:16:13,Desktop,278134.0
7101,288,2024-05-15 04:14:58,Desktop,53957.0
7102,86,2024-11-22 03:29:16,Mobile,336265.0
7103,1119,2026-07-19 02:28:54,Web,157341.0
7104,230,2024-01-06 13:54:33,Tablet,180136.0
7105,977,2026-05-13 02:21:30,Web,67331.0
7106,625,2024-03-22 02:58:10,Smart TV,231604.0
7107,470,2026-05-06 06:32:03,Web,175034.0
7108,230,2025-08-04 13:52:36,Tablet,68832.0
7109,675,2025-06-03 22:58:42,Smart TV,212451.0
7110,299,2024-04-21 02:17:26,Desktop,298749.0
7111,670,2024-09-16 10:58:28,Web,236046.0
7112,670,2024-02-06 05:43:04,Desktop,215739.0
7113,172,2026-05-14 18:52:08,Web,243199.0
7114,540,2025-10-13 19:06:36,Web,49499.0
7115,674,2024-01-03 06:12:44,Unknown,92879.0
7116,284,2025-03-04 07:50:15,Desktop,59266.0
7117,237,2025-11-06 16:51:19,Smart TV,213543.0
7118,1020,2026-08-23 04:32:57,Desktop,184858.0
7119,5,2024-06-07 00:36:20,Tablet,140958.0
7120,267,2024-01-15 08:33:35,Smart TV,79318.0
7121,872,2026-05-01 16:49:46,Desktop,79563.0
7122,365,2025-06-06 17:48:39,Desktop,123311.0
7123,127,2024-02-14 10:53:47,Unknown,187486.0
7124,1185,2026-07-25 14:04:44,Smart TV,165118.0
7125,358,2025-08-04 13:46:30,Unknown,31969.0
7126,890,2026-08-26 23:41:34,Mobile,114085.0
7127,86,2024-09-20 17:56:26,Tablet,92276.0
7128,672,2026-06-04 09:21:29,Web,178152.0
7129,624,2026-07-20 14:49:10,Mobile,156652.0
7130,503,2025-12-05 23:03:25,Desktop,246036.0
7131,522,2024-06-20 16:57:05,Unknown,115401.0
7132,358,2025-06-17 16:54:11,Desktop,161876.0
7133,960,2026-02-24 13:44:55,Unknown,116402.0
7134,1095,2025-10-08 10:32:29,Tablet,90379.0
7135,594,2025-03-14 11:07:03,Mobile,168524.0
7136,388,2026-07-02 01:05:41,Mobile,147913.0
7137,615,2024-08-27 14:00:29,Tablet,104657.0
7138,602,2025-01-02 07:19:37,Desktop,145050.0
7139,280,2024-09-11 11:07:43,Desktop,279020.0
7140,448,2024-12-23 14:06:43,Desktop,167334.0
7141,1073,2025-09-05 15:07:26,Unknown,244389.0
7142,755,2024-11-06 22:01:11,Mobile,357554.0
7143,453,2026-05-11 22:22:56,Desktop,240526.0
7144,956,2025-10-16 14:26:38,Web,58708.0
7145,936,2025-05-08 00:17:32,Mobile,58585.0
7146,236,2026-08-05 02:52:32,Mobile,119447.0
7147,780,2026-05-07 05:35:54,Tablet,65859.0
7148,560,2024-06-13 19:58:54,Smart TV,78381.0
7149,830,2024-12-11 01:25:18,Desktop,220964.0
7150,919,2026-06-20 23:12:49,Smart TV,156344.0
7151,281,2024-05-03 13:29:40,Tablet,51873.0
7152,1141,2026-04-29 03:22:01,Web,39242.0
7153,604,2024-08-14 00:33:03,Desktop,49711.0
7154,284,2026-02-07 00:30:53,Tablet,124100.0
7155,593,2024-05-29 16:15:19,Tablet,155475.0
7156,18,2026-05-04 23:02:35,Desktop,139961.0
7157,338,2026-06-11 14:19:46,Desktop,285076.0
7158,206,2024-03-30 11:15:53,Smart TV,105068.0
7159,696,2024-08-22 21:43:34,Smart TV,110999.0
7160,161,2024-10-09 03:57:37,Desktop,108195.0
7161,885,2026-01-08 10:37:31,Smart TV,58793.0
7162,527,2026-01-18 13:53:19,Desktop,202528.0
7163,1037,2026-01-21 07:20:47,Unknown,233143.0
7164,130,2025-02-26 18:06:11,Unknown,128382.0
7165,1107,2026-01-13 21:39:56,Mobile,304763.0
7166,729,2025-06-29 10:21:15,Tablet,266997.0
7167,1196,2024-10-26 17:47:17,Tablet,364628.0
7168,992,2026-03-31 05:53:45,Tablet,242110.0
7169,939,2026-07-23 20:31:54,Desktop,106583.0
7170,384,2026-08-05 10:28:34,Mobile,156757.0
7171,573,2024-06-04 04:26:46,Unknown,44202.0
7172,819,2024-05-01 03:59:14,Web,258105.0
7173,573,2025-01-15 07:36:00,Mobile,184694.0
7174,710,2025-03-26 22:34:17,Desktop,136493.0
7175,883,2025-08-31 06:26:03,Tablet,303874.0
7176,694,2026-03-31 08:46:59,Mobile,217430.0
7177,67,2026-02-02 22:53:42,Unknown,265373.0
7178,720,2026-08-22 07:06:42,Desktop,265910.0
7179,757,2025-02-13 07:30:19,Unknown,160778.0
7180,447,2024-04-18 06:23:50,Web,181822.0
7181,1088,2026-01-06 17:49:19,Mobile,160725.0
7182,240,2024-03-05 16:11:54,Unknown,163344.0
7183,423,2025-01-08 20:17:11,Web,105565.0
7184,1154,2025-10-09 06:25:15,Smart TV,76264.0
7185,1187,2024-11-12 11:20:24,Tablet,112934.0
7186,975,2024-03-12 16:39:39,Unknown,347260.0
7187,442,2024-12-22 18:41:45,Mobile,282491.0
7188,717,2026-03-13 10:08:37,Desktop,120490.0
7189,678,2025-03-19 05:47:26,Tablet,252759.0
7190,870,2026-03-15 10:13:01,Mobile,103335.0
7191,882,2024-03-25 05:36:52,Desktop,48964.0
7192,1126,2025-03-06 19:25:31,Tablet,218216.0
7193,601,2024-06-05 17:11:21,Desktop,163535.0
7194,814,2025-11-04 16:00:37,Tablet,218122.0
7195,901,2026-05-31 12:52:42,Tablet,47463.0
7196,213,2025-12-01 23:21:42,Web,49560.0
7197,811,2025-06-14 12:00:05,Mobile,135920.0
7198,861,2024-10-19 20:49:14,Mobile,77314.0
7199,179,2024-11-23 13:53:26,Web,309213.0
7200,640,2026-09-14 01:02:13,Desktop,113012.0
7201,204,2025-06-14 01:30:11,Mobile,155892.0
7202,503,2026-02-07 14:53:05,Unknown,140979.0
7203,757,2026-01-27 04:27:23,Desktop,186163.0
7204,183,2025-03-13 12:53:33,Mobile,93875.0
7205,902,2026-01-22 08:45:16,Smart TV,285800.0
7206,161,2025-10-25 10:35:39,Web,171903.0
7207,631,2026-08-03 07:14:20,Web,45991.0
7208,691,2026-04-14 16:24:37,Web,173176.0
7209,249,2025-10-25 10:41:09,Unknown,255882.0
7210,710,2026-06-07 03:39:03,Desktop,127679.0
7211,411,2026-02-14 06:22:20,Desktop,288946.0
7212,888,2024-07-20 01:26:51,Smart TV,132692.0
7213,1036,2026-04-13 13:49:33,Mobile,116311.0
7214,383,2026-04-27 12:15:13,Smart TV,37763.0
7215,876,2025-03-12 01:37:27,Unknown,310694.0
7216,732,2024-01-20 18:46:21,Smart TV,168406.0
7217,168,2026-08-29 01:43:13,Web,149565.0
7218,709,2026-05-30 07:36:58,Web,70056.0
7219,1017,2024-10-04 03:54:23,Desktop,174075.0
7220,558,2024-01-15 09:27:58,Web,102266.0
7221,1055,2026-05-14 07:39:31,Smart TV,156898.0
7222,103,2024-01-08 00:11:40,Unknown,289954.0
7223,319,2024-01-08 18:42:04,Desktop,229777.0
7224,1088,2026-06-27 20:04:33,Unknown,45654.0
7225,1192,2025-10-08 23:20:08,Mobile,94430.0
7226,1037,2025-08-29 20:57:38,Mobile,226758.0
7227,1095,2025-05-04 21:59:18,Mobile,90537.0
7228,200,2026-05-18 19:06:17,Web,332634.0
7229,936,2025-03-07 00:17:23,Tablet,59348.0
7230,883,2025-12-30 16:00:10,Desktop,253437.0
7231,259,2025-02-25 04:46:32,Web,139144.0
7232,264,2025-12-03 18:52:18,Mobile,263812.0
7233,827,2026-06-12 15:53:30,Smart TV,173370.0
7234,1002,2024-07-24 02:49:43,Smart TV,64833.0
7235,594,2025-08-06 08:57:20,Unknown,90876.0
7236,1002,2025-11-23 15:32:11,Web,172919.0
7237,702,2025-09-23 08:59:39,Web,174187.0
7238,129,2024-04-05 18:53:03,Smart TV,323866.0
7239,692,2024-04-22 13:57:29,Desktop,107891.0
7240,961,2024-04-07 12:00:16,Smart TV,113718.0
7241,353,2025-07-01 03:23:09,Desktop,312663.0
7242,589,2024-05-04 08:31:46,Desktop,282132.0
7243,581,2025-02-15 00:27:02,Tablet,288444.0
7244,852,2026-05-15 23:06:31,Smart TV,314470.0
7245,618,2025-10-23 10:46:07,Unknown,158343.0
7246,519,2025-07-05 05:11:05,Smart TV,73112.0
7247,446,2025-09-21 20:18:22,Desktop,262285.0
7248,676,2026-07-16 11:52:06,Smart TV,230376.0
7249,573,2026-04-21 01:27:21,Desktop,270865.0
7250,134,2024-12-14 02:24:48,Unknown,119050.0
7251,777,2025-01-17 01:57:43,Web,119619.0
7252,857,2025-09-26 20:29:08,Desktop,234276.0
7253,1118,2025-05-17 09:42:09,Mobile,88631.0
7254,468,2024-11-11 03:09:34,Unknown,95232.0
7255,1063,2026-05-05 23:18:22,Mobile,93742.0
7256,53,2025-03-10 13:25:18,Desktop,252017.0
7257,913,2025-03-07 13:55:27,Unknown,143121.0
7258,88,2026-06-16 15:19:40,Desktop,223606.0
7259,478,2024-08-07 13:41:04,Smart TV,163596.0
7260,525,2024-11-14 03:27:26,Unknown,52289.0
7261,1145,2024-09-14 07:23:24,Unknown,211797.0
7262,230,2025-06-16 06:46:20,Mobile,192026.0
7263,447,2025-11-18 10:01:32,Web,34812.0
7264,1047,2024-07-06 17:22:47,Smart TV,253397.0
7265,406,2025-12-04 04:55:22,Desktop,328282.0
7266,164,2025-11-11 00:23:30,Smart TV,191995.0
7267,737,2024-04-08 18:15:40,Tablet,333285.0
7268,1021,2026-01-03 23:23:33,Tablet,269495.0
7269,624,2024-12-24 18:13:30,Tablet,245904.0
7270,729,2025-04-21 21:09:09,Tablet,207566.0
7271,178,2025-04-14 21:54:15,Unknown,163987.0
7272,111,2026-08-11 13:40:27,Desktop,249011.0
7273,462,2025-10-15 20:47:31,Tablet,175358.0
7274,419,2026-08-29 04:50:19,Smart TV,226157.0
7275,804,2025-06-16 15:29:51,Tablet,116947.0
7276,1171,2025-06-21 10:59:00,Desktop,47968.0
7277,790,2026-08-19 12:02:59,Mobile,64824.0
7278,649,2026-07-26 05:05:25,Desktop,100412.0
7279,81,2026-01-21 16:07:42,Mobile,393658.0
7280,457,2024-08-09 12:16:51,Web,103208.0
7281,766,2025-05-02 15:55:10,Unknown,43451.0
7282,1167,2025-03-03 02:34:20,Unknown,360304.0
7283,1162,2024-06-17 21:30:09,Web,126826.0
7284,422,2025-06-18 15:26:35,Desktop,126772.0
7285,1163,2025-04-04 14:58:13,Unknown,207656.0
7286,402,2024-12-09 10:55:24,Mobile,182759.0
7287,575,2026-01-08 08:15:11,Unknown,191040.0
7288,405,2026-08-14 18:38:43,Web,254833.0
7289,1144,2026-04-22 23:19:45,Web,163435.0
7290,502,2026-08-10 02:25:01,Mobile,103071.0
7291,66,2025-06-16 12:04:45,Mobile,121405.0
7292,61,2026-06-07 06:23:06,Smart TV,70465.0
7293,66,2024-08-08 14:43:32,Desktop,144687.0
7294,1006,2026-01-10 09:02:18,Unknown,122086.0
7295,306,2024-11-14 02:16:45,Mobile,149516.0
7296,1050,2025-08-09 17:33:42,Mobile,354328.0
7297,984,2026-03-13 17:04:39,Unknown,132975.0
7298,603,2026-01-15 05:08:15,Desktop,269060.0
7299,202,2024-02-05 03:46:21,Web,119972.0
7300,1110,2026-02-24 04:51:22,Mobile,61883.0
7301,984,2026-02-24 12:16:22,Smart TV,199682.0
7302,1163,2025-03-07 08:35:25,Unknown,74577.0
7303,124,2025-11-09 09:59:31,Tablet,186405.0
7304,860,2025-12-16 23:26:33,Tablet,307927.0
7305,812,2025-02-05 06:15:05,Smart TV,145227.0
7306,106,2025-03-10 11:31:13,Unknown,221659.0
7307,888,2026-03-08 18:28:31,Desktop,161115.0
7308,905,2025-06-07 13:32:43,Mobile,144716.0
7309,949,2024-05-05 06:28:42,Desktop,33886.0
7310,177,2025-05-19 13:49:25,Unknown,281434.0
7311,1003,2025-10-14 00:24:42,Smart TV,43918.0
7312,1183,2026-06-01 15:26:00,Web,327403.0
7313,690,2024-07-06 16:06:33,Desktop,113448.0
7314,1,2025-12-17 00:23:13,Tablet,113040.0
7315,82,2025-03-06 10:26:36,Tablet,128493.0
7316,630,2026-01-25 21:43:44,Tablet,57518.0
7317,850,2025-07-09 23:30:11,Tablet,157099.0
7318,1047,2025-05-13 09:53:37,Desktop,215134.0
7319,16,2024-08-02 21:09:53,Smart TV,97267.0
7320,1027,2025-04-27 00:55:59,Web,205130.0
7321,763,2026-01-25 17:52:51,Web,223465.0
7322,672,2025-05-10 14:04:22,Tablet,180025.0
7323,294,2024-09-23 15:14:20,Tablet,154616.0
7324,229,2024-08-15 04:41:43,Smart TV,89128.0
7325,760,2024-01-20 09:25:06,Smart TV,41136.0
7326,627,2026-02-09 08:41:04,Mobile,229924.0
7327,1172,2024-10-14 11:28:33,Unknown,160119.0
7328,909,2024-08-25 03:34:10,Unknown,81619.0
7329,869,2025-03-08 06:27:21,Smart TV,72985.0
7330,898,2025-03-14 00:05:19,Unknown,57283.0
7331,1029,2024-03-01 17:31:23,Desktop,326868.0
7332,523,2024-11-19 19:08:13,Unknown,297054.0
7333,878,2024-10-06 04:07:18,Desktop,198635.0
7334,797,2025-09-19 17:24:56,Unknown,118981.0
7335,459,2026-02-12 22:18:42,Desktop,274740.0
7336,402,2025-06-23 16:14:32,Desktop,226731.0
7337,1130,2026-01-06 14:30:39,Desktop,137760.0
7338,708,2025-06-09 04:28:10,Unknown,307356.0
7339,889,2026-09-16 19:36:25,Web,65396.0
7340,370,2026-01-30 05:10:18,Unknown,122638.0
7341,483,2025-05-06 19:47:07,Unknown,182236.0
7342,738,2024-05-16 04:09:03,Smart TV,155439.0
7343,1058,2024-09-18 21:43:47,Desktop,168378.0
7344,593,2024-06-29 21:38:10,Unknown,207505.0
7345,719,2024-02-28 19:42:13,Unknown,127983.0
7346,316,2025-02-22 22:58:49,Mobile,170504.0
7347,921,2025-02-17 16:01:59,Tablet,185713.0
7348,847,2026-09-11 16:08:03,Tablet,201068.0
7349,988,2024-03-18 19:23:51,Mobile,271571.0
7350,735,2025-10-29 20:58:47,Tablet,159306.0
7351,1176,2026-07-05 20:41:58,Desktop,125009.0
7352,996,2024-10-14 01:33:43,Web,151447.0
7353,288,2025-02-01 04:16:21,Desktop,34701.0
7354,573,2025-07-23 17:11:36,Mobile,167209.0
7355,1082,2025-07-03 09:58:00,Tablet,185055.0
7356,838,2026-02-11 14:19:30,Web,75788.0
7357,44,2025-02-13 08:40:23,Desktop,307530.0
7358,542,2025-04-23 14:40:16,Web,186715.0
7359,975,2026-02-22 05:22:03,Tablet,307518.0
7360,662,2024-02-05 00:24:33,Unknown,214045.0
7361,613,2026-05-13 08:15:03,Web,182957.0
7362,1075,2026-03-04 00:18:06,Tablet,50803.0
7363,1047,2025-03-15 15:47:24,Tablet,300122.0
7364,330,2026-03-13 09:44:53,Web,282179.0
7365,34,2026-08-10 11:53:45,Mobile,41670.0
7366,636,2025-05-30 17:00:32,Tablet,175937.0
7367,999,2025-01-18 09:56:51,Web,86782.0
7368,481,2025-01-25 10:41:32,Unknown,215214.0
7369,126,2025-05-14 18:11:06,Unknown,275424.0
7370,911,2025-04-12 05:11:07,Smart TV,58701.0
7371,630,2026-06-10 13:47:38,Web,213071.0
7372,496,2024-08-30 01:14:34,Desktop,43970.0
7373,943,2026-03-04 13:13:40,Smart TV,243557.0
7374,860,2026-04-04 22:15:50,Smart TV,169981.0
7375,1154,2024-09-06 19:34:14,Mobile,234042.0
7376,517,2025-01-01 08:44:59,Tablet,318501.0
7377,21,2024-04-29 15:49:55,Desktop,197053.0
7378,77,2025-05-24 12:27:11,Smart TV,326131.0
7379,166,2026-08-31 12:40:10,Web,151688.0
7380,1165,2024-08-12 21:18:52,Web,92195.0
7381,525,2024-11-22 12:57:31,Desktop,311748.0
7382,372,2024-05-10 03:29:31,Tablet,79398.0
7383,634,2024-10-13 03:03:19,Tablet,102200.0
7384,1177,2025-01-17 23:52:57,Tablet,57671.0
7385,408,2024-08-01 01:53:08,Smart TV,79247.0
7386,1196,2024-11-30 21:22:52,Web,377068.0
7387,892,2025-09-04 13:26:49,Smart TV,154616.0
7388,428,2025-02-25 04:04:36,Desktop,241838.0
7389,1063,2026-05-22 17:38:48,Tablet,103698.0
7390,232,2024-03-06 16:30:25,Unknown,227744.0
7391,770,2025-08-14 21:53:11,Mobile,72048.0
7392,565,2024-11-17 04:49:05,Tablet,165463.0
7393,1194,2025-09-08 21:07:52,Tablet,247233.0
7394,1181,2026-09-11 08:32:25,Tablet,49595.0
7395,588,2024-02-27 13:07:46,Mobile,85996.0
7396,657,2025-01-27 01:54:00,Mobile,134120.0
7397,1170,2024-04-08 05:27:10,Unknown,173364.0
7398,1119,2024-12-28 19:14:04,Tablet,127671.0
7399,1130,2024-03-10 19:56:58,Mobile,230271.0
7400,496,2025-07-10 15:34:41,Mobile,137879.0
7401,383,2026-07-15 18:11:20,Unknown,172539.0
7402,764,2024-09-16 18:34:52,Mobile,207716.0
7403,689,2025-02-12 13:51:21,Unknown,90308.0
7404,97,2026-05-03 13:31:36,Unknown,154616.0
7405,633,2024-10-05 22:47:50,Web,215173.0
7406,22,2026-05-29 03:32:44,Unknown,103581.0
7407,453,2026-07-27 12:10:47,Web,69909.0
7408,771,2025-03-19 02:00:47,Mobile,288967.0
7409,715,2025-09-24 00:45:28,Unknown,306156.0
7410,764,2025-12-13 16:40:00,Tablet,197744.0
7411,436,2026-04-25 17:20:29,Tablet,171335.0
7412,198,2026-08-06 21:54:44,Smart TV,109553.0
7413,312,2026-06-16 20:38:31,Desktop,325812.0
7414,667,2026-06-09 05:32:56,Tablet,35130.0
7415,794,2026-04-07 00:39:55,Smart TV,172257.0
7416,866,2026-07-17 09:54:10,Web,106769.0
7417,384,2024-09-14 23:45:00,Mobile,120920.0
7418,1190,2024-02-20 04:45:40,Unknown,100939.0
7419,274,2024-08-28 17:39:24,Tablet,183005.0
7420,224,2026-03-12 07:58:51,Mobile,239446.0
7421,1101,2024-09-06 03:33:30,Desktop,176591.0
7422,512,2025-05-17 19:26:33,Desktop,313911.0
7423,633,2025-01-30 07:53:45,Desktop,112806.0
7424,1055,2025-03-29 09:37:18,Smart TV,262329.0
7425,656,2025-02-17 20:06:52,Mobile,176915.0
7426,684,2026-07-31 20:09:47,Web,56648.0
7427,1140,2025-08-12 23:56:32,Desktop,170388.0
7428,1116,2024-04-28 11:55:42,Mobile,217310.0
7429,190,2026-05-23 11:25:52,Unknown,87687.0
7430,683,2025-04-09 19:40:38,Smart TV,72086.0
7431,930,2025-09-27 09:57:59,Mobile,177690.0
7432,578,2026-06-20 19:18:54,Mobile,406753.0
7433,712,2025-11-16 23:06:18,Web,330717.0
7434,556,2025-03-13 14:47:40,Tablet,65274.0
7435,699,2024-09-15 04:01:26,Smart TV,179430.0
7436,745,2025-02-28 05:09:06,Tablet,289570.0
7437,1134,2025-01-05 10:34:35,Web,339248.0
7438,482,2026-03-06 23:04:32,Smart TV,262183.0
7439,872,2025-03-19 13:07:41,Tablet,139580.0
7440,94,2024-06-21 08:19:27,Desktop,73617.0
7441,478,2026-07-04 20:25:37,Desktop,69882.0
7442,781,2025-03-15 09:48:27,Unknown,208017.0
7443,221,2025-06-23 23:35:51,Desktop,189727.0
7444,1124,2025-06-13 08:30:31,Tablet,121303.0
7445,123,2025-11-06 13:37:07,Unknown,216448.0
7446,739,2024-03-25 22:56:08,Desktop,63987.0
7447,708,2025-03-17 04:08:20,Mobile,267368.0
7448,336,2025-05-11 18:27:01,Web,76917.0
7449,935,2026-04-30 21:01:52,Unknown,190560.0
7450,360,2024-08-20 22:35:42,Smart TV,178688.0
7451,779,2024-03-18 22:12:53,Tablet,267414.0
7452,329,2026-06-21 06:11:43,Unknown,91805.0
7453,1071,2026-08-28 09:57:10,Unknown,266992.0
7454,644,2025-12-13 18:02:36,Web,126781.0
7455,916,2024-10-07 01:00:18,Smart TV,294424.0
7456,311,2025-08-11 22:52:53,Web,102576.0
7457,835,2024-12-15 15:59:38,Mobile,142263.0
7458,789,2024-05-07 18:27:05,Web,292450.0
7459,306,2024-12-02 04:31:35,Web,79879.0
7460,534,2024-12-07 11:24:15,Unknown,75672.0
7461,259,2024-10-23 03:48:13,Smart TV,158334.0
7462,486,2024-11-14 19:55:16,Smart TV,74203.0
7463,179,2025-11-17 16:26:08,Unknown,67502.0
7464,780,2024-09-14 22:05:39,Web,192942.0
7465,435,2024-09-08 17:55:20,Desktop,283614.0
7466,42,2024-04-08 13:05:08,Smart TV,125356.0
7467,224,2025-01-23 10:52:42,Smart TV,249333.0
7468,467,2024-07-11 17:18:01,Web,180118.0
7469,15,2026-01-11 22:32:25,Unknown,68248.0
7470,1007,2025-06-02 02:30:17,Mobile,154616.0
7471,1176,2025-01-18 17:32:46,Web,262269.0
7472,707,2024-04-14 11:20:45,Tablet,153903.0
7473,736,2024-11-30 19:22:38,Desktop,262643.0
7474,786,2025-07-16 01:19:15,Tablet,243252.0
7475,808,2025-03-12 02:50:08,Tablet,344236.0
7476,527,2024-09-04 18:56:57,Tablet,130373.0
7477,637,2025-06-26 05:05:39,Desktop,255576.0
7478,48,2026-04-22 21:38:44,Mobile,252637.0
7479,639,2026-01-10 14:01:24,Desktop,82116.0
7480,45,2025-11-09 00:14:58,Web,154616.0
7481,255,2025-11-21 22:13:01,Tablet,141464.0
7482,982,2024-08-24 07:40:56,Unknown,36091.0
7483,774,2024-09-01 05:03:00,Desktop,249588.0
7484,1017,2024-08-15 15:32:11,Web,166357.0
7485,426,2024-05-29 23:37:44,Tablet,151642.0
7486,99,2024-09-23 16:54:20,Desktop,130883.0
7487,337,2025-03-04 23:55:01,Desktop,379793.0
7488,108,2026-09-15 12:31:25,Tablet,202242.0
7489,959,2026-06-28 06:54:41,Mobile,160801.0
7490,399,2025-11-24 23:58:42,Smart TV,142558.0
7491,607,2024-05-28 15:19:16,Mobile,64863.0
7492,53,2025-09-16 20:26:58,Smart TV,210025.0
7493,523,2026-06-22 00:24:11,Unknown,273911.0
7494,497,2024-04-27 14:04:52,Tablet,73199.0
7495,183,2025-12-19 07:17:09,Unknown,99899.0
7496,102,2025-10-18 05:41:38,Desktop,242566.0
7497,877,2024-02-11 01:32:04,Unknown,105232.0
7498,1178,2025-11-05 06:40:06,Desktop,57423.0
7499,738,2026-05-21 16:50:20,Tablet,161713.0
7500,654,2026-08-03 20:52:00,Tablet,167607.0
7501,1158,2024-06-20 05:39:56,Web,168517.0
7502,996,2024-11-25 06:24:20,Smart TV,138100.0
7503,728,2025-02-11 13:20:00,Tablet,110130.0
7504,683,2025-03-22 07:20:56,Smart TV,192785.0
7505,868,2024-12-21 16:31:55,Mobile,49349.0
7506,161,2024-06-20 04:38:47,Unknown,202126.0
7507,1057,2025-05-19 12:58:38,Unknown,169420.0
7508,537,2024-07-01 02:40:59,Desktop,132232.0
7509,688,2024-10-22 12:04:16,Tablet,188140.0
7510,1038,2025-06-23 22:53:25,Tablet,137184.0
7511,411,2025-07-29 04:37:51,Web,142852.0
7512,441,2024-02-06 22:41:31,Unknown,236672.0
7513,510,2026-08-12 12:21:55,Mobile,82334.0
7514,1004,2024-07-19 10:25:55,Mobile,338311.0
7515,886,2026-09-02 19:23:25,Unknown,222808.0
7516,311,2026-02-05 09:18:42,Smart TV,111638.0
7517,658,2025-03-01 03:50:14,Mobile,47982.0
7518,80,2026-03-31 07:46:02,Mobile,156049.0
7519,287,2024-08-02 21:11:40,Desktop,103997.0
7520,198,2026-05-30 15:12:05,Desktop,178368.0
7521,314,2025-07-22 12:55:42,Desktop,298203.0
7522,337,2025-02-23 08:23:55,Unknown,278491.0
7523,262,2024-04-26 10:44:22,Smart TV,63354.0
7524,218,2024-12-10 23:31:12,Tablet,32051.0
7525,805,2025-05-15 19:47:25,Tablet,338977.0
7526,67,2026-02-23 02:51:22,Tablet,210564.0
7527,206,2024-08-01 06:30:10,Desktop,151770.0
7528,359,2025-12-24 14:19:03,Web,57489.0
7529,849,2025-09-17 01:28:44,Unknown,128386.0
7530,1153,2025-12-23 06:51:17,Web,81374.0
7531,911,2024-03-25 20:39:52,Unknown,118578.0
7532,1123,2024-04-12 12:53:20,Smart TV,108604.0
7533,1146,2026-01-17 17:05:11,Unknown,99796.0
7534,781,2024-01-07 06:37:54,Web,324085.0
7535,45,2025-11-23 21:14:11,Tablet,75396.0
7536,1094,2025-03-19 18:31:33,Unknown,152163.0
7537,765,2024-01-13 17:32:17,Tablet,211465.0
7538,803,2025-08-06 20:48:18,Tablet,164961.0
7539,222,2025-08-06 23:31:22,Tablet,80632.0
7540,595,2025-07-29 16:45:09,Desktop,122633.0
7541,171,2025-09-04 00:19:10,Web,65513.0
7542,690,2024-04-25 18:00:07,Smart TV,172668.0
7543,446,2026-07-09 16:29:46,Desktop,116880.0
7544,970,2024-02-05 04:45:13,Tablet,126355.0
7545,823,2025-02-22 15:49:08,Tablet,232629.0
7546,756,2026-04-12 19:38:12,Mobile,164216.0
7547,183,2025-01-29 05:52:56,Unknown,181906.0
7548,830,2024-12-29 03:04:00,Smart TV,138227.0
7549,424,2026-03-16 22:20:30,Unknown,340651.0
7550,595,2026-02-06 07:18:59,Smart TV,66169.0
7551,1015,2024-03-08 01:38:42,Unknown,268396.0
7552,295,2025-04-17 12:02:04,Unknown,209025.0
7553,1118,2025-08-15 12:02:21,Tablet,139601.0
7554,388,2024-12-05 18:59:01,Desktop,76396.0
7555,386,2024-04-12 09:31:47,Desktop,178625.0
7556,208,2024-06-21 12:35:00,Tablet,271732.0
7557,888,2024-02-16 15:26:48,Mobile,79460.0
7558,1049,2024-04-20 20:04:53,Unknown,69050.0
7559,1177,2026-06-12 22:31:50,Web,180013.0
7560,213,2024-10-25 00:04:39,Web,90472.0
7561,30,2025-11-12 02:53:00,Smart TV,162266.0
7562,559,2026-01-02 05:52:54,Desktop,258783.0
7563,850,2024-09-17 02:37:38,Smart TV,184944.0
7564,621,2025-04-08 04:56:20,Desktop,75242.0
7565,1178,2026-01-27 06:29:30,Unknown,78803.0
7566,815,2024-01-14 10:31:50,Mobile,68017.0
7567,929,2024-10-16 22:54:17,Desktop,142859.0
7568,1170,2025-12-17 14:34:10,Unknown,146431.0
7569,381,2025-04-08 15:44:49,Tablet,159359.0
7570,201,2025-07-15 23:34:31,Web,147473.0
7571,787,2025-02-03 04:28:32,Tablet,309437.0
7572,81,2025-09-11 17:46:31,Smart TV,154616.0
7573,32,2025-09-13 15:50:58,Mobile,259584.0
7574,652,2025-09-29 02:49:06,Desktop,41363.0
7575,483,2024-04-30 16:00:53,Web,33189.0
7576,418,2024-09-01 18:09:46,Smart TV,154616.0
7577,106,2024-11-11 23:33:45,Web,79447.0
7578,1128,2025-04-16 06:33:22,Mobile,287535.0
7579,1009,2024-05-21 01:17:30,Desktop,157749.0
7580,466,2024-01-26 00:16:09,Web,116099.0
7581,784,2025-08-12 15:08:08,Mobile,123531.0
7582,391,2026-08-04 08:35:18,Mobile,43769.0
7583,850,2025-05-30 08:15:27,Unknown,135313.0
7584,617,2024-06-10 05:08:03,Mobile,153494.0
7585,754,2024-11-05 07:43:42,Tablet,47268.0
7586,61,2024-07-30 23:22:32,Unknown,182561.0
7587,1165,2024-04-30 08:59:03,Smart TV,49884.0
7588,702,2024-07-19 13:48:17,Smart TV,91972.0
7589,627,2025-03-04 07:07:37,Web,130685.0
7590,666,2024-06-21 06:41:24,Desktop,216137.0
7591,286,2026-06-21 11:50:15,Tablet,133073.0
7592,658,2026-01-12 06:48:26,Tablet,279500.0
7593,1164,2024-08-04 09:18:29,Smart TV,191744.0
7594,935,2024-11-18 20:01:00,Web,79150.0
7595,362,2024-05-02 22:06:56,Smart TV,226815.0
7596,603,2024-01-07 15:46:22,Unknown,106098.0
7597,157,2024-11-27 10:13:36,Smart TV,32263.0
7598,1031,2024-07-28 00:18:13,Web,319356.0
7599,30,2024-04-19 14:33:33,Mobile,65896.0
7600,389,2025-10-28 09:48:23,Mobile,203356.0
7601,710,2024-05-08 13:51:02,Desktop,215314.0
7602,847,2026-08-14 10:50:05,Unknown,77697.0
7603,152,2024-07-10 14:47:24,Web,167872.0
7604,584,2024-07-26 14:06:32,Smart TV,166749.0
7605,888,2025-05-05 23:59:51,Desktop,125338.0
7606,792,2025-09-02 18:42:27,Mobile,110550.0
7607,477,2024-07-30 08:01:54,Tablet,93255.0
7608,1127,2026-08-29 04:54:33,Mobile,198127.0
7609,351,2025-10-18 15:11:01,Tablet,287333.0
7610,1161,2025-01-29 02:34:02,Tablet,98254.0
7611,193,2026-05-27 19:39:47,Smart TV,165605.0
7612,727,2025-03-08 04:29:05,Desktop,344149.0
7613,1116,2024-10-16 21:13:56,Desktop,385590.0
7614,816,2024-01-30 15:14:43,Desktop,175674.0
7615,1028,2025-04-14 20:37:07,Web,73678.0
7616,174,2026-02-10 00:23:32,Mobile,235435.0
7617,755,2025-09-21 06:10:45,Unknown,262020.0
7618,691,2026-09-03 16:26:57,Tablet,132176.0
7619,1034,2024-12-09 01:34:33,Mobile,154616.0
7620,456,2024-10-19 17:34:20,Unknown,135666.0
7621,146,2024-03-21 06:41:58,Mobile,62171.0
7622,285,2026-07-14 08:31:57,Web,276282.0
7623,1175,2026-05-02 12:02:06,Unknown,223284.0
7624,286,2025-08-29 22:47:47,Smart TV,48345.0
7625,313,2024-05-30 07:10:21,Web,45600.0
7626,1134,2024-06-02 08:06:15,Unknown,126142.0
7627,736,2024-03-10 03:50:36,Unknown,241042.0
7628,1194,2025-05-24 17:05:50,Unknown,254504.0
7629,938,2025-09-08 05:43:42,Smart TV,134293.0
7630,897,2026-08-22 19:25:20,Mobile,216672.0
7631,1130,2026-01-01 10:40:10,Smart TV,68130.0
7632,836,2024-12-02 03:47:18,Tablet,77734.0
7633,772,2024-12-12 16:43:48,Smart TV,95090.0
7634,318,2026-04-19 00:50:43,Unknown,87800.0
7635,1141,2025-10-13 10:52:39,Mobile,177505.0
7636,1036,2025-12-20 15:59:06,Tablet,61157.0
7637,1053,2024-03-22 02:17:31,Mobile,154616.0
7638,1061,2024-10-05 08:39:04,Mobile,370943.0
7639,594,2026-07-08 03:03:52,Mobile,249387.0
7640,898,2025-08-28 14:56:07,Unknown,65066.0
7641,692,2024-01-02 16:33:01,Web,267300.0
7642,109,2026-06-07 10:16:39,Desktop,91768.0
7643,904,2024-04-09 21:30:10,Unknown,57212.0
7644,13,2024-05-25 18:56:08,Web,121533.0
7645,229,2026-03-26 14:54:15,Desktop,70231.0
7646,837,2026-04-08 06:30:45,Unknown,91792.0
7647,1078,2026-02-24 12:01:52,Unknown,253511.0
7648,877,2024-08-26 04:49:55,Smart TV,73028.0
7649,29,2026-07-10 11:39:20,Mobile,110736.0
7650,78,2024-09-05 17:19:28,Smart TV,93674.0
7651,686,2025-09-07 09:44:54,Web,88184.0
7652,1094,2024-08-03 19:09:54,Desktop,100484.0
7653,645,2025-05-19 18:49:27,Smart TV,43537.0
7654,580,2026-03-17 10:07:23,Tablet,215275.0
7655,563,2026-04-05 17:26:05,Unknown,87685.0
7656,121,2026-03-22 03:39:28,Tablet,180579.0
7657,207,2026-08-20 12:19:19,Unknown,123540.0
7658,699,2025-12-02 04:23:50,Tablet,293750.0
7659,167,2026-07-26 04:23:45,Web,337917.0
7660,787,2024-02-16 04:47:34,Desktop,97276.0
7661,692,2025-10-11 21:33:20,Tablet,332013.0
7662,31,2024-04-09 09:51:18,Desktop,223480.0
7663,497,2024-12-10 15:36:43,Smart TV,62715.0
7664,784,2025-02-08 01:47:11,Tablet,85807.0
7665,1195,2024-07-03 16:51:47,Tablet,116732.0
7666,563,2026-06-10 17:03:31,Smart TV,226603.0
7667,184,2025-07-12 02:47:34,Tablet,237892.0
7668,471,2024-11-10 18:09:18,Mobile,154884.0
7669,713,2024-03-31 00:27:34,Unknown,282634.0
7670,524,2025-04-30 08:28:06,Tablet,342412.0
7671,63,2024-07-08 18:49:44,Mobile,71730.0
7672,162,2025-12-14 10:51:08,Unknown,300529.0
7673,190,2026-04-30 10:57:18,Web,185584.0
7674,634,2025-01-25 20:38:49,Web,184947.0
7675,301,2026-03-26 11:55:45,Tablet,148937.0
7676,33,2026-02-17 00:46:30,Smart TV,225675.0
7677,1078,2026-01-07 22:10:31,Mobile,84241.0
7678,126,2024-09-21 03:47:10,Mobile,242832.0
7679,406,2025-10-06 01:35:38,Smart TV,123922.0
7680,800,2024-03-13 17:21:23,Mobile,31293.0
7681,795,2025-12-02 14:38:02,Smart TV,113723.0
7682,637,2026-03-26 19:36:18,Mobile,81033.0
7683,1070,2025-05-15 04:36:17,Mobile,102139.0
7684,1049,2024-04-18 19:27:44,Desktop,191428.0
7685,464,2026-03-10 10:13:23,Web,83713.0
7686,758,2025-03-26 05:10:36,Smart TV,275176.0
7687,351,2024-03-25 08:05:55,Desktop,327544.0
7688,827,2024-06-05 00:55:55,Smart TV,305150.0
7689,16,2026-08-31 09:55:17,Mobile,245227.0
7690,978,2026-01-23 05:44:13,Tablet,232263.0
7691,59,2024-03-05 15:58:44,Smart TV,58267.0
7692,1080,2026-08-01 13:41:09,Mobile,69522.0
7693,1118,2026-03-23 13:13:01,Web,187336.0
7694,1052,2026-08-21 09:06:33,Unknown,285786.0
7695,105,2026-04-06 11:05:40,Web,154067.0
7696,936,2024-03-31 05:47:11,Web,230699.0
7697,787,2026-05-27 10:07:52,Smart TV,71488.0
7698,799,2025-03-05 16:39:32,Mobile,50496.0
7699,171,2026-04-21 04:19:41,Mobile,102202.0
7700,215,2025-06-18 23:55:32,Tablet,26830.0
7701,1161,2024-07-15 13:22:12,Tablet,158329.0
7702,381,2026-04-03 14:54:05,Web,81110.0
7703,282,2024-12-19 16:45:49,Unknown,108495.0
7704,487,2024-07-11 12:38:30,Unknown,267699.0
7705,1052,2025-10-23 09:23:56,Smart TV,223477.0
7706,135,2025-05-31 15:41:47,Unknown,281225.0
7707,1058,2026-01-28 06:57:38,Desktop,274159.0
7708,574,2026-09-03 05:16:53,Unknown,102335.0
7709,1016,2025-07-07 13:36:14,Mobile,55401.0
7710,7,2024-03-07 08:45:15,Tablet,123245.0
7711,445,2024-01-10 20:34:28,Desktop,154616.0
7712,1004,2026-08-12 15:18:18,Unknown,178090.0
7713,1162,2025-11-08 00:34:43,Web,51719.0
7714,887,2024-12-06 00:00:53,Tablet,49477.0
7715,1001,2024-02-08 21:45:52,Mobile,29859.0
7716,293,2025-11-29 16:46:57,Web,300168.0
7717,801,2024-07-16 14:22:44,Tablet,236200.0
7718,1179,2026-07-21 04:03:23,Tablet,230552.0
7719,861,2026-06-21 09:42:39,Smart TV,136126.0
7720,273,2025-02-22 21:21:46,Smart TV,182214.0
7721,398,2025-02-02 16:12:16,Mobile,145453.0
7722,933,2026-07-28 16:39:50,Unknown,97870.0
7723,1169,2025-12-24 10:53:30,Unknown,245924.0
7724,788,2025-09-29 03:36:51,Tablet,146164.0
7725,947,2026-08-05 19:39:21,Unknown,106905.0
7726,543,2024-04-08 05:02:01,Smart TV,117452.0
7727,968,2024-02-06 13:09:57,Smart TV,38010.0
7728,692,2026-08-12 12:18:18,Web,56518.0
7729,605,2026-05-12 19:27:08,Unknown,40771.0
7730,1100,2025-06-29 14:02:02,Unknown,103583.0
7731,754,2026-06-03 00:54:34,Mobile,70901.0
7732,1182,2024-07-24 19:08:05,Web,209676.0
7733,166,2024-11-01 06:07:31,Tablet,50553.0
7734,1102,2026-05-29 11:16:27,Unknown,70549.0
7735,358,2025-07-12 02:44:11,Web,191067.0
7736,800,2024-06-30 11:21:29,Unknown,126825.0
7737,402,2026-03-25 13:01:26,Desktop,231820.0
7738,442,2025-02-24 05:55:06,Mobile,214717.0
7739,1028,2025-11-07 20:46:12,Web,25680.0
7740,635,2025-02-10 23:51:31,Desktop,192403.0
7741,366,2026-05-05 02:17:16,Mobile,366124.0
7742,660,2024-10-30 21:53:34,Smart TV,187961.0
7743,944,2026-04-01 06:51:06,Tablet,59477.0
7744,7,2025-08-09 22:35:15,Tablet,75479.0
7745,1026,2026-05-15 10:09:19,Smart TV,153649.0
7746,40,2025-09-03 20:54:30,Mobile,186434.0
7747,442,2026-01-01 12:46:58,Web,188349.0
7748,989,2025-12-10 14:29:05,Unknown,83483.0
7749,69,2024-05-25 19:10:32,Tablet,43432.0
7750,704,2025-01-17 00:50:54,Web,46450.0
7751,610,2024-10-07 02:40:59,Smart TV,142876.0
7752,488,2024-02-12 13:37:49,Smart TV,151733.0
7753,764,2025-03-20 05:38:04,Desktop,325565.0
7754,45,2024-06-16 04:08:11,Desktop,118397.0
7755,1150,2024-08-05 20:33:03,Smart TV,249204.0
7756,60,2024-04-30 08:15:30,Unknown,217819.0
7757,60,2026-09-16 16:37:00,Desktop,92052.0
7758,313,2026-07-01 10:09:59,Desktop,155973.0
7759,466,2025-10-25 16:56:55,Web,345667.0
7760,862,2025-05-18 17:19:31,Smart TV,152069.0
7761,1117,2024-11-28 07:26:44,Web,205959.0
7762,1035,2024-10-16 05:41:14,Tablet,138731.0
7763,1041,2025-07-17 01:17:01,Smart TV,225139.0
7764,586,2025-03-23 12:32:36,Smart TV,196420.0
7765,1125,2025-01-15 14:21:44,Unknown,286617.0
7766,1192,2024-07-02 10:05:11,Web,92014.0
7767,791,2025-07-05 04:38:23,Tablet,165578.0
7768,744,2024-04-03 14:30:33,Tablet,155207.0
7769,1005,2026-06-25 07:33:56,Smart TV,74769.0
7770,985,2025-06-27 14:19:11,Mobile,123407.0
7771,561,2024-10-18 20:22:52,Smart TV,266227.0
7772,616,2025-03-31 14:50:23,Unknown,294962.0
7773,159,2026-09-03 00:39:48,Smart TV,63161.0
7774,367,2025-05-24 17:42:40,Mobile,161740.0
7775,840,2025-11-14 19:38:15,Smart TV,201243.0
7776,898,2025-11-14 10:17:37,Mobile,143509.0
7777,677,2025-12-03 01:06:25,Smart TV,163750.0
7778,1096,2024-10-30 14:41:19,Smart TV,114881.0
7779,429,2024-09-25 14:49:01,Smart TV,131165.0
7780,652,2026-03-01 04:07:28,Mobile,91289.0
7781,601,2026-07-02 02:36:43,Tablet,214104.0
7782,257,2025-10-05 22:25:08,Tablet,111457.0
7783,97,2025-06-28 15:39:43,Mobile,164619.0
7784,520,2025-03-23 14:55:21,Mobile,293077.0
7785,1013,2024-01-15 12:44:26,Smart TV,235068.0
7786,76,2024-04-19 12:11:19,Desktop,102879.0
7787,794,2024-11-11 02:50:03,Smart TV,206007.0
7788,767,2024-12-08 05:36:48,Tablet,278308.0
7789,740,2026-01-05 17:42:22,Desktop,226884.0
7790,650,2024-04-27 13:48:47,Desktop,246014.0
7791,326,2026-03-28 16:51:42,Unknown,190652.0
7792,166,2025-05-27 01:49:38,Web,61700.0
7793,1063,2024-02-22 01:09:37,Web,204406.0
7794,907,2025-12-03 11:28:13,Smart TV,238488.0
7795,996,2024-09-09 10:33:45,Tablet,154779.0
7796,370,2024-08-22 22:04:45,Unknown,67015.0
7797,136,2025-07-16 23:06:15,Unknown,88376.0
7798,538,2025-09-30 18:50:33,Unknown,102135.0
7799,21,2025-06-20 09:53:11,Smart TV,159852.0
7800,423,2024-05-21 21:01:50,Web,344801.0
7801,1046,2024-10-06 12:11:36,Unknown,132708.0
7802,389,2025-04-22 01:56:30,Web,218586.0
7803,804,2026-05-19 22:12:53,Tablet,114112.0
7804,60,2025-09-08 02:13:52,Mobile,145640.0
7805,1175,2024-10-31 17:00:59,Smart TV,176708.0
7806,302,2026-08-02 15:29:55,Web,108048.0
7807,1029,2026-07-06 19:21:59,Smart TV,315168.0
7808,364,2024-10-01 09:45:15,Desktop,250924.0
7809,169,2024-05-25 19:17:38,Unknown,294514.0
7810,88,2025-08-16 06:17:23,Unknown,140570.0
7811,1162,2026-04-27 01:36:44,Mobile,149256.0
7812,294,2024-05-21 01:23:08,Web,91540.0
7813,198,2024-05-21 23:29:57,Desktop,199506.0
7814,785,2025-06-05 10:09:14,Mobile,35863.0
7815,795,2025-11-16 12:05:04,Mobile,50742.0
7816,3,2026-02-23 19:34:01,Smart TV,288749.0
7817,762,2024-03-20 22:22:22,Desktop,46703.0
7818,325,2026-09-14 15:41:20,Smart TV,45735.0
7819,1044,2026-02-03 10:26:49,Web,128645.0
7820,1090,2024-11-13 15:22:20,Mobile,133404.0
7821,127,2026-04-16 07:36:15,Tablet,71420.0
7822,725,2026-04-10 09:22:36,Smart TV,87573.0
7823,484,2024-02-26 12:56:39,Mobile,156347.0
7824,866,2026-06-25 10:06:28,Tablet,150488.0
7825,860,2025-07-12 05:24:26,Desktop,79075.0
7826,164,2024-06-01 12:57:04,Tablet,360565.0
7827,1028,2025-09-20 18:55:17,Unknown,54926.0
7828,422,2024-01-22 17:22:25,Desktop,126902.0
7829,676,2025-04-23 00:45:18,Mobile,283730.0
7830,937,2025-05-25 22:33:55,Unknown,171546.0
7831,382,2026-05-11 10:55:38,Web,64988.0
7832,616,2026-01-23 17:04:19,Smart TV,151329.0
7833,143,2024-04-15 08:23:39,Unknown,320646.0
7834,851,2026-03-30 19:09:59,Unknown,199716.0
7835,85,2024-05-13 10:52:02,Web,69452.0
7836,880,2026-06-26 08:24:15,Smart TV,220898.0
7837,1083,2024-10-20 13:30:51,Mobile,110149.0
7838,1173,2024-01-15 07:00:15,Web,195336.0
7839,1032,2025-12-30 17:20:20,Desktop,79582.0
7840,970,2024-12-24 01:15:17,Mobile,190769.0
7841,317,2025-02-02 11:07:48,Desktop,58829.0
7842,482,2025-07-16 15:58:42,Tablet,302726.0
7843,1121,2024-02-01 17:47:23,Unknown,67102.0
7844,630,2025-08-05 17:58:21,Web,46429.0
7845,1186,2025-12-28 22:35:29,Unknown,31444.0
7846,240,2025-07-30 14:44:03,Desktop,265047.0
7847,491,2024-12-19 15:04:30,Mobile,92760.0
7848,353,2024-03-15 02:48:52,Tablet,310697.0
7849,966,2024-01-06 01:36:27,Desktop,290959.0
7850,367,2024-05-10 02:00:16,Desktop,80413.0
7851,88,2025-07-08 21:21:05,Smart TV,88943.0
7852,101,2025-06-25 20:47:54,Smart TV,143129.0
7853,146,2026-05-19 16:16:27,Mobile,83159.0
7854,586,2025-04-26 19:32:05,Web,95760.0
7855,1158,2025-09-20 03:37:37,Desktop,325314.0
7856,1163,2024-02-15 14:16:42,Smart TV,184263.0
7857,1055,2025-06-27 22:55:21,Unknown,294014.0
7858,880,2026-03-08 01:24:36,Desktop,101839.0
7859,249,2025-03-10 00:43:27,Mobile,94824.0
7860,315,2025-12-06 11:07:05,Smart TV,203643.0
7861,409,2024-05-09 16:51:28,Unknown,321500.0
7862,716,2024-06-07 10:01:35,Smart TV,240664.0
7863,527,2026-03-07 23:08:43,Web,174169.0
7864,782,2025-07-03 15:08:04,Unknown,81978.0
7865,521,2025-02-25 22:21:21,Desktop,251729.0
7866,1035,2024-11-08 00:18:15,Mobile,40832.0
7867,225,2024-08-04 16:09:03,Web,147887.0
7868,1002,2026-01-19 03:33:15,Tablet,30438.0
7869,366,2024-07-14 06:34:11,Unknown,96612.0
7870,1111,2025-12-07 08:07:11,Desktop,74267.0
7871,290,2026-06-10 07:36:44,Mobile,145403.0
7872,237,2024-12-16 10:02:48,Web,73598.0
7873,946,2025-07-05 15:20:52,Mobile,259603.0
7874,104,2024-02-06 00:41:30,Mobile,346420.0
7875,1085,2026-07-07 13:52:46,Smart TV,51279.0
7876,489,2025-09-30 07:50:12,Web,195425.0
7877,1041,2025-11-11 21:02:26,Smart TV,51047.0
7878,797,2026-09-13 08:12:09,Unknown,37318.0
7879,712,2025-10-10 12:46:43,Mobile,241213.0
7880,1031,2025-05-07 13:29:27,Web,200317.0
7881,202,2026-08-27 07:43:05,Desktop,48294.0
7882,1130,2024-05-19 07:00:41,Tablet,131446.0
7883,576,2024-10-08 09:19:30,Web,179208.0
7884,34,2024-04-17 07:12:37,Tablet,151516.0
7885,752,2026-01-02 10:51:43,Web,213556.0
7886,363,2025-09-22 08:13:12,Web,81439.0
7887,662,2025-04-09 01:40:20,Smart TV,75072.0
7888,512,2024-08-22 17:44:12,Smart TV,237653.0
7889,741,2024-07-16 14:37:22,Unknown,52245.0
7890,1158,2025-05-13 03:01:08,Mobile,118180.0
7891,78,2025-06-30 05:40:20,Unknown,171744.0
7892,985,2025-04-24 11:24:57,Unknown,179614.0
7893,1,2025-03-20 00:48:08,Tablet,137907.0
7894,796,2024-01-11 22:14:08,Mobile,176902.0
7895,174,2026-04-19 20:14:52,Mobile,110830.0
7896,36,2025-05-07 11:24:13,Web,128574.0
7897,1152,2026-04-08 08:38:43,Desktop,51363.0
7898,406,2025-12-08 13:44:29,Tablet,118397.0
7899,276,2025-05-28 22:55:06,Mobile,176534.0
7900,1057,2025-12-03 14:43:10,Unknown,48883.0
7901,809,2025-07-12 15:43:40,Unknown,121054.0
7902,563,2026-03-28 21:32:04,Unknown,379411.0
7903,348,2024-06-25 01:02:35,Tablet,160757.0
7904,1175,2025-11-11 05:34:36,Desktop,127942.0
7905,112,2024-01-12 07:12:51,Mobile,274480.0
7906,1131,2026-03-06 16:44:55,Desktop,174128.0
7907,521,2026-02-01 10:33:10,Mobile,191776.0
7908,1039,2025-06-14 12:40:11,Tablet,344506.0
7909,1119,2024-09-02 03:06:39,Desktop,185770.0
7910,903,2026-01-12 05:57:21,Smart TV,187840.0
7911,1037,2026-03-13 07:38:06,Unknown,103937.0
7912,385,2024-05-20 18:16:30,Smart TV,58394.0
7913,971,2024-03-29 17:52:46,Mobile,97510.0
7914,463,2024-10-18 01:34:56,Smart TV,64252.0
7915,449,2025-03-23 02:24:17,Web,215819.0
7916,217,2025-04-30 22:48:53,Unknown,120608.0
7917,1083,2024-01-06 00:39:15,Mobile,156438.0
7918,185,2024-08-21 08:41:39,Unknown,49946.0
7919,346,2026-01-08 04:16:32,Mobile,101029.0
7920,523,2026-07-26 00:17:32,Desktop,73959.0
7921,1169,2024-06-14 03:57:59,Unknown,114686.0
7922,160,2025-08-17 05:27:40,Desktop,189749.0
7923,546,2024-10-22 09:05:42,Web,281465.0
7924,661,2025-01-21 02:44:55,Web,194970.0
7925,874,2025-07-28 20:52:37,Unknown,270266.0
7926,1117,2026-02-01 07:08:18,Web,74835.0
7927,908,2024-11-12 17:44:42,Unknown,303984.0
7928,214,2024-10-25 18:45:47,Mobile,220098.0
7929,380,2025-12-15 22:10:19,Desktop,288337.0
7930,457,2026-08-23 19:00:42,Smart TV,78840.0
7931,712,2025-03-08 04:24:57,Tablet,209236.0
7932,776,2025-07-10 02:33:58,Unknown,99965.0
7933,1189,2024-05-01 14:01:07,Tablet,150421.0
7934,324,2026-01-16 16:39:34,Unknown,341463.0
7935,1029,2026-04-11 23:05:08,Web,168852.0
7936,934,2026-07-31 10:47:35,Web,167906.0
7937,922,2025-03-28 11:38:30,Smart TV,146340.0
7938,889,2025-05-08 07:47:21,Unknown,218043.0
7939,1039,2024-01-17 01:25:42,Unknown,365200.0
7940,843,2025-06-21 04:50:46,Smart TV,81771.0
7941,482,2026-05-07 08:09:17,Web,224802.0
7942,192,2026-08-06 06:23:50,Smart TV,116800.0
7943,692,2025-04-04 01:54:01,Tablet,176640.0
7944,754,2024-09-24 14:39:34,Web,43151.0
7945,319,2024-03-24 16:44:41,Desktop,412196.0
7946,137,2024-09-11 07:55:54,Smart TV,38104.0
7947,1148,2025-08-20 06:05:48,Mobile,168907.0
7948,337,2026-01-01 05:41:43,Web,264355.0
7949,1024,2025-02-11 22:31:07,Tablet,261100.0
7950,1101,2024-08-08 18:08:15,Tablet,148487.0
7951,1193,2026-01-13 02:29:29,Unknown,254476.0
7952,21,2025-03-03 04:38:18,Mobile,100173.0
7953,709,2026-01-28 10:16:07,Tablet,91837.0
7954,162,2025-07-30 17:54:55,Mobile,139925.0
7955,1119,2026-06-30 10:23:10,Mobile,123039.0
7956,229,2025-12-21 16:00:51,Tablet,268629.0
7957,1083,2025-10-08 11:30:44,Web,162468.0
7958,414,2025-03-08 13:36:16,Mobile,323522.0
7959,514,2024-04-16 15:12:09,Unknown,374885.0
7960,803,2026-09-14 16:34:17,Tablet,154616.0
7961,778,2024-06-16 20:22:33,Unknown,250936.0
7962,506,2024-05-26 03:40:43,Smart TV,145689.0
7963,920,2024-03-04 02:17:40,Tablet,211690.0
7964,953,2024-05-01 16:55:17,Web,72352.0
7965,1173,2026-04-01 21:47:37,Smart TV,59887.0
7966,161,2026-07-20 18:46:35,Unknown,264266.0
7967,46,2024-06-02 06:16:46,Tablet,51298.0
7968,1194,2025-10-25 14:28:32,Web,43400.0
7969,789,2024-04-21 23:04:58,Mobile,66927.0
7970,989,2026-07-09 09:20:54,Web,313080.0
7971,746,2024-11-03 11:55:47,Desktop,57321.0
7972,423,2026-08-14 12:23:19,Web,156824.0
7973,179,2024-12-23 23:52:47,Unknown,191186.0
7974,403,2025-01-26 07:16:29,Web,83427.0
7975,1043,2025-02-13 12:06:57,Web,57824.0
7976,537,2024-08-01 11:51:13,Unknown,96502.0
7977,3,2024-03-06 20:37:53,Smart TV,67962.0
7978,532,2025-04-17 00:42:59,Tablet,314874.0
7979,875,2026-05-14 22:46:01,Tablet,273342.0
7980,203,2026-04-21 07:34:18,Web,123178.0
7981,307,2024-10-07 10:01:45,Tablet,117887.0
7982,133,2025-12-02 11:31:04,Tablet,107625.0
7983,36,2025-11-15 09:39:57,Mobile,68227.0
7984,1067,2024-10-10 01:25:48,Desktop,194260.0
7985,315,2025-09-07 09:22:30,Mobile,152674.0
7986,419,2024-05-28 16:35:37,Tablet,58477.0
7987,1194,2024-04-16 06:17:51,Web,137864.0
7988,483,2026-09-16 18:48:11,Mobile,67275.0
7989,1149,2024-04-10 20:57:59,Web,231053.0
7990,100,2026-08-10 22:03:07,Desktop,80381.0
7991,490,2025-08-03 05:30:44,Smart TV,200586.0
7992,261,2024-11-21 21:12:33,Tablet,204120.0
7993,878,2025-01-04 17:49:32,Unknown,228680.0
7994,346,2025-12-26 10:40:14,Desktop,267479.0
7995,1047,2026-02-26 07:42:55,Desktop,43643.0
7996,490,2026-02-15 19:22:11,Unknown,65143.0
7997,349,2024-10-01 13:15:17,Mobile,84834.0
7998,1011,2025-04-05 14:33:46,Smart TV,74622.0
7999,17,2025-05-18 22:34:46,Desktop,190987.0
8000,306,2024-08-30 08:18:56,Tablet,370424.0
8001,252,2024-09-11 07:37:48,Web,161594.0
8002,507,2024-12-26 15:43:13,Smart TV,66689.0
8003,282,2026-01-05 11:19:36,Unknown,215005.0
8004,46,2026-02-28 09:55:38,Mobile,24702.0
8005,546,2026-03-23 16:14:58,Smart TV,288555.0
8006,1128,2024-06-18 19:21:51,Mobile,255468.0
8007,1099,2025-10-28 04:40:53,Desktop,115339.0
8008,199,2025-02-13 07:05:05,Mobile,188091.0
8009,435,2025-06-19 15:42:17,Unknown,339106.0
8010,900,2026-06-18 08:23:56,Desktop,101737.0
8011,285,2026-09-07 05:01:50,Desktop,108594.0
8012,928,2026-06-10 20:15:03,Unknown,294013.0
8013,161,2024-06-11 12:23:37,Desktop,104357.0
8014,1068,2026-03-07 17:39:48,Smart TV,183354.0
8015,712,2025-09-17 00:16:13,Unknown,124837.0
8016,185,2025-03-29 15:26:48,Mobile,110462.0
8017,8,2024-12-18 16:41:02,Mobile,228964.0
8018,792,2025-12-08 11:42:51,Desktop,65836.0
8019,1186,2024-09-09 23:00:45,Web,57309.0
8020,1102,2026-02-11 08:26:40,Tablet,83412.0
8021,756,2024-11-22 00:11:16,Tablet,150883.0
8022,921,2025-05-09 11:34:58,Desktop,328060.0
8023,1114,2026-03-14 04:24:04,Mobile,233305.0
8024,877,2025-03-09 06:28:41,Mobile,92803.0
8025,879,2026-08-19 06:18:33,Unknown,66765.0
8026,919,2025-03-30 04:32:52,Tablet,124350.0
8027,975,2024-06-17 10:15:29,Desktop,214425.0
8028,880,2024-04-29 12:41:17,Unknown,98500.0
8029,487,2024-01-06 11:44:59,Unknown,236186.0
8030,106,2026-05-30 20:22:37,Mobile,207098.0
8031,971,2025-10-18 18:17:08,Tablet,162598.0
8032,374,2024-06-24 01:18:39,Desktop,162120.0
8033,236,2024-01-05 23:32:49,Desktop,201402.0
8034,401,2025-10-12 12:34:45,Mobile,182321.0
8035,434,2024-02-20 05:42:34,Desktop,143976.0
8036,1189,2024-01-12 06:05:57,Unknown,79540.0
8037,344,2024-06-22 17:26:48,Desktop,227296.0
8038,740,2026-05-07 16:52:46,Tablet,230374.0
8039,1077,2024-09-10 12:07:21,Unknown,222501.0
8040,514,2026-08-08 07:42:24,Desktop,110317.0
8041,365,2026-05-10 06:12:58,Unknown,78688.0
8042,959,2025-04-29 23:22:06,Tablet,31869.0
8043,214,2025-05-17 03:51:07,Smart TV,337309.0
8044,1111,2024-12-01 05:24:13,Tablet,154616.0
8045,1152,2026-03-26 21:19:06,Unknown,154715.0
8046,103,2025-07-08 11:53:23,Desktop,75045.0
8047,288,2025-10-23 18:34:36,Mobile,95763.0
8048,45,2026-09-13 20:50:43,Unknown,144475.0
8049,594,2025-08-14 10:13:06,Smart TV,365367.0
8050,226,2025-01-17 21:12:56,Web,230573.0
8051,1026,2026-01-07 17:46:48,Web,111867.0
8052,44,2026-02-11 03:50:50,Smart TV,83173.0
8053,1037,2024-10-12 18:58:26,Desktop,198980.0
8054,278,2025-07-31 16:04:39,Unknown,124376.0
8055,1005,2024-03-17 12:12:16,Unknown,72571.0
8056,378,2026-04-08 20:38:35,Unknown,131022.0
8057,664,2026-04-02 17:39:17,Smart TV,76236.0
8058,1018,2024-02-22 01:37:08,Mobile,97601.0
8059,97,2024-08-25 13:20:38,Desktop,68747.0
8060,716,2025-10-01 05:24:30,Desktop,59755.0
8061,414,2024-09-29 00:24:02,Mobile,365529.0
8062,764,2024-11-24 19:24:31,Unknown,380403.0
8063,889,2025-03-06 09:00:53,Unknown,250719.0
8064,558,2025-11-13 08:03:19,Mobile,204823.0
8065,132,2024-12-17 11:03:52,Mobile,49986.0
8066,231,2026-05-14 19:00:10,Web,310258.0
8067,526,2025-09-03 04:10:30,Smart TV,231414.0
8068,667,2025-11-18 21:08:28,Desktop,73356.0
8069,807,2025-10-31 14:11:56,Web,167329.0
8070,457,2024-03-31 07:56:14,Mobile,246218.0
8071,2,2025-12-17 03:22:49,Mobile,162001.0
8072,221,2024-01-05 14:55:21,Web,139305.0
8073,556,2024-08-28 05:47:08,Tablet,143763.0
8074,644,2024-03-23 18:42:30,Mobile,211441.0
8075,1187,2025-05-13 18:13:32,Web,245197.0
8076,134,2025-04-05 21:46:36,Desktop,69134.0
8077,821,2025-08-16 20:19:04,Unknown,167426.0
8078,438,2024-10-03 13:22:07,Tablet,145222.0
8079,420,2024-01-30 10:19:35,Mobile,158005.0
8080,143,2024-02-04 00:12:32,Tablet,183513.0
8081,1108,2024-04-05 21:57:00,Desktop,103553.0
8082,176,2025-02-11 17:08:07,Smart TV,177384.0
8083,789,2024-10-21 00:37:35,Desktop,254518.0
8084,99,2025-04-02 12:38:00,Tablet,52143.0
8085,1161,2024-01-28 23:51:55,Tablet,241202.0
8086,237,2024-03-02 13:40:18,Mobile,163691.0
8087,905,2025-09-30 13:41:02,Web,154616.0
8088,333,2026-04-29 00:55:39,Unknown,151177.0
8089,1022,2024-10-23 21:05:19,Unknown,128989.0
8090,1092,2024-07-19 21:37:30,Unknown,65274.0
8091,891,2025-01-29 12:05:50,Desktop,120201.0
8092,524,2026-07-29 16:49:44,Desktop,331637.0
8093,841,2025-06-13 19:57:47,Smart TV,111546.0
8094,1143,2026-06-13 13:41:09,Unknown,192067.0
8095,489,2024-06-29 02:08:43,Unknown,58193.0
8096,447,2024-01-24 17:51:34,Smart TV,146168.0
8097,868,2024-05-11 09:05:12,Web,264212.0
8098,1088,2025-07-11 04:08:58,Tablet,39456.0
8099,239,2024-06-18 16:00:55,Web,116539.0
8100,196,2025-07-12 01:04:23,Web,107372.0
8101,638,2024-05-09 09:35:05,Unknown,142304.0
8102,40,2024-03-03 09:14:47,Web,364075.0
8103,909,2026-06-21 14:58:29,Web,87060.0
8104,526,2024-11-01 12:44:43,Smart TV,207823.0
8105,1164,2025-11-11 12:50:49,Web,61094.0
8106,1175,2026-05-24 22:24:05,Unknown,43973.0
8107,542,2024-01-29 21:23:20,Unknown,206979.0
8108,616,2024-11-14 20:48:23,Web,182143.0
8109,297,2026-04-28 03:59:15,Tablet,186718.0
8110,936,2026-04-16 07:54:14,Unknown,221876.0
8111,99,2025-04-13 14:41:53,Web,184267.0
8112,311,2026-05-17 09:20:54,Desktop,142967.0
8113,213,2026-05-07 11:40:43,Mobile,112285.0
8114,829,2026-08-01 12:38:23,Desktop,168047.0
8115,569,2025-01-12 02:07:33,Desktop,249665.0
8116,893,2024-08-17 11:54:59,Smart TV,51237.0
8117,1048,2024-02-19 03:44:51,Smart TV,227147.0
8118,246,2026-02-21 15:14:06,Tablet,227646.0
8119,469,2025-01-01 06:33:40,Smart TV,154616.0
8120,917,2024-06-26 15:10:12,Desktop,100142.0
8121,261,2026-03-22 15:49:24,Web,44248.0
8122,280,2026-04-24 16:28:16,Mobile,317915.0
8123,1129,2024-05-11 07:47:07,Desktop,73268.0
8124,118,2024-02-22 06:02:47,Unknown,180024.0
8125,457,2024-02-14 10:01:38,Web,219220.0
8126,35,2026-03-10 16:29:57,Unknown,38778.0
8127,763,2024-08-13 08:27:47,Smart TV,86327.0
8128,605,2025-12-14 18:27:45,Desktop,65476.0
8129,1138,2026-06-21 16:46:30,Tablet,103281.0
8130,530,2025-07-09 08:37:17,Desktop,91897.0
8131,227,2024-12-18 05:27:55,Tablet,177600.0
8132,850,2024-09-16 13:14:49,Mobile,196020.0
8133,775,2025-01-28 07:04:01,Mobile,200665.0
8134,425,2024-05-15 05:51:40,Tablet,65700.0
8135,1052,2024-02-17 16:58:45,Mobile,49918.0
8136,685,2024-12-10 17:49:01,Unknown,112710.0
8137,180,2026-07-08 04:52:23,Mobile,226171.0
8138,366,2024-04-16 19:49:59,Unknown,226246.0
8139,400,2024-10-24 00:33:14,Tablet,318546.0
8140,149,2025-08-30 11:04:20,Web,108199.0
8141,749,2026-06-22 17:14:16,Tablet,239100.0
8142,772,2024-06-03 12:31:05,Mobile,79468.0
8143,210,2025-05-12 04:28:21,Web,317628.0
8144,752,2025-12-07 17:27:36,Smart TV,179337.0
8145,698,2025-01-24 12:32:35,Unknown,276725.0
8146,354,2024-08-01 00:12:42,Web,70636.0
8147,366,2024-05-12 08:24:33,Smart TV,363320.0
8148,789,2024-11-14 08:18:03,Desktop,317515.0
8149,729,2026-07-27 03:04:32,Smart TV,318121.0
8150,328,2026-07-28 02:22:57,Tablet,62657.0
8151,332,2025-03-28 00:19:02,Unknown,235247.0
8152,1185,2024-08-05 02:01:20,Unknown,166356.0
8153,526,2024-05-08 01:43:41,Mobile,234527.0
8154,192,2025-05-25 08:56:29,Tablet,45032.0
8155,235,2024-02-01 09:33:14,Web,110641.0
8156,381,2025-10-25 01:42:16,Smart TV,112566.0
8157,856,2025-07-01 14:34:54,Desktop,272641.0
8158,1123,2026-05-12 21:44:32,Unknown,124537.0
8159,372,2024-05-18 16:43:31,Desktop,161440.0
8160,1175,2026-07-16 06:39:01,Web,154616.0
8161,440,2024-07-04 11:11:44,Mobile,122432.0
8162,1008,2026-03-02 14:53:56,Smart TV,218582.0
8163,731,2025-04-18 17:13:32,Desktop,267251.0
8164,1172,2024-12-26 21:42:14,Mobile,340330.0
8165,525,2025-03-09 08:35:37,Unknown,260081.0
8166,606,2024-12-16 08:36:33,Unknown,75696.0
8167,135,2026-08-29 02:46:30,Web,190223.0
8168,954,2025-07-11 04:23:19,Desktop,160719.0
8169,546,2025-11-26 09:52:03,Web,277661.0
8170,930,2026-03-18 10:59:53,Unknown,158435.0
8171,810,2026-03-07 22:32:50,Web,184448.0
8172,673,2024-03-23 09:33:23,Smart TV,51685.0
8173,288,2025-09-27 21:21:03,Unknown,41075.0
8174,114,2025-05-06 02:20:16,Mobile,59845.0
8175,553,2024-08-27 19:28:53,Web,55090.0
8176,813,2024-04-28 04:49:01,Web,92198.0
8177,541,2025-01-10 23:12:34,Unknown,366122.0
8178,1170,2026-03-07 04:04:12,Mobile,212968.0
8179,847,2026-03-24 17:03:39,Desktop,144893.0
8180,124,2026-08-24 22:34:51,Mobile,281472.0
8181,494,2026-05-23 22:15:55,Smart TV,149326.0
8182,1146,2025-02-08 05:51:29,Desktop,34147.0
8183,1154,2024-04-28 21:49:21,Unknown,65944.0
8184,1193,2026-09-01 06:55:43,Unknown,181042.0
8185,1156,2026-04-22 03:03:11,Unknown,119475.0
8186,657,2024-01-14 16:06:27,Tablet,72997.0
8187,660,2024-12-13 00:23:48,Mobile,179636.0
8188,709,2024-04-06 03:09:16,Tablet,101704.0
8189,684,2025-02-08 23:06:18,Unknown,165423.0
8190,805,2026-08-06 05:54:01,Desktop,276346.0
8191,635,2024-08-23 18:24:03,Web,289547.0
8192,552,2026-06-11 13:12:06,Web,111347.0
8193,171,2025-12-27 09:46:39,Desktop,261454.0
8194,72,2024-03-12 10:46:44,Desktop,74545.0
8195,1115,2024-09-24 11:42:12,Mobile,160797.0
8196,183,2024-05-08 23:51:49,Tablet,49979.0
8197,1068,2025-10-24 18:18:21,Mobile,75082.0
8198,263,2024-02-24 13:01:49,Tablet,302669.0
8199,1176,2025-06-16 22:29:14,Tablet,285485.0
8200,312,2025-10-31 06:44:51,Unknown,98904.0
8201,633,2026-06-17 02:30:55,Tablet,272043.0
8202,899,2024-02-16 14:42:14,Tablet,321549.0
8203,326,2025-07-19 05:59:38,Web,116192.0
8204,124,2025-12-01 00:40:10,Unknown,206506.0
8205,985,2025-05-14 08:03:37,Tablet,150966.0
8206,839,2024-07-08 13:18:06,Tablet,163146.0
8207,38,2026-01-18 04:11:46,Web,64628.0
8208,387,2024-02-23 04:18:08,Unknown,84496.0
8209,407,2025-03-18 09:24:35,Smart TV,137942.0
8210,127,2025-03-12 17:18:53,Web,193031.0
8211,595,2024-01-24 07:39:54,Desktop,226152.0
8212,376,2024-05-02 02:41:44,Web,146507.0
8213,1012,2024-07-03 00:41:05,Web,326478.0
8214,466,2024-06-15 03:40:15,Unknown,181487.0
8215,1130,2026-05-09 11:48:36,Mobile,210991.0
8216,316,2025-01-31 21:41:31,Web,127061.0
8217,1071,2026-04-15 07:35:35,Desktop,288621.0
8218,305,2025-07-27 18:18:35,Desktop,93296.0
8219,1188,2024-06-02 19:22:20,Unknown,274493.0
8220,833,2026-06-16 14:07:54,Mobile,211051.0
8221,64,2025-02-13 23:01:33,Unknown,124261.0
8222,369,2025-06-26 12:32:32,Desktop,73531.0
8223,66,2024-11-17 06:21:35,Smart TV,135310.0
8224,212,2026-08-29 09:16:09,Smart TV,299331.0
8225,479,2025-10-30 16:12:28,Desktop,19364.0
8226,1018,2026-07-23 09:29:30,Mobile,135161.0
8227,716,2024-02-24 06:40:13,Mobile,180762.0
8228,907,2025-08-06 22:20:47,Smart TV,283003.0
8229,971,2026-01-21 20:25:24,Web,107341.0
8230,1041,2025-01-13 21:19:28,Tablet,54314.0
8231,51,2026-01-28 13:03:46,Web,334712.0
8232,1139,2026-02-14 16:16:44,Web,215941.0
8233,215,2026-02-25 11:11:18,Mobile,103909.0
8234,1050,2026-05-30 18:52:00,Web,212693.0
8235,159,2024-11-27 14:35:05,Desktop,139817.0
8236,235,2026-08-15 23:30:46,Tablet,71303.0
8237,70,2025-10-05 02:17:46,Unknown,177540.0
8238,29,2024-11-11 17:23:31,Desktop,174437.0
8239,24,2026-03-10 22:41:09,Web,221336.0
8240,965,2026-03-04 23:20:33,Web,148527.0
8241,1181,2024-07-09 18:15:04,Smart TV,142373.0
8242,1005,2026-04-21 16:37:43,Desktop,67221.0
8243,911,2024-10-13 14:51:33,Smart TV,173457.0
8244,1139,2024-12-17 15:15:40,Smart TV,114268.0
8245,608,2024-08-30 14:27:24,Mobile,60839.0
8246,194,2026-09-07 14:44:20,Web,340977.0
8247,284,2024-11-14 02:34:48,Tablet,158332.0
8248,1012,2024-11-04 17:51:55,Unknown,219058.0
8249,508,2024-10-06 07:25:41,Mobile,85348.0
8250,168,2024-01-28 06:01:36,Tablet,211702.0
8251,1072,2024-07-26 04:16:04,Mobile,262720.0
8252,553,2024-03-19 01:56:16,Mobile,46263.0
8253,168,2025-10-24 16:30:22,Unknown,252108.0
8254,1148,2024-04-05 11:24:26,Mobile,148904.0
8255,562,2026-06-26 04:42:48,Desktop,108083.0
8256,139,2024-06-25 09:22:37,Desktop,112362.0
8257,538,2026-05-26 17:23:51,Mobile,230280.0
8258,1021,2024-02-14 21:17:13,Web,115324.0
8259,919,2024-10-02 07:01:46,Web,170155.0
8260,563,2024-07-01 11:16:18,Desktop,283498.0
8261,791,2025-10-01 03:56:05,Unknown,129362.0
8262,599,2025-02-12 14:46:14,Mobile,155388.0
8263,991,2026-03-04 06:20:40,Desktop,239608.0
8264,238,2026-01-07 19:03:01,Tablet,247364.0
8265,841,2026-08-22 08:46:06,Unknown,60158.0
8266,567,2024-12-24 08:23:42,Mobile,210864.0
8267,1125,2024-06-25 20:44:15,Desktop,307853.0
8268,1052,2026-01-06 11:43:48,Tablet,175838.0
8269,95,2026-09-06 05:02:22,Desktop,173952.0
8270,924,2025-06-13 07:17:16,Smart TV,140764.0
8271,1131,2026-07-18 10:02:45,Unknown,258030.0
8272,601,2026-04-07 16:40:04,Smart TV,194111.0
8273,669,2024-03-24 12:36:19,Tablet,93802.0
8274,342,2025-02-14 23:13:44,Mobile,33243.0
8275,1106,2026-02-27 04:42:10,Mobile,63461.0
8276,34,2024-01-15 23:10:25,Mobile,62524.0
8277,863,2025-10-15 17:32:20,Unknown,200810.0
8278,550,2025-03-08 11:26:04,Tablet,243836.0
8279,302,2024-06-01 06:35:21,Tablet,270134.0
8280,1122,2024-04-15 14:31:01,Web,201865.0
8281,1099,2026-04-18 07:54:09,Unknown,241979.0
8282,307,2024-08-21 06:03:32,Web,108985.0
8283,284,2024-10-01 02:35:59,Mobile,157292.0
8284,1057,2024-08-07 20:15:01,Mobile,122182.0
8285,521,2026-02-14 19:46:48,Tablet,183526.0
8286,342,2025-11-17 05:58:26,Desktop,72193.0
8287,362,2025-05-29 10:57:45,Smart TV,201815.0
8288,245,2025-09-08 21:15:07,Tablet,121185.0
8289,193,2026-02-23 18:31:59,Mobile,181506.0
8290,492,2025-10-20 08:15:24,Web,195518.0
8291,366,2024-03-23 09:27:53,Web,160790.0
8292,528,2025-04-02 04:46:40,Mobile,55388.0
8293,541,2025-06-12 22:13:30,Smart TV,365388.0
8294,540,2026-03-01 09:15:24,Web,77879.0
8295,927,2024-07-24 01:09:33,Web,120828.0
8296,107,2025-06-21 07:43:10,Web,279053.0
8297,456,2024-05-28 01:50:05,Mobile,137969.0
8298,820,2025-11-05 00:09:40,Desktop,274604.0
8299,5,2025-10-16 16:33:08,Unknown,163202.0
8300,782,2025-05-09 13:13:55,Tablet,171166.0
8301,905,2026-07-15 17:42:49,Unknown,188949.0
8302,650,2025-04-24 08:31:59,Desktop,133581.0
8303,1028,2024-08-04 18:09:40,Mobile,145622.0
8304,378,2024-09-09 19:26:54,Tablet,136245.0
8305,597,2026-03-11 02:02:22,Web,86726.0
8306,940,2025-01-23 03:48:50,Unknown,369151.0
8307,1075,2024-05-02 05:35:05,Smart TV,256329.0
8308,821,2024-06-07 10:11:22,Tablet,109862.0
8309,724,2024-06-11 05:49:17,Smart TV,139317.0
8310,672,2025-03-12 04:13:03,Smart TV,245862.0
8311,310,2024-02-25 02:52:17,Mobile,217189.0
8312,131,2024-04-25 16:14:45,Unknown,154075.0
8313,802,2025-04-10 16:44:03,Web,261759.0
8314,230,2024-02-14 15:14:31,Web,101957.0
8315,534,2025-12-09 22:01:19,Tablet,311916.0
8316,87,2026-03-15 17:52:30,Smart TV,178069.0
8317,1007,2025-06-15 18:45:34,Desktop,154616.0
8318,587,2026-02-08 20:57:25,Unknown,352556.0
8319,4,2026-07-30 00:21:12,Mobile,122409.0
8320,1093,2025-05-06 04:23:02,Unknown,164503.0
8321,38,2026-04-08 07:08:06,Desktop,170280.0
8322,1044,2026-08-23 00:21:20,Desktop,112323.0
8323,216,2026-04-26 09:04:34,Desktop,152483.0
8324,1170,2025-01-13 01:02:59,Tablet,204065.0
8325,1118,2024-04-20 22:26:38,Tablet,138223.0
8326,1160,2025-04-18 08:18:40,Tablet,64252.0
8327,273,2026-06-14 17:30:42,Desktop,116131.0
8328,1069,2024-08-28 20:56:12,Tablet,153059.0
8329,193,2025-10-06 01:25:10,Smart TV,187951.0
8330,943,2025-07-29 15:06:01,Desktop,289556.0
8331,1112,2024-03-06 14:06:31,Web,197504.0
8332,1117,2025-02-06 17:27:52,Unknown,39703.0
8333,1102,2026-02-06 14:49:00,Web,194363.0
8334,562,2025-08-23 02:20:22,Mobile,86130.0
8335,217,2024-12-17 09:33:55,Desktop,129386.0
8336,662,2024-12-08 16:43:31,Tablet,131737.0
8337,96,2025-06-22 17:59:52,Desktop,56543.0
8338,460,2024-01-17 04:46:39,Desktop,70367.0
8339,993,2025-12-08 13:33:22,Desktop,81064.0
8340,998,2026-03-08 05:21:32,Unknown,120154.0
8341,546,2024-08-14 10:27:21,Desktop,77097.0
8342,1111,2024-06-11 15:13:01,Tablet,121790.0
8343,900,2024-05-15 16:56:04,Tablet,206171.0
8344,1043,2025-12-18 10:00:59,Unknown,190628.0
8345,617,2026-09-02 14:20:51,Smart TV,291711.0
8346,587,2026-07-07 02:13:05,Desktop,269605.0
8347,532,2025-12-08 23:32:48,Unknown,225026.0
8348,1033,2025-05-16 03:25:00,Smart TV,177169.0
8349,325,2025-09-20 04:34:52,Smart TV,185162.0
8350,396,2025-02-02 00:42:28,Tablet,146972.0
8351,5,2026-07-25 19:47:46,Mobile,271348.0
8352,48,2024-02-02 17:33:14,Desktop,334880.0
8353,240,2026-05-06 18:52:29,Smart TV,320056.0
8354,417,2025-05-03 23:16:43,Smart TV,108438.0
8355,98,2024-07-31 06:40:41,Tablet,51403.0
8356,182,2025-10-01 07:14:25,Desktop,59417.0
8357,973,2026-06-14 09:24:02,Web,199615.0
8358,717,2026-01-13 10:19:31,Desktop,160776.0
8359,909,2025-06-15 17:59:47,Web,160634.0
8360,579,2026-03-27 15:56:46,Smart TV,256108.0
8361,156,2025-04-11 11:21:09,Tablet,45343.0
8362,794,2025-04-05 20:41:48,Desktop,213604.0
8363,12,2025-11-28 13:41:12,Tablet,82805.0
8364,1090,2026-06-08 06:01:06,Tablet,107778.0
8365,269,2024-11-20 22:01:48,Desktop,190283.0
8366,61,2025-07-11 17:55:32,Tablet,109517.0
8367,60,2025-09-06 02:32:53,Desktop,89866.0
8368,169,2026-08-23 05:52:29,Unknown,370043.0
8369,1138,2024-04-24 13:18:05,Desktop,123293.0
8370,797,2024-06-24 06:12:23,Unknown,135782.0
8371,210,2025-09-14 07:16:25,Tablet,120724.0
8372,591,2024-10-24 08:22:02,Tablet,200741.0
8373,377,2026-06-23 18:12:22,Mobile,128921.0
8374,344,2024-12-29 04:49:46,Desktop,63344.0
8375,96,2025-07-30 02:31:58,Unknown,136789.0
8376,242,2024-06-06 10:37:04,Unknown,154710.0
8377,858,2025-03-17 16:59:03,Mobile,102113.0
8378,1004,2024-06-22 21:43:35,Tablet,322465.0
8379,443,2026-06-15 17:18:54,Smart TV,117073.0
8380,1096,2026-08-26 09:23:19,Unknown,240197.0
8381,209,2025-12-31 21:40:48,Tablet,233091.0
8382,205,2025-07-23 10:34:45,Desktop,264866.0
8383,6,2025-06-04 09:53:47,Web,247790.0
8384,512,2026-03-19 18:40:18,Web,142391.0
8385,81,2025-01-17 14:40:40,Web,236521.0
8386,1192,2026-05-17 07:47:43,Mobile,270083.0
8387,97,2026-05-05 16:48:48,Smart TV,104256.0
8388,971,2024-06-17 05:04:04,Smart TV,164224.0
8389,658,2024-02-18 04:41:16,Desktop,303999.0
8390,241,2025-11-08 05:41:53,Smart TV,227950.0
8391,346,2025-01-16 09:47:48,Tablet,244169.0
8392,750,2026-08-09 11:27:47,Mobile,234109.0
8393,928,2025-08-13 11:32:55,Smart TV,233809.0
8394,962,2026-09-16 16:01:52,Smart TV,97015.0
8395,994,2025-06-16 06:57:49,Web,126295.0
8396,165,2025-02-20 07:20:19,Desktop,161579.0
8397,829,2026-02-11 17:34:45,Tablet,138873.0
8398,1185,2026-05-06 01:24:00,Desktop,177214.0
8399,348,2025-09-24 04:03:16,Mobile,184467.0
8400,446,2025-02-13 02:30:33,Web,141170.0
8401,622,2024-09-13 00:55:26,Mobile,234559.0
8402,742,2025-01-26 12:07:10,Unknown,49105.0
8403,1071,2024-10-14 20:24:13,Web,148297.0
8404,1169,2024-07-02 04:36:57,Unknown,156117.0
8405,823,2024-02-04 04:52:12,Web,101684.0
8406,132,2024-03-24 17:45:11,Tablet,156033.0
8407,832,2024-07-12 15:07:43,Unknown,179793.0
8408,95,2024-12-24 19:37:12,Smart TV,99183.0
8409,13,2025-11-07 09:34:13,Mobile,106838.0
8410,998,2025-01-18 22:04:20,Smart TV,104828.0
8411,135,2026-06-20 01:12:53,Web,236362.0
8412,814,2024-07-24 23:29:02,Smart TV,52525.0
8413,814,2024-04-16 06:32:13,Tablet,132665.0
8414,997,2025-01-03 12:11:50,Smart TV,209147.0
8415,977,2025-07-05 18:37:20,Smart TV,351142.0
8416,1055,2025-10-12 01:34:15,Mobile,259252.0
8417,1177,2025-07-16 18:28:22,Web,172403.0
8418,973,2024-07-17 06:34:43,Tablet,58374.0
8419,662,2024-10-27 11:34:47,Unknown,212759.0
8420,947,2024-01-24 14:26:52,Web,29207.0
8421,695,2025-07-19 18:28:41,Web,197581.0
8422,849,2024-10-17 08:26:01,Unknown,387301.0
8423,748,2024-11-11 02:59:47,Web,303510.0
8424,873,2025-01-07 05:28:24,Mobile,142617.0
8425,706,2026-04-16 13:56:16,Tablet,95427.0
8426,1157,2025-07-04 02:57:32,Desktop,197291.0
8427,923,2026-04-07 21:24:15,Web,47616.0
8428,522,2025-02-11 08:40:16,Web,171057.0
8429,838,2024-02-10 14:33:12,Web,369147.0
8430,1156,2026-03-08 07:19:01,Web,183186.0
8431,674,2025-12-12 19:36:52,Unknown,75364.0
8432,461,2024-08-20 23:48:31,Unknown,72147.0
8433,317,2025-01-01 10:23:57,Unknown,116373.0
8434,338,2025-05-28 22:56:38,Smart TV,154616.0
8435,880,2025-03-21 11:43:08,Smart TV,109438.0
8436,180,2024-02-05 20:39:29,Tablet,35281.0
8437,169,2024-01-01 01:25:44,Unknown,59863.0
8438,857,2025-02-12 14:54:14,Mobile,218798.0
8439,1041,2026-01-04 18:37:14,Web,211574.0
8440,1189,2026-07-03 02:31:49,Smart TV,92593.0
8441,996,2026-03-07 15:04:22,Unknown,91701.0
8442,605,2026-08-14 05:53:28,Desktop,89291.0
8443,273,2026-04-12 20:53:41,Web,45826.0
8444,416,2025-04-12 11:55:51,Desktop,239852.0
8445,986,2024-03-15 21:33:59,Smart TV,154727.0
8446,239,2025-01-19 06:05:17,Desktop,83339.0
8447,436,2025-06-27 00:54:21,Smart TV,61478.0
8448,92,2024-04-28 15:57:58,Web,112417.0
8449,632,2025-02-09 00:43:05,Tablet,187469.0
8450,769,2024-09-28 20:55:02,Mobile,54217.0
8451,934,2025-07-14 07:21:43,Desktop,38245.0
8452,456,2024-04-28 11:36:33,Tablet,153576.0
8453,1022,2025-01-21 06:18:04,Mobile,77435.0
8454,62,2026-05-09 23:12:15,Web,109156.0
8455,219,2025-01-23 10:12:05,Unknown,149337.0
8456,788,2025-06-24 21:01:59,Desktop,204396.0
8457,930,2025-11-21 07:00:54,Tablet,254860.0
8458,806,2024-02-02 05:48:07,Tablet,273270.0
8459,847,2024-08-08 13:06:05,Unknown,126511.0
8460,35,2024-03-10 05:08:22,Tablet,34405.0
8461,166,2024-09-25 21:33:25,Web,254277.0
8462,392,2026-06-25 12:15:55,Mobile,189666.0
8463,172,2026-03-03 20:50:20,Unknown,160753.0
8464,1000,2024-02-29 12:15:36,Web,245758.0
8465,525,2025-01-04 21:23:12,Desktop,204515.0
8466,145,2024-01-05 04:58:53,Tablet,32075.0
8467,1117,2025-11-13 17:20:33,Desktop,31845.0
8468,880,2024-01-23 10:29:13,Mobile,334286.0
8469,13,2024-02-04 10:25:26,Smart TV,157144.0
8470,725,2024-05-27 02:56:38,Web,42468.0
8471,1129,2025-03-17 11:25:19,Web,93513.0
8472,888,2026-08-21 18:49:52,Desktop,146786.0
8473,113,2026-09-02 23:25:25,Mobile,134114.0
8474,943,2024-03-31 00:38:38,Smart TV,135733.0
8475,440,2025-09-06 05:13:37,Unknown,225625.0
8476,843,2026-02-11 20:52:34,Mobile,235520.0
8477,779,2024-09-14 18:47:59,Desktop,250779.0
8478,685,2026-02-15 19:05:42,Unknown,303898.0
8479,385,2026-08-27 20:26:42,Unknown,199591.0
8480,684,2024-03-25 16:49:30,Mobile,304874.0
8481,623,2025-04-20 17:35:24,Desktop,37585.0
8482,15,2025-12-04 16:15:44,Desktop,154650.0
8483,349,2025-01-05 12:28:59,Unknown,115885.0
8484,629,2024-08-09 20:20:03,Smart TV,120648.0
8485,331,2026-06-05 04:38:31,Desktop,161783.0
8486,623,2025-06-26 07:40:44,Unknown,131385.0
8487,281,2026-07-05 08:26:34,Smart TV,243655.0
8488,526,2025-03-10 17:34:34,Mobile,153527.0
8489,510,2025-06-26 02:02:45,Unknown,240707.0
8490,605,2026-07-09 03:05:52,Mobile,122383.0
8491,435,2025-08-21 18:01:19,Mobile,86231.0
8492,41,2024-10-09 09:50:42,Mobile,115409.0
8493,1196,2025-07-06 01:56:39,Desktop,343504.0
8494,521,2024-02-12 21:06:48,Mobile,247201.0
8495,1084,2026-08-03 17:30:11,Web,366691.0
8496,1079,2025-02-05 13:36:00,Desktop,118384.0
8497,334,2024-12-25 06:44:16,Tablet,156925.0
8498,721,2025-04-23 12:13:03,Web,123374.0
8499,639,2024-05-24 21:09:54,Mobile,62803.0
8500,178,2025-09-09 07:39:09,Desktop,86770.0
8501,836,2026-04-24 16:03:52,Desktop,79025.0
8502,355,2024-04-02 15:27:02,Web,120460.0
8503,358,2024-07-14 18:32:22,Tablet,165797.0
8504,1122,2025-04-05 02:45:24,Mobile,218991.0
8505,456,2025-11-11 11:34:56,Tablet,92800.0
8506,452,2024-05-03 06:26:15,Desktop,77865.0
8507,1060,2025-01-27 07:45:37,Mobile,167480.0
8508,1005,2024-12-12 23:16:35,Smart TV,78690.0
8509,410,2025-10-08 10:50:00,Unknown,298668.0
8510,885,2024-08-10 02:16:18,Smart TV,211818.0
8511,656,2025-07-03 12:57:46,Smart TV,214924.0
8512,730,2024-11-03 22:55:02,Tablet,248524.0
8513,139,2024-12-19 23:11:03,Desktop,245240.0
8514,59,2025-10-17 08:54:52,Web,244074.0
8515,1081,2026-08-11 03:44:46,Unknown,332684.0
8516,639,2025-10-14 04:37:10,Unknown,211223.0
8517,409,2025-02-22 19:22:27,Mobile,212406.0
8518,943,2024-11-16 00:51:31,Unknown,127448.0
8519,711,2026-08-28 12:51:15,Smart TV,183945.0
8520,613,2026-04-05 21:40:08,Tablet,215613.0
8521,823,2026-03-25 22:03:21,Mobile,365194.0
8522,763,2025-07-22 19:12:54,Mobile,248681.0
8523,1030,2025-03-24 04:35:24,Mobile,219835.0
8524,382,2026-06-22 15:05:48,Web,105778.0
8525,832,2024-06-21 23:35:53,Smart TV,238402.0
8526,100,2025-01-18 23:15:55,Mobile,336648.0
8527,827,2025-10-01 17:31:45,Web,154616.0
8528,506,2024-12-07 05:32:25,Desktop,280219.0
8529,138,2025-09-11 10:49:36,Unknown,295088.0
8530,3,2025-12-10 04:46:09,Unknown,233414.0
8531,216,2024-02-02 17:15:07,Smart TV,240372.0
8532,749,2025-09-30 05:06:01,Desktop,73139.0
8533,74,2026-04-06 07:23:04,Tablet,337539.0
8534,126,2024-11-28 14:55:01,Desktop,272653.0
8535,168,2025-03-29 05:00:45,Mobile,242385.0
8536,574,2026-05-10 14:23:06,Mobile,118285.0
8537,1076,2025-12-09 14:03:50,Mobile,207006.0
8538,137,2025-08-02 19:33:52,Desktop,160588.0
8539,717,2024-01-21 11:37:52,Tablet,78909.0
8540,389,2024-04-21 19:55:26,Desktop,72362.0
8541,736,2024-10-26 16:08:16,Tablet,43611.0
8542,1024,2024-07-16 09:19:02,Unknown,280248.0
8543,44,2026-08-12 12:27:09,Smart TV,154616.0
8544,521,2026-02-08 17:34:40,Unknown,64892.0
8545,788,2025-12-09 04:43:45,Smart TV,224621.0
8546,1123,2025-12-07 04:01:42,Web,83166.0
8547,480,2026-02-10 22:24:54,Smart TV,127710.0
8548,274,2026-03-10 00:49:14,Tablet,295377.0
8549,513,2026-01-16 12:37:26,Web,133079.0
8550,1098,2024-11-04 01:58:20,Unknown,83657.0
8551,991,2025-01-22 00:12:39,Mobile,92836.0
8552,868,2026-02-14 15:47:36,Desktop,242741.0
8553,919,2025-08-27 06:59:18,Web,273949.0
8554,522,2026-07-12 09:52:01,Unknown,88655.0
8555,79,2025-02-19 16:01:18,Mobile,205689.0
8556,16,2026-05-21 20:16:04,Unknown,114317.0
8557,567,2024-10-29 07:16:41,Mobile,283484.0
8558,1063,2024-09-19 06:04:59,Web,113195.0
8559,553,2024-07-08 08:20:24,Desktop,120208.0
8560,529,2025-08-02 16:36:42,Tablet,68337.0
8561,859,2025-06-16 22:31:32,Unknown,312530.0
8562,397,2024-06-18 05:52:23,Desktop,196991.0
8563,690,2024-01-27 06:42:29,Smart TV,191531.0
8564,536,2025-10-28 14:24:04,Desktop,154616.0
8565,1061,2024-09-17 17:55:07,Smart TV,354420.0
8566,20,2024-12-13 19:13:07,Unknown,246584.0
8567,1006,2026-01-15 12:11:44,Mobile,96407.0
8568,329,2026-01-10 01:38:36,Unknown,33956.0
8569,308,2024-08-07 10:14:21,Mobile,84575.0
8570,385,2024-08-19 19:50:33,Web,160286.0
8571,764,2026-07-30 07:39:10,Mobile,174047.0
8572,257,2024-04-09 11:25:39,Tablet,139076.0
8573,407,2025-02-16 13:44:50,Desktop,144768.0
8574,834,2026-06-11 12:20:10,Web,198641.0
8575,146,2025-09-12 21:00:28,Web,196445.0
8576,234,2026-05-09 08:00:16,Web,303488.0
8577,646,2026-01-13 11:40:40,Smart TV,113722.0
8578,1020,2025-05-24 06:54:49,Web,119337.0
8579,320,2025-07-08 07:36:32,Tablet,51568.0
8580,807,2024-04-21 14:28:29,Desktop,321283.0
8581,614,2024-07-08 18:38:48,Mobile,145990.0
8582,695,2024-09-22 04:05:33,Tablet,127518.0
8583,952,2025-04-12 00:12:26,Web,208420.0
8584,1176,2024-04-26 02:34:21,Web,355601.0
8585,65,2026-08-24 15:36:20,Smart TV,134481.0
8586,813,2024-12-27 03:28:55,Smart TV,287442.0
8587,989,2025-12-01 23:19:13,Tablet,281069.0
8588,36,2025-04-14 12:58:42,Desktop,187821.0
8589,1052,2024-09-11 09:29:30,Tablet,354045.0
8590,443,2024-08-14 10:59:40,Web,191110.0
8591,223,2024-12-08 19:21:56,Desktop,58580.0
8592,108,2025-08-31 10:53:54,Tablet,127387.0
8593,875,2025-04-03 14:51:54,Unknown,332357.0
8594,887,2024-03-26 06:06:30,Unknown,70244.0
8595,448,2024-08-23 10:52:09,Smart TV,120431.0
8596,1188,2026-05-13 13:59:51,Desktop,256007.0
8597,1043,2025-08-24 05:27:05,Tablet,178396.0
8598,207,2026-04-06 10:25:20,Smart TV,145840.0
8599,437,2026-02-10 12:20:12,Tablet,247011.0
8600,98,2025-06-15 08:10:50,Unknown,35808.0
8601,801,2025-12-05 18:44:20,Web,178976.0
8602,918,2025-06-20 15:54:16,Desktop,235116.0
8603,269,2024-01-04 16:39:27,Mobile,40315.0
8604,828,2025-09-23 09:13:14,Tablet,139152.0
8605,294,2025-02-07 21:56:53,Mobile,178877.0
8606,1033,2026-01-02 17:00:02,Web,256811.0
8607,468,2026-01-07 20:48:26,Mobile,213242.0
8608,719,2026-02-08 09:53:54,Tablet,53402.0
8609,1195,2024-11-02 21:54:09,Mobile,117683.0
8610,251,2026-07-26 17:30:50,Web,81590.0
8611,269,2024-05-25 16:09:41,Mobile,86995.0
8612,344,2026-05-04 06:03:35,Tablet,204851.0
8613,1159,2025-10-20 07:57:40,Mobile,213532.0
8614,102,2026-01-31 08:35:19,Desktop,141759.0
8615,179,2025-07-23 20:37:34,Web,385649.0
8616,1193,2026-08-09 06:31:58,Mobile,104951.0
8617,309,2025-07-09 22:49:01,Tablet,136859.0
8618,1178,2026-01-13 23:17:28,Desktop,109969.0
8619,206,2025-10-29 12:11:42,Tablet,53685.0
8620,891,2025-03-23 16:06:20,Unknown,293259.0
8621,265,2026-01-25 21:02:58,Smart TV,198237.0
8622,38,2024-08-06 11:43:51,Smart TV,95171.0
8623,555,2024-06-02 23:46:46,Web,129543.0
8624,1165,2026-05-18 18:14:07,Tablet,156749.0
8625,994,2025-02-11 22:40:57,Smart TV,143870.0
8626,579,2026-09-16 18:52:26,Desktop,223650.0
8627,165,2024-06-01 08:39:36,Web,100590.0
8628,419,2026-02-14 18:11:43,Smart TV,47702.0
8629,294,2024-08-19 12:09:48,Desktop,79829.0
8630,782,2024-04-01 04:02:13,Tablet,61346.0
8631,1094,2025-04-30 02:06:13,Smart TV,172341.0
8632,332,2026-05-07 22:35:42,Web,156344.0
8633,620,2025-05-30 17:56:43,Mobile,269563.0
8634,1165,2025-03-16 09:16:59,Smart TV,225932.0
8635,1175,2025-09-16 10:10:40,Tablet,174088.0
8636,722,2025-02-18 01:36:25,Tablet,86072.0
8637,694,2025-07-21 15:03:39,Tablet,122113.0
8638,682,2024-08-24 04:59:34,Web,76761.0
8639,442,2025-09-19 07:37:02,Mobile,65007.0
8640,1169,2025-07-30 07:35:34,Desktop,62626.0
8641,1110,2026-08-05 14:27:25,Unknown,304001.0
8642,898,2026-06-19 23:22:40,Desktop,153841.0
8643,388,2026-06-04 14:18:25,Tablet,116460.0
8644,18,2025-11-21 07:57:31,Tablet,124637.0
8645,888,2024-11-25 19:35:36,Web,283335.0
8646,826,2026-03-12 04:13:56,Smart TV,146207.0
8647,692,2024-11-05 11:53:24,Desktop,156241.0
8648,790,2026-02-06 07:38:13,Tablet,166549.0
8649,233,2024-08-01 22:32:15,Desktop,91403.0
8650,361,2024-08-03 02:06:57,Desktop,229001.0
8651,199,2024-02-28 08:24:25,Tablet,229866.0
8652,1125,2026-04-14 06:46:17,Tablet,310849.0
8653,914,2025-07-30 07:49:28,Mobile,178954.0
8654,358,2024-08-25 07:18:50,Unknown,85386.0
8655,1166,2026-04-11 07:55:37,Unknown,280399.0
8656,711,2025-09-03 00:14:56,Tablet,82628.0
8657,266,2025-09-25 05:38:05,Desktop,171269.0
8658,910,2024-01-15 10:24:21,Web,107881.0
8659,15,2025-11-08 20:06:34,Unknown,297129.0
8660,968,2025-12-23 10:48:09,Mobile,151889.0
8661,463,2025-09-10 05:39:30,Smart TV,136334.0
8662,1188,2025-03-08 11:21:53,Desktop,270622.0
8663,887,2025-07-28 08:09:54,Unknown,39433.0
8664,40,2026-01-01 07:56:27,Desktop,389008.0
8665,889,2026-02-06 16:36:07,Desktop,232370.0
8666,829,2024-03-12 10:53:33,Smart TV,156494.0
8667,848,2024-03-19 22:03:27,Smart TV,71483.0
8668,179,2026-07-16 11:38:05,Unknown,233904.0
8669,154,2024-01-12 14:29:25,Web,163945.0
8670,310,2026-03-28 21:03:45,Mobile,116032.0
8671,1005,2026-01-31 18:22:17,Web,114519.0
8672,1071,2025-08-17 07:39:30,Mobile,261308.0
8673,80,2025-11-27 20:22:20,Mobile,120617.0
8674,15,2025-05-07 05:45:49,Desktop,108586.0
8675,1020,2024-11-03 16:00:47,Mobile,124402.0
8676,633,2024-09-30 04:30:03,Tablet,13084.0
8677,417,2024-11-10 09:48:33,Smart TV,108500.0
8678,598,2024-05-21 09:42:39,Smart TV,230426.0
8679,1027,2024-12-05 19:59:09,Mobile,106121.0
8680,319,2024-08-08 21:15:14,Desktop,101012.0
8681,168,2024-02-26 21:57:15,Mobile,56527.0
8682,192,2024-01-11 10:38:13,Smart TV,158247.0
8683,1184,2025-12-21 06:22:12,Web,192009.0
8684,186,2024-01-29 05:33:12,Web,300268.0
8685,95,2024-11-25 22:05:50,Mobile,205868.0
8686,772,2026-02-19 05:44:25,Web,129678.0
8687,136,2026-08-26 19:57:29,Smart TV,139791.0
8688,1106,2025-09-17 15:06:37,Smart TV,37748.0
8689,1093,2025-03-24 06:48:26,Unknown,126202.0
8690,41,2024-11-04 06:11:40,Unknown,289294.0
8691,1119,2025-10-05 03:12:29,Web,37032.0
8692,130,2024-02-18 01:03:28,Web,192975.0
8693,367,2024-08-04 01:43:24,Smart TV,84830.0
8694,847,2025-07-24 05:51:49,Mobile,243767.0
8695,656,2026-06-27 05:32:01,Tablet,339773.0
8696,54,2024-02-13 11:17:11,Mobile,220076.0
8697,747,2024-10-07 15:15:07,Mobile,107085.0
8698,1037,2024-11-03 23:25:07,Unknown,188074.0
8699,179,2025-05-01 00:31:23,Mobile,362949.0
8700,580,2025-05-05 07:40:14,Smart TV,246434.0
8701,1145,2025-07-10 16:03:53,Desktop,138661.0
8702,330,2024-06-18 19:00:47,Desktop,363043.0
8703,473,2025-11-26 06:59:28,Desktop,143838.0
8704,152,2024-03-02 07:51:25,Mobile,96438.0
8705,291,2024-09-01 07:48:39,Web,107093.0
8706,49,2025-03-23 06:19:56,Unknown,202232.0
8707,758,2025-04-29 01:56:25,Tablet,287067.0
8708,414,2024-06-20 18:28:40,Web,377941.0
8709,197,2025-01-24 03:38:16,Web,106169.0
8710,451,2026-04-08 11:05:00,Unknown,110969.0
8711,1031,2025-08-09 05:30:22,Unknown,306104.0
8712,646,2025-04-08 10:25:32,Unknown,229077.0
8713,477,2024-07-19 08:23:42,Desktop,68130.0
8714,91,2025-11-13 12:20:22,Mobile,114393.0
8715,738,2025-11-09 18:41:47,Mobile,241868.0
8716,881,2024-05-08 21:55:47,Tablet,91203.0
8717,69,2026-01-21 21:43:09,Mobile,235592.0
8718,1167,2025-11-01 09:09:20,Desktop,290941.0
8719,488,2024-08-06 02:26:49,Tablet,56427.0
8720,420,2025-12-14 19:18:35,Web,109391.0
8721,689,2025-02-16 20:04:34,Mobile,188791.0
8722,321,2026-07-01 04:58:46,Web,31950.0
8723,390,2025-07-11 10:49:02,Unknown,239041.0
8724,1181,2026-06-15 05:34:11,Desktop,188971.0
8725,378,2026-09-05 10:11:38,Desktop,85207.0
8726,758,2026-06-18 21:37:59,Unknown,68588.0
8727,343,2024-02-15 04:09:46,Smart TV,170752.0
8728,1038,2026-08-09 08:13:18,Smart TV,154616.0
8729,155,2026-03-31 23:44:22,Unknown,129653.0
8730,64,2025-07-29 08:01:30,Smart TV,138814.0
8731,495,2024-11-12 22:05:43,Desktop,284775.0
8732,196,2025-01-11 13:05:07,Tablet,66507.0
8733,951,2026-06-03 11:40:03,Web,63015.0
8734,269,2026-04-16 19:53:26,Unknown,99344.0
8735,325,2024-09-18 00:50:17,Mobile,271335.0
8736,68,2024-05-17 11:23:17,Unknown,243220.0
8737,685,2026-05-27 19:39:01,Mobile,63781.0
8738,93,2024-07-08 05:17:35,Web,223850.0
8739,27,2025-11-18 19:18:56,Unknown,237956.0
8740,1000,2025-12-21 18:48:58,Desktop,227724.0
8741,710,2024-03-24 22:52:29,Unknown,139400.0
8742,328,2026-04-03 15:47:41,Web,133629.0
8743,1199,2024-05-22 19:23:13,Smart TV,232817.0
8744,477,2026-08-20 10:08:15,Unknown,338358.0
8745,383,2025-05-11 23:23:44,Unknown,168199.0
8746,408,2025-09-24 05:29:14,Mobile,31767.0
8747,752,2026-01-28 23:39:54,Web,131059.0
8748,387,2026-01-24 08:24:42,Tablet,43660.0
8749,558,2025-07-22 04:03:50,Tablet,151453.0
8750,293,2025-12-08 14:10:07,Desktop,225943.0
8751,490,2025-11-20 17:55:49,Web,262018.0
8752,24,2024-05-26 22:11:06,Mobile,44997.0
8753,1117,2024-04-18 00:16:12,Mobile,78137.0
8754,614,2024-01-13 17:53:51,Smart TV,75138.0
8755,1101,2026-03-22 15:54:31,Desktop,49005.0
8756,517,2025-06-02 11:07:43,Desktop,277519.0
8757,122,2024-12-07 07:45:54,Unknown,95192.0
8758,981,2024-12-10 12:54:29,Desktop,39855.0
8759,1136,2024-05-28 19:13:57,Smart TV,165679.0
8760,165,2024-08-26 16:38:42,Web,187085.0
8761,1056,2025-07-02 01:03:00,Desktop,197299.0
8762,993,2024-05-04 11:11:54,Web,139612.0
8763,292,2025-06-30 11:07:17,Smart TV,142689.0
8764,440,2026-02-18 23:00:07,Tablet,253220.0
8765,910,2024-06-30 01:54:50,Desktop,82275.0
8766,1076,2024-08-16 05:38:24,Web,204776.0
8767,536,2024-09-01 05:07:09,Mobile,205001.0
8768,328,2025-01-23 12:50:11,Desktop,142927.0
8769,538,2025-01-10 20:22:42,Unknown,275696.0
8770,508,2024-05-03 01:03:38,Unknown,173640.0
8771,573,2026-01-08 19:31:40,Unknown,226980.0
8772,191,2024-09-16 08:34:46,Desktop,257387.0
8773,971,2024-08-18 17:46:12,Tablet,127294.0
8774,95,2025-08-23 20:52:11,Mobile,100665.0
8775,1094,2026-06-07 23:21:03,Mobile,186335.0
8776,414,2026-04-26 05:15:06,Desktop,147242.0
8777,147,2026-01-09 10:22:38,Desktop,198166.0
8778,720,2024-09-23 15:56:27,Smart TV,121071.0
8779,121,2024-06-21 11:42:34,Unknown,92054.0
8780,801,2024-07-14 10:35:14,Web,244252.0
8781,235,2026-05-25 23:32:32,Unknown,102713.0
8782,227,2025-07-25 02:03:27,Tablet,164181.0
8783,277,2024-05-27 23:30:13,Tablet,196444.0
8784,879,2025-02-28 13:07:49,Unknown,56751.0
8785,216,2025-10-16 09:25:48,Desktop,154616.0
8786,918,2024-10-11 11:32:43,Smart TV,193037.0
8787,715,2026-05-27 21:10:19,Web,248933.0
8788,37,2025-05-14 15:38:06,Smart TV,155143.0
8789,473,2025-03-01 10:30:10,Desktop,304038.0
8790,1015,2024-04-24 06:34:52,Mobile,61527.0
8791,1023,2024-03-02 23:37:27,Web,323456.0
8792,1087,2024-07-30 00:45:17,Tablet,116901.0
8793,804,2024-08-10 05:25:56,Smart TV,65863.0
8794,736,2025-12-05 11:38:36,Smart TV,310284.0
8795,542,2025-11-30 10:36:15,Smart TV,140847.0
8796,467,2024-11-29 05:13:58,Desktop,154616.0
8797,611,2024-02-17 06:04:47,Smart TV,369445.0
8798,573,2026-03-10 00:08:15,Unknown,198058.0
8799,1199,2024-07-27 09:42:13,Unknown,287201.0
8800,802,2024-10-13 17:18:38,Desktop,244512.0
8801,746,2024-08-12 22:36:21,Smart TV,209155.0
8802,336,2026-03-30 03:49:48,Unknown,156076.0
8803,854,2024-05-16 15:03:41,Tablet,192854.0
8804,1104,2025-09-09 23:23:49,Unknown,210424.0
8805,979,2024-03-03 03:16:12,Mobile,74214.0
8806,845,2025-01-31 15:59:36,Mobile,132762.0
8807,938,2025-10-26 16:18:19,Mobile,259462.0
8808,612,2024-09-28 17:42:51,Web,218312.0
8809,700,2024-08-18 08:09:00,Smart TV,314795.0
8810,935,2025-09-04 03:41:07,Smart TV,171734.0
8811,308,2026-03-22 09:56:52,Mobile,118011.0
8812,822,2024-08-14 01:24:18,Tablet,45833.0
8813,355,2024-07-31 07:52:10,Tablet,177648.0
8814,1192,2026-06-15 02:46:31,Desktop,199644.0
8815,748,2026-06-03 15:14:44,Mobile,100170.0
8816,1032,2026-08-30 16:31:24,Unknown,196450.0
8817,787,2024-05-25 13:56:52,Tablet,225922.0
8818,978,2025-03-24 08:00:19,Mobile,109544.0
8819,724,2026-05-15 23:12:31,Web,261827.0
8820,844,2025-06-19 12:29:41,Tablet,154616.0
8821,603,2025-04-04 22:27:03,Unknown,199989.0
8822,336,2025-08-22 08:31:22,Unknown,175516.0
8823,204,2025-02-01 14:59:06,Unknown,291129.0
8824,84,2025-07-11 16:11:53,Tablet,134560.0
8825,807,2025-07-06 13:57:17,Smart TV,111638.0
8826,1004,2025-04-08 15:34:16,Desktop,137041.0
8827,763,2024-05-11 17:17:53,Smart TV,154616.0
8828,740,2025-01-11 00:24:25,Web,129779.0
8829,234,2025-12-27 07:07:37,Tablet,389520.0
8830,1175,2024-02-22 03:33:28,Desktop,56678.0
8831,1115,2025-10-23 04:46:17,Unknown,52365.0
8832,961,2025-09-03 00:26:15,Unknown,321289.0
8833,1190,2025-11-03 18:17:47,Smart TV,150728.0
8834,254,2026-07-27 18:48:17,Mobile,85258.0
8835,849,2025-03-12 09:30:06,Unknown,68258.0
8836,8,2024-05-14 20:25:30,Desktop,54776.0
8837,617,2024-10-28 14:07:27,Smart TV,159192.0
8838,668,2024-04-04 17:13:13,Smart TV,257221.0
8839,816,2025-02-23 06:40:08,Smart TV,263817.0
8840,108,2024-11-01 07:57:05,Desktop,138898.0
8841,1170,2024-06-28 07:11:54,Tablet,245290.0
8842,543,2024-01-26 22:40:09,Smart TV,209638.0
8843,160,2025-04-11 14:45:13,Web,282193.0
8844,918,2025-03-31 10:47:41,Web,75878.0
8845,1164,2025-07-20 09:32:03,Unknown,283006.0
8846,936,2024-01-27 11:43:17,Tablet,105741.0
8847,274,2025-03-19 09:45:11,Web,304418.0
8848,291,2025-08-24 15:01:53,Web,139532.0
8849,966,2024-04-23 18:14:29,Unknown,197598.0
8850,880,2025-02-23 19:41:00,Unknown,59218.0
8851,235,2026-01-13 01:40:31,Smart TV,36462.0
8852,1166,2025-04-27 17:06:26,Mobile,173792.0
8853,108,2024-07-02 05:49:51,Desktop,32745.0
8854,881,2024-11-11 04:45:36,Desktop,110887.0
8855,704,2024-11-23 06:34:41,Mobile,77699.0
8856,339,2024-09-23 12:14:24,Unknown,156096.0
8857,223,2024-05-31 00:50:39,Unknown,61635.0
8858,54,2025-08-13 09:11:44,Tablet,74214.0
8859,825,2024-12-07 09:30:07,Web,96639.0
8860,200,2025-03-31 14:10:50,Tablet,141319.0
8861,452,2025-03-07 11:02:19,Mobile,192632.0
8862,362,2025-02-21 05:22:15,Smart TV,232093.0
8863,760,2025-11-23 17:52:42,Unknown,55074.0
8864,393,2025-12-29 03:36:59,Mobile,94339.0
8865,831,2024-04-13 10:54:02,Tablet,109718.0
8866,750,2026-08-21 19:14:37,Mobile,219706.0
8867,1194,2026-04-12 00:46:36,Unknown,134360.0
8868,1121,2024-04-26 20:05:51,Smart TV,120312.0
8869,147,2024-03-02 09:23:17,Mobile,80234.0
8870,215,2024-08-16 15:22:20,Tablet,64624.0
8871,111,2026-06-16 14:01:02,Smart TV,289893.0
8872,1055,2024-11-17 19:37:17,Mobile,361130.0
8873,292,2025-10-21 16:46:12,Mobile,230826.0
8874,689,2024-07-14 19:42:39,Unknown,271919.0
8875,1039,2025-12-12 22:42:05,Web,170332.0
8876,370,2026-05-07 21:01:32,Desktop,184668.0
8877,1165,2026-01-31 16:50:26,Tablet,268799.0
8878,7,2026-06-06 01:06:41,Unknown,134530.0
8879,397,2024-06-17 23:46:23,Smart TV,198849.0
8880,640,2025-10-12 10:57:06,Web,154616.0
8881,274,2026-08-23 07:28:21,Mobile,294038.0
8882,1130,2025-01-31 13:15:45,Unknown,142760.0
8883,390,2026-08-19 08:07:35,Mobile,108118.0
8884,470,2024-11-01 06:05:17,Web,258669.0
8885,897,2025-10-22 10:17:29,Smart TV,121931.0
8886,450,2024-06-22 11:31:50,Mobile,72956.0
8887,683,2026-06-22 15:16:58,Mobile,61814.0
8888,364,2024-10-13 08:13:59,Smart TV,82699.0
8889,1173,2026-09-05 05:36:04,Unknown,78121.0
8890,817,2024-04-26 16:50:14,Unknown,94100.0
8891,419,2025-12-25 01:21:46,Smart TV,46893.0
8892,1067,2024-10-04 04:30:24,Desktop,178034.0
8893,556,2024-02-27 14:14:10,Web,192324.0
8894,539,2024-04-29 08:16:16,Desktop,293899.0
8895,12,2026-07-23 03:44:34,Mobile,291912.0
8896,1130,2026-08-27 23:19:52,Tablet,185253.0
8897,1033,2024-07-25 01:37:55,Desktop,227322.0
8898,424,2026-06-18 16:55:02,Unknown,56687.0
8899,86,2024-08-09 23:36:14,Mobile,388007.0
8900,1017,2024-06-17 22:33:08,Desktop,97822.0
8901,1032,2025-04-13 06:50:06,Desktop,257110.0
8902,1175,2025-01-13 04:15:13,Desktop,200374.0
8903,1100,2026-01-19 12:13:47,Tablet,84552.0
8904,496,2024-05-02 13:48:50,Desktop,288840.0
8905,969,2025-06-09 15:28:44,Web,64394.0
8906,1096,2026-08-06 16:03:42,Web,340708.0
8907,803,2026-07-25 03:28:48,Smart TV,61759.0
8908,714,2026-08-10 11:34:33,Mobile,142018.0
8909,216,2024-02-06 21:43:29,Smart TV,234694.0
8910,226,2024-12-08 13:55:14,Tablet,211047.0
8911,692,2025-09-20 16:09:07,Mobile,267701.0
8912,233,2026-08-26 04:44:54,Unknown,236364.0
8913,1065,2024-03-09 00:18:44,Tablet,128528.0
8914,665,2025-10-03 06:35:13,Web,101683.0
8915,733,2024-10-23 12:56:30,Web,65645.0
8916,535,2025-07-07 18:50:50,Unknown,189521.0
8917,90,2025-01-31 20:53:20,Tablet,41462.0
8918,973,2025-06-11 19:13:38,Tablet,172470.0
8919,592,2025-09-28 23:19:10,Web,202433.0
8920,574,2026-05-15 00:02:24,Smart TV,179504.0
8921,1188,2026-02-13 01:16:20,Web,252379.0
8922,100,2024-12-19 23:26:19,Tablet,92742.0
8923,1176,2025-09-24 00:40:21,Smart TV,154616.0
8924,953,2025-05-25 07:03:47,Tablet,55699.0
8925,186,2024-12-03 08:22:04,Desktop,45047.0
8926,424,2024-07-26 14:06:14,Mobile,297523.0
8927,708,2024-05-24 20:32:51,Desktop,178162.0
8928,1108,2024-11-10 03:40:54,Unknown,129147.0
8929,920,2025-08-25 23:00:50,Web,65013.0
8930,452,2026-08-01 09:03:02,Tablet,55951.0
8931,1043,2026-03-11 09:28:05,Unknown,314814.0
8932,36,2024-11-07 02:52:31,Desktop,112770.0
8933,281,2024-04-09 04:41:07,Unknown,198858.0
8934,668,2024-11-04 23:42:56,Tablet,127731.0
8935,718,2024-01-16 05:18:19,Unknown,177862.0
8936,150,2024-01-19 02:34:06,Mobile,94841.0
8937,1014,2024-04-14 08:59:08,Tablet,276646.0
8938,1003,2024-08-25 00:32:17,Web,316212.0
8939,196,2025-12-23 11:03:04,Mobile,140387.0
8940,916,2024-07-13 17:57:53,Desktop,93361.0
8941,365,2026-08-21 10:51:46,Mobile,27831.0
8942,211,2024-06-11 02:44:32,Smart TV,123156.0
8943,421,2026-07-10 23:53:02,Mobile,230235.0
8944,561,2024-12-11 13:16:35,Tablet,246465.0
8945,33,2024-09-14 08:41:43,Smart TV,48680.0
8946,1099,2026-06-11 15:28:05,Smart TV,151400.0
8947,602,2025-02-12 22:13:06,Unknown,230110.0
8948,413,2025-01-26 08:48:49,Mobile,75890.0
8949,1165,2024-10-16 19:02:20,Web,59601.0
8950,391,2024-03-28 21:12:07,Mobile,208674.0
8951,1076,2025-04-28 01:12:35,Mobile,49313.0
8952,1056,2025-04-25 02:04:10,Smart TV,287678.0
8953,468,2026-06-30 22:37:33,Smart TV,84378.0
8954,1103,2026-03-10 08:25:05,Smart TV,85138.0
8955,574,2024-06-10 12:09:18,Tablet,303219.0
8956,360,2024-08-31 05:08:48,Tablet,158899.0
8957,842,2026-05-04 20:47:56,Web,172811.0
8958,918,2025-11-25 17:51:47,Smart TV,86749.0
8959,322,2024-09-18 21:31:53,Desktop,149362.0
8960,178,2024-09-09 08:23:33,Mobile,82476.0
8961,806,2024-03-14 18:49:26,Web,157023.0
8962,828,2024-01-21 13:01:08,Desktop,189519.0
8963,918,2024-09-15 13:30:16,Unknown,42300.0
8964,833,2025-09-24 13:03:12,Mobile,262841.0
8965,880,2026-01-24 21:13:34,Desktop,74898.0
8966,1070,2025-11-22 02:34:15,Mobile,45921.0
8967,380,2024-11-23 14:16:10,Web,101833.0
8968,974,2025-03-22 01:43:49,Web,102987.0
8969,302,2024-09-29 03:57:08,Smart TV,107462.0
8970,646,2025-01-19 05:38:32,Mobile,163706.0
8971,526,2025-02-17 10:48:34,Mobile,118486.0
8972,899,2024-06-13 11:07:32,Smart TV,193106.0
8973,21,2026-09-11 12:59:44,Desktop,273912.0
8974,985,2026-02-13 19:15:27,Smart TV,113687.0
8975,778,2026-03-23 21:57:51,Unknown,287110.0
8976,987,2026-07-21 06:45:05,Web,131987.0
8977,346,2025-05-09 18:34:00,Desktop,109469.0
8978,1104,2025-11-14 17:53:50,Mobile,159667.0
8979,274,2026-02-11 18:22:27,Desktop,89859.0
8980,573,2026-05-04 21:14:04,Smart TV,196735.0
8981,919,2025-09-15 20:39:09,Tablet,228093.0
8982,151,2025-08-19 11:20:46,Unknown,254593.0
8983,1130,2024-05-04 06:27:46,Mobile,204362.0
8984,22,2024-10-28 01:20:25,Desktop,254540.0
8985,294,2024-11-27 18:58:35,Web,299950.0
8986,1067,2024-03-14 01:05:58,Smart TV,93531.0
8987,153,2026-08-22 14:05:48,Desktop,166633.0
8988,1097,2026-01-26 15:16:06,Desktop,245004.0
8989,53,2024-12-10 09:34:10,Tablet,70950.0
8990,54,2026-01-16 17:36:13,Web,188839.0
8991,952,2026-02-23 17:36:08,Tablet,36283.0
8992,769,2024-05-21 00:36:07,Desktop,210093.0
8993,396,2025-01-24 04:34:10,Web,198247.0
8994,500,2025-11-20 20:22:54,Tablet,72423.0
8995,678,2026-08-25 14:05:40,Web,243470.0
8996,604,2026-06-02 08:13:23,Desktop,138133.0
8997,40,2024-11-14 13:05:06,Smart TV,248096.0
8998,449,2025-12-25 20:04:22,Web,167838.0
8999,283,2024-10-24 01:44:54,Web,157632.0
9000,648,2026-03-18 03:11:29,Unknown,312024.0
9001,818,2025-10-20 13:52:50,Tablet,154616.0
9002,1052,2024-02-15 21:04:06,Web,151824.0
9003,433,2025-08-16 23:17:26,Web,359172.0
9004,1079,2025-10-03 18:37:07,Web,98249.0
9005,1002,2024-02-27 06:08:13,Unknown,47453.0
9006,800,2025-02-16 01:34:39,Unknown,63073.0
9007,373,2025-06-21 03:24:43,Smart TV,118526.0
9008,717,2026-06-28 15:49:10,Mobile,176797.0
9009,988,2025-07-19 04:01:08,Web,261808.0
9010,529,2025-11-22 20:06:40,Mobile,210473.0
9011,142,2024-11-19 08:47:07,Smart TV,170560.0
9012,796,2026-02-19 23:16:38,Tablet,157751.0
9013,403,2024-10-16 16:58:42,Desktop,185502.0
9014,604,2025-10-20 05:09:33,Tablet,155498.0
9015,550,2026-04-11 12:25:17,Mobile,296809.0
9016,224,2026-02-24 11:58:54,Unknown,236195.0
9017,158,2026-07-04 14:53:36,Smart TV,295326.0
9018,630,2025-11-18 02:05:41,Smart TV,125854.0
9019,856,2024-01-29 02:46:19,Unknown,196859.0
9020,781,2026-05-23 03:29:33,Unknown,320009.0
9021,965,2024-08-20 00:37:14,Unknown,119892.0
9022,59,2024-06-02 16:37:00,Unknown,211843.0
9023,275,2026-08-25 18:04:00,Tablet,116615.0
9024,876,2025-10-01 21:17:15,Desktop,130067.0
9025,217,2025-05-01 10:38:13,Web,161910.0
9026,1139,2025-08-18 19:52:57,Tablet,220077.0
9027,868,2025-07-29 10:46:16,Unknown,231504.0
9028,1142,2024-01-24 14:15:49,Web,251990.0
9029,766,2025-04-22 20:57:14,Unknown,107788.0
9030,931,2024-07-20 20:07:52,Smart TV,185687.0
9031,926,2025-08-14 21:41:09,Tablet,250781.0
9032,165,2024-12-18 15:27:05,Desktop,54489.0
9033,465,2026-05-27 05:52:00,Smart TV,144645.0
9034,442,2025-09-01 03:17:13,Tablet,185059.0
9035,582,2026-03-08 21:55:28,Tablet,109091.0
9036,924,2025-02-06 19:03:26,Web,151615.0
9037,1195,2026-07-18 14:52:26,Mobile,76624.0
9038,1093,2026-03-20 02:55:10,Desktop,145890.0
9039,546,2024-02-09 21:09:05,Tablet,206121.0
9040,904,2026-03-01 22:57:51,Smart TV,178858.0
9041,648,2025-03-05 07:56:33,Web,338169.0
9042,120,2025-02-26 01:48:55,Mobile,46564.0
9043,785,2026-04-12 06:38:53,Smart TV,114910.0
9044,984,2024-06-15 16:33:49,Desktop,165116.0
9045,440,2024-06-28 06:28:16,Smart TV,155079.0
9046,409,2024-03-07 20:33:08,Web,193688.0
9047,397,2025-03-06 21:10:29,Desktop,122223.0
9048,95,2024-02-15 15:40:30,Smart TV,153190.0
9049,324,2025-03-08 16:41:58,Smart TV,90649.0
9050,1198,2024-03-29 23:14:33,Mobile,135516.0
9051,150,2024-06-10 22:31:28,Unknown,171883.0
9052,524,2025-12-03 12:59:22,Smart TV,132802.0
9053,565,2025-01-30 00:59:32,Mobile,151717.0
9054,3,2025-03-17 23:17:53,Desktop,241721.0
9055,1124,2024-12-05 07:17:21,Web,43817.0
9056,962,2025-12-12 23:47:46,Web,214242.0
9057,374,2024-06-02 05:30:59,Mobile,224731.0
9058,38,2026-02-26 14:00:45,Unknown,239060.0
9059,980,2025-10-24 16:26:55,Web,113947.0
9060,278,2025-10-15 02:02:47,Mobile,41935.0
9061,432,2026-07-30 10:23:05,Smart TV,154616.0
9062,1126,2025-04-23 06:17:52,Web,58554.0
9063,879,2025-03-03 19:06:43,Mobile,226578.0
9064,1143,2024-05-03 17:48:06,Mobile,127780.0
9065,889,2025-05-10 03:57:26,Smart TV,76881.0
9066,703,2025-06-03 08:13:37,Web,393177.0
9067,1105,2024-01-03 23:01:07,Smart TV,222302.0
9068,734,2025-07-12 03:42:19,Smart TV,246406.0
9069,336,2024-06-20 05:34:29,Mobile,194144.0
9070,1113,2025-01-20 02:17:32,Desktop,134412.0
9071,43,2025-12-27 13:14:05,Smart TV,34724.0
9072,484,2025-09-08 20:53:05,Web,91893.0
9073,1085,2025-07-14 02:36:53,Unknown,138588.0
9074,1144,2024-05-28 09:28:07,Unknown,190406.0
9075,960,2025-08-03 11:00:48,Web,217245.0
9076,232,2025-11-17 17:00:23,Smart TV,226638.0
9077,183,2026-05-01 21:51:36,Desktop,93781.0
9078,483,2025-08-20 06:34:28,Unknown,154616.0
9079,990,2026-04-09 14:00:06,Desktop,45029.0
9080,210,2025-02-05 12:22:01,Mobile,353436.0
9081,1140,2025-04-15 05:27:45,Mobile,180214.0
9082,680,2025-11-05 02:45:21,Tablet,175000.0
9083,1097,2024-08-07 02:15:02,Unknown,176884.0
9084,1046,2024-03-30 14:22:08,Desktop,187542.0
9085,169,2025-09-07 08:51:00,Mobile,56413.0
9086,180,2026-09-08 20:26:16,Web,106222.0
9087,328,2025-05-04 08:16:28,Smart TV,75706.0
9088,807,2024-12-25 14:58:07,Web,187253.0
9089,221,2024-06-09 18:35:28,Mobile,188851.0
9090,509,2026-09-10 18:47:52,Unknown,83204.0
9091,1162,2024-12-28 21:09:10,Desktop,230336.0
9092,327,2024-07-04 09:38:00,Web,226479.0
9093,522,2026-03-21 09:35:58,Smart TV,31395.0
9094,176,2026-05-22 12:34:58,Desktop,173675.0
9095,275,2024-02-23 21:30:55,Unknown,212069.0
9096,569,2026-04-18 19:40:29,Unknown,141677.0
9097,1149,2024-06-21 12:41:15,Tablet,231736.0
9098,244,2024-10-28 07:59:14,Mobile,56489.0
9099,989,2024-06-23 10:10:13,Web,147514.0
9100,158,2025-06-08 06:22:01,Tablet,56705.0
9101,848,2024-04-26 16:27:09,Smart TV,154616.0
9102,228,2024-07-23 12:23:02,Web,128642.0
9103,906,2026-06-01 07:08:42,Mobile,83875.0
9104,734,2025-04-20 02:09:16,Tablet,225096.0
9105,767,2025-08-17 06:48:04,Unknown,154688.0
9106,383,2026-03-19 17:27:26,Desktop,216271.0
9107,4,2025-12-17 09:31:52,Unknown,235686.0
9108,1102,2026-02-13 02:37:11,Mobile,204108.0
9109,897,2024-05-26 03:07:41,Mobile,178272.0
9110,371,2025-12-20 15:41:48,Mobile,167803.0
9111,792,2026-07-22 17:17:44,Desktop,65516.0
9112,297,2026-01-18 10:38:54,Smart TV,74968.0
9113,332,2024-04-09 00:36:09,Desktop,154616.0
9114,383,2024-01-20 21:04:11,Unknown,51590.0
9115,251,2026-05-07 21:00:51,Web,72126.0
9116,137,2026-03-11 11:59:51,Mobile,236841.0
9117,141,2025-12-24 18:47:31,Smart TV,116823.0
9118,474,2024-03-22 08:23:13,Tablet,129909.0
9119,1064,2025-04-28 06:32:18,Mobile,132430.0
9120,431,2026-07-25 01:29:13,Tablet,127647.0
9121,961,2025-11-17 14:31:53,Tablet,185174.0
9122,15,2024-01-15 17:37:36,Tablet,275530.0
9123,875,2024-10-15 05:43:34,Unknown,255198.0
9124,71,2025-09-12 16:50:23,Web,162489.0
9125,504,2026-05-12 21:22:16,Tablet,207288.0
9126,661,2026-05-22 11:13:36,Unknown,320770.0
9127,944,2025-10-04 23:37:03,Unknown,118001.0
9128,687,2026-04-08 04:25:18,Web,204152.0
9129,350,2025-11-18 08:06:58,Desktop,82401.0
9130,764,2026-01-04 20:15:29,Web,274481.0
9131,131,2024-01-10 19:08:00,Mobile,220719.0
9132,909,2024-04-08 00:03:02,Web,194863.0
9133,1097,2024-11-28 08:51:41,Unknown,54095.0
9134,888,2024-10-21 14:27:01,Smart TV,233207.0
9135,276,2026-04-24 12:19:55,Smart TV,95412.0
9136,678,2024-08-29 18:37:13,Unknown,263481.0
9137,922,2026-03-23 15:49:59,Desktop,133947.0
9138,564,2025-04-27 19:04:47,Mobile,78555.0
9139,24,2026-05-17 04:18:35,Tablet,248035.0
9140,1066,2025-08-05 17:29:18,Smart TV,116769.0
9141,1190,2026-02-25 07:20:15,Mobile,41282.0
9142,707,2025-11-25 02:40:04,Unknown,113048.0
9143,39,2025-05-20 01:43:01,Web,143946.0
9144,238,2025-09-05 13:42:58,Desktop,135965.0
9145,489,2026-02-06 00:54:33,Mobile,133659.0
9146,29,2024-04-27 17:25:56,Web,140564.0
9147,336,2024-11-23 05:52:36,Smart TV,73281.0
9148,245,2025-09-05 07:56:14,Unknown,35880.0
9149,608,2026-04-24 17:45:11,Mobile,296400.0
9150,1084,2025-05-05 12:50:29,Tablet,122317.0
9151,1147,2024-07-27 05:53:38,Web,143643.0
9152,740,2026-07-26 04:07:50,Unknown,123044.0
9153,837,2026-01-30 21:45:29,Desktop,113428.0
9154,502,2024-07-06 10:02:37,Web,177503.0
9155,253,2025-03-04 22:28:08,Desktop,200347.0
9156,1018,2026-04-11 17:14:31,Mobile,99841.0
9157,631,2024-08-23 20:29:07,Tablet,293669.0
9158,1051,2025-07-15 09:56:21,Unknown,87515.0
9159,770,2026-01-11 22:44:21,Web,109339.0
9160,737,2026-01-21 07:56:08,Desktop,289437.0
9161,1067,2024-09-24 00:40:24,Smart TV,181153.0
9162,886,2026-08-15 21:45:52,Unknown,140617.0
9163,546,2026-08-10 11:08:56,Tablet,53256.0
9164,615,2024-06-02 12:22:53,Smart TV,67852.0
9165,1192,2024-08-25 00:11:53,Mobile,325871.0
9166,151,2024-04-10 23:34:48,Desktop,247205.0
9167,233,2025-10-28 06:54:36,Unknown,223928.0
9168,35,2026-07-31 05:59:11,Web,29541.0
9169,877,2025-10-04 23:32:51,Desktop,91900.0
9170,416,2025-07-03 15:36:46,Mobile,172391.0
9171,157,2025-07-12 15:38:31,Desktop,37157.0
9172,884,2025-11-24 09:51:21,Tablet,280387.0
9173,682,2026-08-26 19:41:47,Unknown,30588.0
9174,155,2025-06-08 11:18:07,Smart TV,44586.0
9175,495,2024-12-28 01:18:14,Tablet,125305.0
9176,619,2025-08-24 16:44:50,Desktop,157029.0
9177,374,2024-06-17 19:09:53,Desktop,102731.0
9178,472,2025-03-08 14:50:28,Mobile,311199.0
9179,377,2024-08-16 12:13:08,Mobile,94681.0
9180,1020,2025-10-07 20:53:20,Mobile,150216.0
9181,242,2026-05-23 20:19:15,Mobile,79459.0
9182,508,2024-01-29 11:44:35,Mobile,59187.0
9183,37,2024-12-26 23:20:24,Unknown,101982.0
9184,1178,2025-03-05 01:52:01,Desktop,155327.0
9185,445,2024-02-06 21:30:30,Unknown,68138.0
9186,923,2025-02-17 18:45:34,Desktop,107590.0
9187,535,2026-03-21 23:25:02,Web,97996.0
9188,666,2025-06-02 05:39:53,Desktop,247159.0
9189,977,2024-07-31 09:02:24,Desktop,154616.0
9190,15,2024-10-05 16:36:49,Desktop,71241.0
9191,483,2024-10-18 23:44:42,Unknown,52908.0
9192,96,2024-05-03 04:34:41,Mobile,155116.0
9193,591,2024-01-13 00:08:30,Web,81462.0
9194,275,2024-02-22 17:46:16,Tablet,269362.0
9195,1014,2026-01-21 23:54:20,Web,117585.0
9196,853,2026-04-26 15:12:16,Smart TV,269248.0
9197,77,2025-10-08 09:29:32,Unknown,292582.0
9198,973,2024-07-18 16:36:00,Desktop,213466.0
9199,766,2026-09-10 08:42:58,Web,216149.0
9200,877,2026-01-28 06:01:13,Unknown,51615.0
9201,616,2025-04-14 14:43:44,Smart TV,170768.0
9202,629,2026-03-12 21:00:49,Mobile,47556.0
9203,316,2025-01-24 03:55:38,Mobile,220891.0
9204,756,2024-04-13 10:49:58,Web,41178.0
9205,609,2024-02-28 02:06:02,Tablet,159445.0
9206,823,2024-12-09 15:49:41,Tablet,56329.0
9207,756,2024-10-04 09:54:29,Smart TV,124837.0
9208,1160,2026-04-24 16:59:47,Smart TV,246983.0
9209,137,2024-06-13 08:57:12,Mobile,109990.0
9210,672,2024-05-16 06:30:28,Mobile,23787.0
9211,184,2024-12-31 00:55:58,Unknown,149955.0
9212,554,2024-06-23 00:50:46,Smart TV,39718.0
9213,280,2026-03-06 06:45:08,Web,57061.0
9214,357,2024-07-10 00:53:24,Mobile,203013.0
9215,1122,2025-10-31 13:05:14,Smart TV,160051.0
9216,433,2024-10-22 04:01:08,Smart TV,265495.0
9217,306,2024-07-31 01:26:14,Web,293218.0
9218,1010,2024-04-11 23:12:39,Tablet,60805.0
9219,911,2025-04-22 09:14:59,Tablet,142663.0
9220,737,2024-08-01 13:14:04,Tablet,325776.0
9221,653,2026-06-08 08:59:15,Unknown,163933.0
9222,1169,2024-12-14 04:21:58,Web,105537.0
9223,509,2025-03-07 01:58:02,Desktop,79007.0
9224,588,2024-08-28 00:04:58,Tablet,331337.0
9225,829,2026-01-18 01:11:10,Mobile,103713.0
9226,612,2024-11-03 05:36:52,Unknown,177938.0
9227,103,2025-08-04 13:53:50,Smart TV,204846.0
9228,680,2025-12-17 17:41:12,Web,144070.0
9229,729,2026-09-07 00:36:32,Smart TV,154616.0
9230,414,2025-08-09 12:22:12,Web,221292.0
9231,14,2025-10-04 11:40:24,Desktop,297350.0
9232,797,2024-12-18 08:41:57,Web,99957.0
9233,971,2025-02-24 18:17:25,Web,167927.0
9234,812,2025-07-15 08:34:16,Mobile,243763.0
9235,1077,2024-08-30 10:03:54,Smart TV,108539.0
9236,743,2025-01-06 09:31:59,Mobile,236908.0
9237,566,2024-06-30 21:27:44,Desktop,113578.0
9238,877,2025-08-12 08:54:25,Mobile,99261.0
9239,317,2026-06-16 03:44:10,Web,48087.0
9240,1169,2025-06-16 01:29:58,Unknown,176619.0
9241,590,2025-02-02 00:57:28,Web,110557.0
9242,1188,2024-08-06 00:44:59,Smart TV,269580.0
9243,405,2024-11-13 21:58:12,Mobile,89965.0
9244,766,2026-01-30 11:46:07,Unknown,137596.0
9245,1178,2024-02-10 09:30:02,Desktop,92091.0
9246,853,2024-07-09 08:05:02,Unknown,115229.0
9247,434,2024-03-16 05:39:45,Tablet,188123.0
9248,255,2024-04-30 01:28:53,Desktop,67876.0
9249,1123,2024-01-27 01:13:25,Tablet,268801.0
9250,1058,2024-04-06 20:48:10,Smart TV,255758.0
9251,23,2025-12-11 15:09:26,Tablet,225722.0
9252,1039,2024-11-01 07:16:45,Smart TV,337574.0
9253,657,2024-02-03 21:45:03,Tablet,130963.0
9254,136,2025-11-10 06:33:03,Tablet,144725.0
9255,92,2024-04-20 09:48:36,Tablet,37621.0
9256,472,2024-10-13 13:42:42,Tablet,355065.0
9257,544,2025-05-04 23:53:57,Desktop,127261.0
9258,649,2026-04-15 07:48:57,Web,245796.0
9259,1060,2024-01-13 03:17:24,Desktop,309161.0
9260,756,2025-06-17 10:14:33,Mobile,120416.0
9261,73,2024-07-28 06:38:39,Mobile,127775.0
9262,229,2026-07-23 22:08:53,Smart TV,84851.0
9263,124,2026-05-15 04:01:22,Web,162223.0
9264,746,2025-01-07 12:53:08,Tablet,48434.0
9265,189,2026-04-25 16:59:01,Mobile,290509.0
9266,617,2024-06-12 14:03:39,Web,256984.0
9267,465,2025-02-25 18:00:11,Web,97258.0
9268,184,2024-03-29 00:34:40,Desktop,154351.0
9269,805,2026-07-03 10:01:54,Web,257254.0
9270,977,2024-09-21 19:09:13,Web,263637.0
9271,287,2025-01-15 05:27:51,Mobile,136672.0
9272,908,2025-05-15 21:16:09,Desktop,154616.0
9273,905,2024-06-28 13:02:19,Desktop,95774.0
9274,1018,2024-07-21 09:22:10,Tablet,53955.0
9275,152,2025-09-24 02:12:13,Mobile,26808.0
9276,51,2024-06-21 09:07:46,Mobile,107899.0
9277,272,2025-04-05 16:49:39,Smart TV,137155.0
9278,273,2025-01-17 21:11:48,Tablet,89517.0
9279,968,2024-10-29 10:51:42,Tablet,52758.0
9280,637,2025-05-28 10:27:02,Unknown,101566.0
9281,360,2026-03-19 17:42:21,Unknown,69402.0
9282,305,2024-03-20 22:38:44,Web,87740.0
9283,969,2025-07-24 20:30:35,Desktop,185863.0
9284,886,2025-05-06 04:01:51,Tablet,149600.0
9285,604,2026-02-16 21:24:53,Unknown,219318.0
9286,1161,2025-09-05 23:25:26,Desktop,49576.0
9287,1088,2025-12-05 04:37:13,Mobile,101038.0
9288,628,2024-12-24 23:29:44,Tablet,197083.0
9289,954,2024-09-01 07:40:57,Tablet,78475.0
9290,977,2024-02-17 08:04:30,Unknown,356734.0
9291,562,2026-05-11 06:11:13,Unknown,338273.0
9292,320,2025-05-23 02:09:58,Unknown,95508.0
9293,474,2024-10-11 11:08:40,Smart TV,186485.0
9294,430,2026-04-05 23:59:21,Web,97800.0
9295,1166,2025-03-19 12:18:55,Mobile,226062.0
9296,30,2024-03-13 13:33:22,Mobile,52650.0
9297,1088,2024-04-05 12:47:01,Tablet,173580.0
9298,1091,2024-03-14 05:58:09,Unknown,78753.0
9299,1149,2025-06-23 14:59:32,Tablet,129811.0
9300,355,2024-08-25 05:23:37,Mobile,87113.0
9301,505,2025-11-03 21:19:24,Web,131636.0
9302,542,2025-08-12 10:25:08,Mobile,154616.0
9303,962,2025-02-15 19:52:25,Mobile,262949.0
9304,440,2026-04-30 05:45:54,Smart TV,125461.0
9305,386,2024-02-28 18:36:33,Desktop,61981.0
9306,457,2025-03-25 13:02:16,Unknown,239759.0
9307,704,2025-11-27 09:58:18,Unknown,304836.0
9308,251,2026-08-19 16:04:40,Unknown,169200.0
9309,397,2024-01-06 02:26:45,Web,104617.0
9310,1040,2025-04-11 14:16:33,Web,99623.0
9311,1154,2024-03-16 15:19:02,Web,150395.0
9312,688,2025-10-13 03:23:04,Tablet,195662.0
9313,793,2024-09-13 05:36:47,Mobile,42816.0
9314,233,2025-05-06 03:23:15,Desktop,141650.0
9315,356,2026-04-15 04:34:11,Unknown,189332.0
9316,582,2024-12-04 07:17:51,Unknown,184172.0
9317,650,2024-03-24 13:59:48,Mobile,153377.0
9318,1121,2025-11-08 00:34:04,Mobile,156547.0
9319,58,2025-06-15 11:50:18,Mobile,176144.0
9320,560,2026-02-26 05:48:26,Smart TV,59321.0
9321,815,2025-12-10 03:53:46,Unknown,208130.0
9322,949,2025-08-28 19:43:52,Unknown,148144.0
9323,1180,2025-12-13 02:54:14,Tablet,128572.0
9324,1024,2024-01-23 19:03:22,Web,175467.0
9325,917,2026-07-19 09:29:59,Mobile,171349.0
9326,865,2026-05-17 17:41:40,Smart TV,49336.0
9327,967,2024-02-20 20:56:44,Smart TV,148711.0
9328,1120,2025-07-01 12:00:35,Desktop,68403.0
9329,48,2024-07-25 20:16:04,Desktop,383107.0
9330,1057,2025-01-09 17:02:35,Mobile,137915.0
9331,691,2026-08-28 10:30:07,Web,211297.0
9332,38,2025-02-12 18:43:16,Mobile,207602.0
9333,217,2025-07-10 20:08:17,Unknown,124981.0
9334,1004,2026-05-14 19:28:55,Mobile,230373.0
9335,1146,2026-03-04 11:39:53,Smart TV,45344.0
9336,843,2025-04-08 13:38:07,Smart TV,145317.0
9337,1171,2024-11-20 10:34:26,Desktop,28234.0
9338,589,2026-09-14 06:42:43,Tablet,252581.0
9339,784,2025-08-24 22:31:25,Desktop,144767.0
9340,724,2025-04-20 00:47:51,Web,66057.0
9341,712,2024-03-08 22:46:44,Unknown,86388.0
9342,128,2024-06-27 08:03:10,Tablet,220157.0
9343,388,2024-02-15 07:23:28,Unknown,116832.0
9344,954,2025-02-05 01:52:08,Unknown,96463.0
9345,377,2026-01-25 15:22:57,Desktop,93853.0
9346,309,2024-12-23 20:40:27,Desktop,251210.0
9347,906,2025-03-12 06:07:19,Tablet,154616.0
9348,1126,2026-05-27 13:05:42,Desktop,93956.0
9349,900,2026-04-01 04:56:40,Smart TV,330621.0
9350,949,2025-01-12 09:58:58,Web,161799.0
9351,1183,2025-05-24 07:47:15,Web,394089.0
9352,496,2025-04-28 09:17:58,Unknown,143710.0
9353,125,2026-08-28 18:26:42,Mobile,207463.0
9354,821,2025-07-28 05:03:05,Smart TV,113473.0
9355,106,2024-10-11 21:04:42,Tablet,172855.0
9356,612,2024-05-18 16:14:10,Tablet,301933.0
9357,144,2025-03-15 07:43:36,Mobile,185410.0
9358,74,2024-10-02 16:17:23,Unknown,98918.0
9359,1087,2026-08-17 19:34:28,Desktop,202817.0
9360,1185,2025-03-29 20:28:48,Mobile,311070.0
9361,1150,2026-08-21 16:01:55,Web,183444.0
9362,345,2026-07-03 10:55:43,Web,195652.0
9363,510,2024-03-30 01:37:03,Tablet,273734.0
9364,445,2026-04-10 05:11:41,Smart TV,41099.0
9365,967,2025-10-30 09:36:45,Desktop,212707.0
9366,698,2026-04-22 09:35:39,Tablet,72767.0
9367,1055,2024-08-08 03:55:37,Mobile,282010.0
9368,1117,2024-03-03 08:38:07,Smart TV,194539.0
9369,215,2024-11-05 19:42:20,Mobile,149186.0
9370,677,2026-02-03 11:11:03,Tablet,99548.0
9371,271,2026-08-04 17:59:18,Tablet,196736.0
9372,1116,2026-04-08 14:26:21,Mobile,234623.0
9373,1011,2024-10-13 18:25:56,Web,192247.0
9374,853,2025-11-02 15:59:45,Desktop,137180.0
9375,390,2024-06-24 19:33:37,Desktop,144828.0
9376,686,2024-01-09 11:01:24,Mobile,180650.0
9377,995,2024-10-26 05:02:58,Tablet,169105.0
9378,1116,2026-07-08 10:51:56,Smart TV,373668.0
9379,892,2026-03-23 03:05:23,Mobile,350559.0
9380,171,2024-03-12 15:45:49,Desktop,288085.0
9381,554,2025-12-21 04:10:33,Unknown,157422.0
9382,839,2024-02-24 16:36:48,Mobile,109444.0
9383,1197,2026-08-18 14:33:23,Desktop,196187.0
9384,838,2026-01-21 06:35:43,Smart TV,79494.0
9385,370,2026-01-18 00:40:32,Mobile,94087.0
9386,639,2024-03-10 01:15:57,Web,206120.0
9387,440,2024-07-05 21:18:12,Web,148638.0
9388,9,2025-11-11 12:31:33,Unknown,306949.0
9389,800,2024-10-19 05:23:27,Unknown,223166.0
9390,253,2025-12-25 17:53:49,Smart TV,100094.0
9391,282,2026-04-03 17:54:57,Tablet,156740.0
9392,1167,2025-05-17 01:21:00,Web,183995.0
9393,798,2024-05-25 00:37:51,Web,102459.0
9394,725,2025-05-01 02:40:07,Smart TV,162068.0
9395,977,2024-07-23 10:15:06,Mobile,301156.0
9396,521,2024-05-28 03:19:54,Unknown,62315.0
9397,1144,2026-03-02 02:49:33,Unknown,228027.0
9398,780,2026-04-21 11:22:27,Mobile,136051.0
9399,1013,2024-02-28 06:58:41,Tablet,218977.0
9400,598,2024-06-26 16:49:53,Unknown,81474.0
9401,543,2024-05-26 10:50:12,Web,184166.0
9402,1166,2024-05-16 04:40:03,Smart TV,309022.0
9403,200,2025-03-07 10:35:13,Tablet,60068.0
9404,1171,2025-01-03 05:56:09,Unknown,67004.0
9405,576,2026-03-16 13:14:36,Smart TV,192782.0
9406,447,2025-09-10 17:30:57,Mobile,43145.0
9407,286,2026-01-19 01:37:33,Smart TV,85170.0
9408,731,2025-10-13 21:03:14,Web,215769.0
9409,958,2024-11-19 14:44:12,Smart TV,173405.0
9410,865,2025-05-22 13:43:51,Web,124114.0
9411,1178,2026-01-01 03:22:40,Mobile,66923.0
9412,805,2026-07-27 21:16:14,Web,306326.0
9413,25,2024-08-05 06:02:42,Mobile,129654.0
9414,867,2025-12-19 09:18:55,Desktop,140186.0
9415,582,2026-01-08 10:26:44,Web,141318.0
9416,818,2024-04-07 00:28:49,Tablet,18557.0
9417,393,2024-11-18 22:36:22,Tablet,41666.0
9418,206,2026-02-21 22:30:22,Web,293255.0
9419,155,2026-02-20 10:39:41,Tablet,124923.0
9420,176,2025-07-03 08:15:40,Tablet,151505.0
9421,937,2025-08-13 01:12:27,Tablet,37459.0
9422,444,2026-02-22 09:18:13,Smart TV,43422.0
9423,734,2024-02-06 21:29:42,Desktop,120957.0
9424,663,2024-10-05 13:33:32,Web,83398.0
9425,77,2024-05-08 22:07:21,Unknown,331770.0
9426,306,2025-12-05 01:35:12,Tablet,275560.0
9427,659,2024-01-03 06:57:41,Unknown,369540.0
9428,199,2025-01-03 12:15:58,Tablet,379632.0
9429,755,2025-08-07 06:17:36,Unknown,361423.0
9430,900,2024-04-23 15:46:43,Desktop,188956.0
9431,777,2026-04-09 01:40:38,Unknown,46110.0
9432,964,2026-02-24 00:00:37,Unknown,121991.0
9433,510,2024-06-03 12:55:48,Mobile,89528.0
9434,588,2024-09-30 22:39:29,Mobile,79166.0
9435,857,2024-12-12 02:40:02,Tablet,101079.0
9436,248,2026-06-14 02:18:03,Web,61876.0
9437,837,2025-07-20 18:09:18,Mobile,238774.0
9438,1011,2024-08-28 17:24:40,Desktop,45068.0
9439,1117,2026-05-02 09:22:21,Web,105020.0
9440,668,2025-10-04 21:15:51,Desktop,226900.0
9441,181,2024-07-22 03:54:18,Mobile,97487.0
9442,379,2024-11-13 07:12:15,Smart TV,72521.0
9443,796,2024-05-11 22:00:52,Unknown,41278.0
9444,773,2024-07-01 02:50:58,Web,99345.0
9445,30,2026-02-20 13:58:54,Web,28920.0
9446,859,2026-01-15 04:06:31,Unknown,154616.0
9447,1133,2024-10-08 21:41:54,Smart TV,106891.0
9448,763,2024-08-13 22:32:24,Mobile,114829.0
9449,983,2024-10-30 18:46:36,Unknown,57502.0
9450,387,2025-01-13 08:34:36,Smart TV,97861.0
9451,564,2024-03-05 16:07:58,Unknown,171048.0
9452,7,2025-04-04 12:44:13,Web,179198.0
9453,672,2024-09-24 18:35:33,Tablet,135178.0
9454,770,2024-03-31 05:07:47,Web,66257.0
9455,1068,2025-05-13 22:12:04,Smart TV,25557.0
9456,422,2024-02-12 21:42:49,Tablet,38766.0
9457,513,2026-09-05 19:15:16,Desktop,75592.0
9458,793,2025-03-12 14:42:10,Desktop,111884.0
9459,829,2026-02-05 06:29:59,Desktop,151172.0
9460,1116,2025-08-14 16:42:27,Mobile,169893.0
9461,163,2024-07-04 03:02:25,Web,85281.0
9462,391,2026-07-06 22:30:02,Smart TV,75090.0
9463,349,2025-06-08 05:25:42,Tablet,338397.0
9464,247,2026-02-25 12:47:14,Tablet,266850.0
9465,783,2024-01-15 10:41:58,Smart TV,43604.0
9466,577,2024-11-08 16:45:32,Web,154616.0
9467,1112,2024-03-21 07:29:13,Desktop,105620.0
9468,318,2024-10-01 10:20:20,Web,178141.0
9469,91,2025-02-19 19:53:24,Tablet,109394.0
9470,508,2025-08-27 08:06:57,Tablet,215532.0
9471,798,2024-01-28 14:16:23,Desktop,241367.0
9472,1112,2025-12-21 05:22:28,Desktop,103010.0
9473,1199,2024-10-29 17:07:17,Unknown,290612.0
9474,965,2024-10-12 12:55:14,Smart TV,187123.0
9475,31,2026-05-30 06:59:39,Tablet,163566.0
9476,843,2025-05-31 14:02:13,Tablet,122031.0
9477,637,2026-08-06 18:47:43,Desktop,69748.0
9478,845,2024-10-28 11:43:44,Desktop,403577.0
9479,944,2025-05-22 04:32:55,Tablet,205481.0
9480,166,2026-09-01 23:05:07,Web,79864.0
9481,227,2026-04-28 08:16:33,Smart TV,100515.0
9482,965,2024-06-13 21:03:38,Web,49046.0
9483,636,2024-02-14 04:13:57,Unknown,185680.0
9484,4,2025-07-23 06:26:19,Tablet,114371.0
9485,773,2024-04-22 17:10:37,Tablet,163837.0
9486,274,2025-11-30 18:47:32,Unknown,124570.0
9487,350,2026-09-02 16:05:56,Tablet,260508.0
9488,60,2024-09-27 13:08:48,Desktop,130891.0
9489,1112,2026-06-06 22:07:52,Mobile,193878.0
9490,978,2026-07-13 11:08:02,Web,206508.0
9491,909,2026-08-10 13:37:30,Unknown,207176.0
9492,470,2025-02-04 12:26:52,Smart TV,67711.0
9493,49,2024-11-06 16:42:04,Smart TV,62857.0
9494,253,2025-11-02 05:56:15,Tablet,158959.0
9495,380,2024-04-23 04:59:56,Web,50206.0
9496,1054,2024-05-02 08:44:48,Unknown,196581.0
9497,911,2025-09-26 12:03:11,Unknown,45660.0
9498,886,2025-10-11 06:37:38,Web,217298.0
9499,65,2025-01-09 13:11:11,Desktop,169357.0
9500,744,2025-09-01 02:18:29,Unknown,294248.0
9501,1051,2026-04-02 18:50:20,Web,335206.0
9502,321,2026-05-19 06:10:16,Smart TV,150054.0
9503,69,2024-07-05 13:17:18,Web,192832.0
9504,728,2025-07-27 11:38:19,Desktop,251992.0
9505,324,2026-05-11 01:23:05,Tablet,157919.0
9506,927,2026-08-13 06:28:23,Tablet,324761.0
9507,227,2024-07-09 21:51:36,Unknown,119676.0
9508,1154,2025-02-15 16:18:31,Unknown,107951.0
9509,483,2025-04-11 01:02:28,Desktop,161001.0
9510,300,2024-07-30 01:51:45,Mobile,28555.0
9511,725,2026-09-16 12:57:49,Smart TV,228641.0
9512,387,2024-05-15 21:40:41,Mobile,280181.0
9513,805,2026-05-24 15:04:22,Unknown,92547.0
9514,867,2025-10-12 17:12:44,Smart TV,65931.0
9515,421,2025-05-23 10:17:29,Unknown,245510.0
9516,34,2024-08-05 15:04:00,Tablet,105375.0
9517,876,2025-11-14 01:57:45,Smart TV,79357.0
9518,239,2025-11-28 16:36:58,Mobile,91878.0
9519,684,2024-08-19 02:25:49,Web,202384.0
9520,1119,2024-11-29 06:38:39,Smart TV,59877.0
9521,800,2026-01-21 04:29:01,Smart TV,121011.0
9522,119,2024-01-11 08:57:11,Web,158249.0
9523,1149,2026-08-22 20:16:47,Mobile,78387.0
9524,483,2025-01-16 03:13:51,Web,101539.0
9525,1159,2025-03-31 09:23:36,Mobile,130481.0
9526,977,2024-02-20 15:33:19,Web,148159.0
9527,104,2026-04-01 17:12:43,Desktop,270543.0
9528,657,2024-08-22 10:28:53,Web,211329.0
9529,673,2025-10-02 12:10:28,Unknown,52516.0
9530,62,2026-03-21 05:00:18,Unknown,322699.0
9531,378,2024-02-25 04:08:02,Desktop,79857.0
9532,62,2026-07-04 18:42:44,Tablet,330563.0
9533,719,2024-07-14 04:03:01,Tablet,52772.0
9534,663,2025-10-12 04:29:32,Desktop,159752.0
9535,539,2024-12-01 01:59:39,Smart TV,253238.0
9536,60,2025-12-04 17:29:05,Desktop,257049.0
9537,1000,2026-05-28 13:57:35,Unknown,139149.0
9538,1149,2026-06-15 02:14:25,Mobile,154616.0
9539,704,2026-01-04 02:10:52,Web,230029.0
9540,196,2024-03-31 19:40:30,Web,67861.0
9541,46,2026-04-27 03:32:27,Mobile,164097.0
9542,931,2025-09-27 00:44:18,Tablet,77485.0
9543,393,2024-11-24 08:11:47,Desktop,54271.0
9544,596,2025-03-19 03:58:24,Desktop,100182.0
9545,318,2024-10-24 23:42:16,Web,141796.0
9546,162,2024-10-27 20:06:18,Smart TV,295986.0
9547,1125,2025-08-02 04:51:04,Tablet,301810.0
9548,449,2024-12-01 23:09:27,Desktop,108058.0
9549,840,2026-03-17 18:13:34,Unknown,213725.0
9550,839,2026-07-17 22:14:17,Tablet,83675.0
9551,561,2025-03-25 01:52:48,Mobile,281036.0
9552,768,2025-05-18 20:39:57,Tablet,128910.0
9553,213,2024-07-03 23:00:55,Web,70153.0
9554,523,2025-09-23 07:55:29,Tablet,49893.0
9555,633,2024-12-02 16:33:01,Tablet,273307.0
9556,127,2026-01-22 06:08:23,Smart TV,235932.0
9557,972,2024-04-27 11:16:17,Unknown,130510.0
9558,65,2025-10-31 05:26:39,Mobile,154616.0
9559,157,2025-06-03 09:05:58,Mobile,100483.0
9560,65,2025-06-06 02:38:49,Unknown,241253.0
9561,1106,2024-04-09 23:35:31,Mobile,144008.0
9562,231,2024-04-23 01:36:00,Unknown,154616.0
9563,549,2024-10-10 09:12:43,Desktop,141438.0
9564,275,2024-12-23 14:46:47,Unknown,205193.0
9565,132,2025-07-30 12:04:51,Mobile,38170.0
9566,1164,2024-10-06 13:11:22,Desktop,225245.0
9567,824,2024-12-28 19:07:37,Smart TV,161897.0
9568,700,2024-12-31 03:13:20,Unknown,126012.0
9569,23,2026-05-20 00:00:20,Tablet,34984.0
9570,1068,2025-10-30 17:09:57,Mobile,133081.0
9571,632,2024-09-02 16:40:11,Desktop,284663.0
9572,1039,2025-01-12 11:52:00,Tablet,378958.0
9573,389,2024-03-21 10:09:21,Tablet,201260.0
9574,1144,2024-03-14 01:38:05,Desktop,195997.0
9575,950,2025-03-02 02:37:35,Unknown,142246.0
9576,84,2024-08-30 16:17:40,Mobile,205981.0
9577,200,2024-01-10 06:11:22,Desktop,291400.0
9578,932,2025-11-06 11:35:33,Desktop,313501.0
9579,677,2026-08-19 19:47:56,Web,93200.0
9580,140,2025-10-02 10:45:51,Mobile,122457.0
9581,1014,2024-09-28 15:42:48,Desktop,271576.0
9582,939,2026-03-02 22:40:31,Tablet,145341.0
9583,1099,2024-03-24 03:47:24,Mobile,176793.0
9584,97,2025-03-25 13:45:16,Mobile,204067.0
9585,664,2025-11-13 21:02:29,Tablet,352214.0
9586,949,2026-02-27 01:38:28,Unknown,63075.0
9587,898,2026-07-19 17:03:25,Smart TV,90675.0
9588,980,2026-01-02 09:05:12,Web,70244.0
9589,804,2025-01-26 01:05:45,Mobile,177370.0
9590,361,2025-07-14 23:05:30,Smart TV,134442.0
9591,261,2024-08-02 20:01:08,Desktop,31764.0
9592,238,2025-02-16 15:52:09,Smart TV,102264.0
9593,1070,2025-10-07 06:36:05,Tablet,94137.0
9594,1155,2026-06-09 02:08:18,Smart TV,196912.0
9595,1111,2024-11-28 10:36:12,Unknown,87678.0
9596,826,2025-06-02 19:11:27,Tablet,126038.0
9597,490,2024-05-29 02:33:36,Unknown,191826.0
9598,470,2024-07-12 01:08:56,Mobile,264576.0
9599,980,2025-09-11 11:50:42,Unknown,286402.0
9600,1090,2026-03-08 12:36:32,Unknown,178950.0
9601,29,2024-10-17 11:21:59,Web,98821.0
9602,597,2026-07-09 03:30:53,Smart TV,100959.0
9603,792,2026-02-25 10:28:47,Mobile,196678.0
9604,128,2024-08-14 07:58:17,Smart TV,154616.0
9605,545,2026-03-27 04:33:06,Mobile,78162.0
9606,872,2026-04-02 14:22:08,Tablet,31723.0
9607,54,2025-12-11 19:29:30,Mobile,265986.0
9608,270,2026-01-11 20:21:30,Smart TV,164963.0
9609,107,2025-05-27 18:27:20,Desktop,194968.0
9610,565,2024-06-02 02:15:29,Tablet,149314.0
9611,911,2026-06-11 16:49:06,Tablet,57993.0
9612,868,2026-03-04 14:15:18,Tablet,256128.0
9613,646,2026-06-30 19:00:28,Mobile,242076.0
9614,183,2026-01-24 11:49:24,Web,147835.0
9615,1138,2024-11-26 09:52:04,Unknown,153042.0
9616,797,2024-12-24 02:27:30,Tablet,92694.0
9617,346,2026-09-09 04:01:21,Tablet,69436.0
9618,656,2024-05-25 14:46:26,Smart TV,79133.0
9619,964,2024-03-02 21:18:02,Unknown,199625.0
9620,972,2024-05-23 00:59:11,Web,186002.0
9621,1109,2025-10-29 11:28:01,Desktop,189808.0
9622,449,2024-05-17 11:52:28,Unknown,234410.0
9623,836,2024-08-01 09:14:07,Mobile,120449.0
9624,73,2024-11-06 08:48:09,Web,211289.0
9625,801,2025-08-03 04:11:23,Unknown,256097.0
9626,491,2024-01-08 12:30:36,Tablet,223288.0
9627,1024,2025-12-10 13:49:52,Web,90803.0
9628,878,2025-01-22 03:21:44,Smart TV,45318.0
9629,134,2025-08-09 12:39:15,Smart TV,276006.0
9630,188,2025-06-25 22:17:44,Unknown,113923.0
9631,1110,2025-03-17 11:48:17,Smart TV,91917.0
9632,232,2024-11-02 12:59:03,Mobile,38988.0
9633,1150,2025-05-06 20:21:20,Desktop,150334.0
9634,951,2024-11-04 07:23:01,Web,95725.0
9635,135,2024-10-18 06:02:45,Unknown,310496.0
9636,793,2026-06-15 03:33:00,Tablet,210573.0
9637,163,2024-05-13 11:20:34,Desktop,41608.0
9638,137,2024-06-08 02:56:20,Tablet,235124.0
9639,492,2026-03-20 07:43:50,Mobile,228391.0
9640,792,2024-02-09 08:33:09,Tablet,158376.0
9641,910,2025-09-08 13:03:32,Unknown,251263.0
9642,946,2025-01-11 15:51:43,Unknown,248595.0
9643,608,2025-10-20 03:44:42,Web,47886.0
9644,758,2024-05-21 01:08:45,Web,172909.0
9645,559,2026-02-01 00:13:35,Tablet,79241.0
9646,613,2025-12-11 02:53:55,Mobile,95444.0
9647,1050,2026-06-04 09:15:51,Unknown,306036.0
9648,277,2026-04-22 13:38:03,Tablet,86219.0
9649,524,2026-04-08 04:33:39,Mobile,95720.0
9650,531,2024-04-03 08:33:28,Desktop,166939.0
9651,720,2026-06-21 11:28:46,Mobile,242014.0
9652,482,2024-08-04 06:54:34,Web,338406.0
9653,876,2024-04-11 22:53:16,Mobile,300584.0
9654,500,2025-05-19 05:05:08,Smart TV,355970.0
9655,962,2026-01-04 22:35:25,Mobile,66338.0
9656,433,2026-01-29 13:29:13,Desktop,283848.0
9657,157,2026-04-13 04:16:00,Mobile,38294.0
9658,1173,2025-07-16 07:51:56,Smart TV,157652.0
9659,1198,2025-08-06 07:45:52,Tablet,310522.0
9660,130,2024-07-11 18:47:48,Unknown,272296.0
9661,1152,2026-08-22 15:23:32,Mobile,289636.0
9662,1045,2024-06-05 20:27:27,Unknown,223392.0
9663,1038,2025-10-13 04:18:16,Desktop,250416.0
9664,651,2026-08-02 23:27:29,Smart TV,339946.0
9665,368,2025-07-09 09:02:04,Unknown,173562.0
9666,1150,2024-01-09 13:11:32,Smart TV,330702.0
9667,996,2025-11-05 21:35:22,Smart TV,108342.0
9668,1140,2025-05-21 20:42:42,Smart TV,68703.0
9669,536,2024-10-06 05:46:15,Tablet,352530.0
9670,1085,2026-01-09 23:04:24,Web,142949.0
9671,58,2025-12-08 21:15:15,Mobile,67488.0
9672,298,2025-08-13 01:28:16,Web,304490.0
9673,297,2026-03-26 05:34:07,Tablet,352024.0
9674,1194,2025-07-19 01:20:46,Tablet,57271.0
9675,1181,2025-07-17 07:32:30,Unknown,307074.0
9676,221,2024-12-09 22:40:35,Smart TV,189575.0
9677,854,2025-11-24 19:06:28,Mobile,277664.0
9678,505,2026-05-04 09:52:23,Web,189413.0
9679,568,2024-11-28 08:47:56,Desktop,205697.0
9680,353,2026-07-17 15:10:03,Unknown,104398.0
9681,912,2024-02-29 18:27:06,Smart TV,253239.0
9682,736,2026-05-02 21:35:43,Unknown,149895.0
9683,597,2024-11-09 15:26:03,Web,98095.0
9684,1199,2024-03-01 19:06:02,Unknown,228628.0
9685,718,2025-04-26 04:28:27,Mobile,42814.0
9686,197,2024-09-19 00:30:58,Desktop,250435.0
9687,696,2026-07-04 21:27:21,Web,96525.0
9688,1068,2024-12-08 12:48:45,Tablet,54368.0
9689,742,2024-01-24 21:41:00,Smart TV,238293.0
9690,39,2026-04-01 09:52:43,Web,125870.0
9691,1094,2025-11-04 14:22:40,Mobile,174850.0
9692,1016,2024-10-18 11:45:52,Smart TV,89034.0
9693,1072,2026-09-02 04:43:57,Smart TV,163617.0
9694,25,2025-10-12 01:19:18,Smart TV,304598.0
9695,480,2025-10-25 01:43:16,Tablet,109742.0
9696,72,2025-04-21 17:03:13,Web,77344.0
9697,441,2024-07-18 10:49:46,Unknown,254524.0
9698,935,2024-02-24 11:40:04,Mobile,99056.0
9699,409,2024-07-30 07:05:18,Web,332115.0
9700,466,2026-02-03 03:14:55,Desktop,375729.0
9701,998,2025-12-17 10:30:43,Desktop,237125.0
9702,198,2025-05-28 18:26:37,Mobile,120977.0
9703,298,2025-02-04 04:31:21,Web,310437.0
9704,1067,2026-05-14 11:38:45,Desktop,197745.0
9705,347,2024-08-01 03:02:56,Tablet,36649.0
9706,690,2025-04-25 17:14:54,Smart TV,114931.0
9707,289,2026-09-16 01:09:52,Mobile,85050.0
9708,180,2024-04-02 18:52:37,Desktop,117319.0
9709,963,2024-06-17 14:32:15,Mobile,60674.0
9710,1044,2025-07-12 03:20:41,Unknown,142826.0
9711,901,2026-01-10 09:19:31,Tablet,65808.0
9712,259,2025-04-19 02:53:50,Unknown,243002.0
9713,212,2026-03-04 07:02:50,Tablet,264621.0
9714,348,2026-01-27 19:36:01,Smart TV,201740.0
9715,449,2024-10-03 07:38:35,Desktop,314816.0
9716,761,2025-04-02 03:48:07,Tablet,288918.0
9717,824,2025-10-14 19:33:54,Web,186355.0
9718,968,2026-09-15 08:24:23,Smart TV,199537.0
9719,228,2024-11-14 16:16:49,Unknown,115257.0
9720,933,2025-09-01 07:21:28,Tablet,57250.0
9721,1106,2024-01-27 16:05:59,Smart TV,35632.0
9722,908,2025-06-09 03:45:17,Web,245107.0
9723,727,2024-10-03 05:48:49,Tablet,300109.0
9724,926,2025-04-07 00:44:14,Unknown,92641.0
9725,689,2026-07-28 19:40:46,Mobile,289636.0
9726,444,2025-02-08 09:49:51,Tablet,62038.0
9727,67,2025-02-12 08:49:20,Smart TV,70509.0
9728,657,2026-02-14 12:21:11,Tablet,206478.0
9729,586,2024-02-08 00:34:00,Mobile,125062.0
9730,1182,2025-05-12 21:30:16,Smart TV,290196.0
9731,835,2025-12-28 00:09:58,Unknown,49073.0
9732,856,2026-07-24 14:12:50,Tablet,265375.0
9733,1160,2026-01-28 06:49:08,Desktop,143481.0
9734,796,2025-10-15 01:10:00,Smart TV,160842.0
9735,1192,2025-06-15 21:44:49,Smart TV,61291.0
9736,1093,2026-08-27 21:48:59,Smart TV,137866.0
9737,1181,2025-06-07 08:32:19,Tablet,345417.0
9738,145,2026-06-19 00:28:46,Smart TV,44139.0
9739,267,2024-10-14 00:11:55,Tablet,203701.0
9740,685,2026-03-20 05:27:27,Web,236270.0
9741,810,2025-05-08 10:24:34,Smart TV,200867.0
9742,396,2026-01-14 06:28:56,Unknown,91015.0
9743,674,2024-01-24 13:18:22,Unknown,95122.0
9744,1070,2026-06-04 18:57:18,Tablet,146975.0
9745,24,2026-02-09 13:37:44,Web,191496.0
9746,371,2024-01-08 01:02:08,Unknown,53300.0
9747,306,2024-08-17 11:03:36,Smart TV,320425.0
9748,193,2024-10-30 06:23:32,Unknown,330261.0
9749,1031,2025-11-06 18:42:17,Unknown,64932.0
9750,945,2026-06-05 06:29:06,Tablet,206550.0
9751,1131,2026-06-06 10:47:12,Tablet,328222.0
9752,826,2025-09-13 15:15:54,Unknown,81173.0
9753,690,2024-08-27 22:50:27,Mobile,106466.0
9754,361,2026-08-15 05:29:54,Web,35134.0
9755,1169,2025-11-26 19:47:13,Smart TV,177838.0
9756,12,2024-06-30 06:41:43,Mobile,91841.0
9757,473,2024-06-21 23:20:02,Desktop,326817.0
9758,391,2025-04-20 19:27:34,Smart TV,154616.0
9759,1101,2024-11-12 00:22:26,Desktop,117976.0
9760,1173,2026-04-20 08:24:11,Web,137810.0
9761,751,2024-02-10 15:58:36,Mobile,153906.0
9762,78,2025-12-06 19:18:18,Web,47325.0
9763,548,2025-11-28 21:34:16,Smart TV,41487.0
9764,207,2024-01-01 18:37:58,Smart TV,95863.0
9765,113,2024-10-13 04:24:45,Mobile,206968.0
9766,783,2024-10-07 03:35:22,Mobile,112270.0
9767,1043,2024-05-19 06:36:50,Unknown,109491.0
9768,339,2026-02-01 21:00:43,Desktop,101404.0
9769,502,2024-07-02 07:05:19,Mobile,322811.0
9770,446,2025-08-05 21:01:55,Unknown,255165.0
9771,1107,2024-11-18 18:28:10,Desktop,323647.0
9772,1014,2024-08-27 11:32:22,Unknown,49535.0
9773,551,2026-03-11 22:29:11,Mobile,67862.0
9774,173,2025-09-06 21:08:37,Mobile,160053.0
9775,1,2024-12-02 22:14:03,Unknown,192602.0
9776,367,2026-04-12 19:40:06,Unknown,37730.0
9777,506,2025-10-13 11:47:04,Tablet,276395.0
9778,624,2025-12-05 04:26:52,Tablet,245623.0
9779,1101,2026-06-08 03:09:22,Unknown,97868.0
9780,218,2025-08-31 23:51:53,Mobile,154334.0
9781,222,2024-12-22 10:03:42,Mobile,280796.0
9782,891,2025-12-08 16:14:01,Web,340249.0
9783,225,2026-08-24 00:02:41,Unknown,389878.0
9784,1147,2025-06-18 04:59:39,Unknown,158282.0
9785,713,2025-01-24 05:18:09,Mobile,282368.0
9786,1121,2024-07-11 23:00:21,Smart TV,54840.0
9787,754,2024-05-28 23:35:50,Desktop,236766.0
9788,934,2024-05-13 13:35:22,Desktop,177243.0
9789,106,2026-01-31 23:12:59,Unknown,95873.0
9790,951,2025-09-25 03:26:37,Mobile,184433.0
9791,292,2025-04-20 22:26:38,Mobile,112413.0
9792,199,2024-08-21 00:47:28,Desktop,178339.0
9793,658,2026-03-27 07:21:35,Web,114246.0
9794,1195,2025-04-10 01:35:02,Smart TV,104605.0
9795,1139,2025-03-11 19:57:19,Smart TV,211722.0
9796,238,2025-08-11 06:39:37,Unknown,338497.0
9797,280,2026-04-18 05:07:58,Mobile,205855.0
9798,550,2024-01-15 05:09:09,Smart TV,172648.0
9799,1065,2025-11-03 09:18:32,Web,143726.0
9800,885,2026-02-05 23:45:21,Tablet,57959.0
9801,537,2025-06-14 04:11:16,Mobile,154616.0
9802,595,2024-12-06 23:28:46,Unknown,260546.0
9803,899,2025-07-16 02:21:57,Mobile,136458.0
9804,700,2025-11-10 15:49:12,Unknown,126312.0
9805,197,2026-05-13 17:36:44,Smart TV,67984.0
9806,1154,2025-06-09 03:28:01,Web,128885.0
9807,736,2024-08-18 06:59:16,Mobile,197218.0
9808,284,2025-03-03 21:53:41,Desktop,90555.0
9809,429,2024-04-30 01:50:04,Mobile,308837.0
9810,1031,2024-12-15 05:33:41,Web,59725.0
9811,693,2025-09-21 19:03:48,Web,32110.0
9812,107,2024-12-14 19:33:20,Unknown,286341.0
9813,747,2024-03-21 21:15:36,Unknown,144806.0
9814,500,2026-03-05 22:03:11,Web,300095.0
9815,608,2026-02-09 23:10:21,Unknown,227145.0
9816,1154,2026-01-19 05:06:04,Web,154616.0
9817,574,2024-11-23 13:17:55,Desktop,138303.0
9818,1078,2024-08-03 02:38:04,Unknown,220575.0
9819,1169,2026-05-23 10:22:21,Web,244950.0
9820,270,2024-07-07 18:42:06,Tablet,78091.0
9821,687,2025-11-14 18:14:18,Web,224677.0
9822,319,2025-03-24 21:49:58,Desktop,351280.0
9823,8,2026-05-22 10:07:50,Unknown,237954.0
9824,699,2024-01-24 20:39:53,Smart TV,331352.0
9825,1089,2025-10-29 13:49:45,Smart TV,132464.0
9826,404,2025-07-13 20:08:07,Mobile,346599.0
9827,28,2026-01-08 12:14:55,Desktop,141782.0
9828,713,2024-04-14 05:58:35,Tablet,90165.0
9829,579,2025-01-25 05:47:51,Mobile,104577.0
9830,889,2026-07-03 13:41:23,Web,134470.0
9831,800,2024-08-16 22:53:53,Mobile,116925.0
9832,605,2026-04-20 07:02:23,Mobile,62394.0
9833,162,2024-12-22 14:26:01,Unknown,154616.0
9834,748,2026-05-07 11:59:50,Mobile,234422.0
9835,542,2026-08-12 14:11:44,Desktop,210508.0
9836,697,2025-09-25 05:17:56,Unknown,289847.0
9837,785,2026-04-11 05:24:45,Smart TV,102153.0
9838,537,2025-12-17 03:41:38,Smart TV,236370.0
9839,746,2025-03-02 14:19:08,Smart TV,219004.0
9840,635,2024-01-14 14:28:15,Web,107337.0
9841,1042,2025-02-05 04:10:15,Smart TV,160160.0
9842,1169,2026-04-23 14:53:00,Desktop,138375.0
9843,377,2024-10-14 21:17:10,Desktop,252835.0
9844,638,2024-10-17 07:18:46,Tablet,151297.0
9845,647,2024-03-26 12:32:55,Desktop,179848.0
9846,1018,2025-09-04 10:21:21,Mobile,93848.0
9847,1024,2026-01-24 07:51:26,Unknown,107535.0
9848,115,2024-04-28 01:56:15,Smart TV,343835.0
9849,979,2025-01-27 01:38:34,Web,107162.0
9850,75,2024-07-28 11:57:01,Mobile,224824.0
9851,877,2025-11-19 13:11:59,Tablet,200205.0
9852,114,2025-10-04 14:18:00,Smart TV,41973.0
9853,618,2025-07-21 17:59:10,Unknown,144233.0
9854,760,2026-05-26 16:26:59,Mobile,191405.0
9855,418,2026-05-22 13:41:01,Desktop,221717.0
9856,580,2024-05-13 19:33:52,Desktop,231589.0
9857,1023,2024-04-10 22:38:02,Smart TV,356626.0
9858,459,2025-02-23 14:06:01,Smart TV,269335.0
9859,858,2025-04-13 08:26:04,Unknown,177099.0
9860,91,2026-08-11 17:47:19,Smart TV,172725.0
9861,335,2026-08-07 07:06:34,Smart TV,152148.0
9862,154,2026-08-23 09:25:27,Web,117640.0
9863,962,2025-10-05 04:18:13,Desktop,184169.0
9864,324,2025-02-08 04:00:20,Desktop,367384.0
9865,401,2024-09-18 21:11:41,Web,188216.0
9866,919,2024-06-27 09:42:32,Mobile,255095.0
9867,933,2025-03-16 09:51:45,Smart TV,143795.0
9868,198,2024-11-04 19:07:33,Tablet,187931.0
9869,697,2026-07-29 23:29:41,Tablet,216770.0
9870,501,2024-07-27 18:54:35,Mobile,154616.0
9871,453,2025-10-09 08:42:06,Smart TV,310059.0
9872,990,2024-01-10 12:23:08,Unknown,66594.0
9873,83,2025-06-29 11:56:56,Tablet,71707.0
9874,790,2024-02-28 14:27:57,Web,221345.0
9875,1122,2026-08-31 22:01:22,Mobile,134171.0
9876,131,2024-02-13 07:04:27,Tablet,53449.0
9877,903,2026-06-14 13:03:06,Unknown,117279.0
9878,58,2026-08-13 09:24:50,Web,41203.0
9879,201,2026-08-12 14:09:05,Unknown,47343.0
9880,201,2024-07-25 00:07:48,Tablet,115495.0
9881,716,2024-07-17 20:52:38,Mobile,245349.0
9882,596,2026-03-14 18:44:53,Mobile,187284.0
9883,645,2026-05-15 23:45:23,Unknown,122552.0
9884,1194,2025-06-19 17:39:03,Web,121431.0
9885,110,2024-06-22 10:55:35,Smart TV,328749.0
9886,137,2026-04-26 07:50:46,Desktop,171427.0
9887,939,2025-08-04 08:22:18,Web,73737.0
9888,551,2024-12-10 19:42:45,Tablet,305031.0
9889,48,2024-12-16 15:56:04,Mobile,354035.0
9890,256,2025-08-28 21:51:41,Web,108648.0
9891,723,2026-03-23 16:12:34,Web,189619.0
9892,754,2026-01-20 23:18:21,Desktop,155622.0
9893,97,2025-01-02 04:01:24,Smart TV,58519.0
9894,401,2026-04-30 15:56:31,Mobile,168806.0
9895,944,2024-09-05 07:09:53,Tablet,259501.0
9896,722,2025-02-09 20:03:29,Unknown,246251.0
9897,683,2025-04-03 01:26:36,Mobile,247740.0
9898,235,2024-12-03 01:14:01,Desktop,202262.0
9899,245,2026-05-19 15:35:52,Unknown,51302.0
9900,659,2025-02-18 06:42:21,Desktop,88700.0
9901,491,2025-01-13 16:16:06,Mobile,75345.0
9902,661,2025-05-14 11:17:24,Desktop,223948.0
9903,1096,2025-03-11 00:05:41,Tablet,187052.0
9904,924,2026-02-23 04:50:47,Smart TV,231682.0
9905,69,2024-05-25 09:11:08,Unknown,128451.0
9906,671,2026-06-20 08:29:34,Mobile,314277.0
9907,964,2025-02-11 23:16:24,Mobile,252684.0
9908,31,2026-02-23 21:00:48,Smart TV,107662.0
9909,953,2024-11-09 09:36:28,Tablet,104657.0
9910,463,2024-10-11 13:15:06,Mobile,218408.0
9911,833,2025-12-18 04:06:50,Unknown,351053.0
9912,872,2024-07-30 08:57:08,Mobile,99774.0
9913,36,2026-02-07 02:52:00,Desktop,195818.0
9914,143,2024-07-03 06:54:55,Smart TV,55576.0
9915,327,2025-03-13 18:20:26,Mobile,133404.0
9916,1112,2024-03-29 14:58:00,Web,201799.0
9917,59,2024-07-31 09:53:49,Desktop,316846.0
9918,1040,2026-01-06 22:12:58,Mobile,94736.0
9919,563,2024-05-19 10:37:33,Mobile,356597.0
9920,158,2025-11-06 15:41:06,Desktop,186410.0
9921,1198,2024-06-12 02:39:22,Desktop,288996.0
9922,774,2025-05-22 20:02:23,Desktop,191491.0
9923,398,2026-04-01 09:37:33,Smart TV,94998.0
9924,878,2026-08-12 14:32:07,Mobile,173646.0
9925,54,2026-01-27 17:46:36,Tablet,154616.0
9926,928,2026-03-25 17:59:24,Web,148053.0
9927,476,2025-06-03 12:26:22,Desktop,58234.0
9928,762,2025-11-19 16:25:08,Unknown,41361.0
9929,691,2026-03-10 12:41:03,Web,78725.0
9930,1049,2025-07-06 17:27:13,Mobile,276430.0
9931,1191,2024-09-29 08:29:53,Web,232708.0
9932,933,2026-05-12 21:29:52,Tablet,166915.0
9933,1047,2024-08-25 00:14:24,Smart TV,293770.0
9934,102,2026-07-21 19:30:14,Web,51095.0
9935,451,2025-08-10 08:20:59,Tablet,122252.0
9936,739,2026-02-23 13:40:59,Smart TV,110062.0
9937,19,2026-09-06 01:02:59,Desktop,333874.0
9938,982,2024-02-10 21:28:49,Smart TV,118329.0
9939,688,2024-10-25 19:08:05,Web,213718.0
9940,404,2025-11-29 07:52:19,Mobile,329077.0
9941,752,2024-08-10 14:57:49,Unknown,81218.0
9942,163,2026-08-16 14:05:58,Smart TV,125854.0
9943,1135,2024-03-04 12:33:02,Web,195047.0
9944,513,2024-12-22 04:46:28,Desktop,119926.0
9945,537,2025-08-17 03:54:56,Smart TV,154616.0
9946,531,2024-11-30 20:49:08,Tablet,59736.0
9947,415,2024-04-10 01:26:47,Smart TV,138542.0
9948,1067,2025-02-13 21:53:45,Mobile,155650.0
9949,1126,2026-08-13 10:10:47,Unknown,267818.0
9950,1021,2024-03-05 09:28:11,Tablet,88547.0
9951,927,2026-02-20 11:22:00,Unknown,365669.0
9952,243,2024-01-31 11:54:07,Desktop,170859.0
9953,843,2026-07-15 06:29:23,Mobile,237537.0
9954,370,2026-08-19 12:23:00,Unknown,324631.0
9955,1010,2025-07-09 15:05:34,Smart TV,81816.0
9956,1130,2025-01-27 15:15:30,Smart TV,110923.0
9957,58,2024-08-12 05:17:12,Unknown,204095.0
9958,341,2024-10-10 11:42:25,Web,170813.0
9959,989,2025-09-17 21:02:36,Web,326455.0
9960,544,2025-12-06 03:41:16,Tablet,223730.0
9961,842,2025-06-09 07:24:25,Smart TV,249636.0
9962,290,2026-03-19 19:24:43,Desktop,123340.0
9963,450,2025-05-11 03:59:25,Mobile,55244.0
9964,337,2024-07-21 08:13:24,Web,300792.0
9965,913,2025-12-26 08:56:18,Desktop,83747.0
9966,264,2024-10-06 06:55:18,Web,292828.0
9967,1107,2026-01-31 03:33:48,Tablet,78312.0
9968,800,2026-07-30 22:22:02,Smart TV,200856.0
9969,133,2025-05-30 13:24:35,Smart TV,64829.0
9970,905,2025-04-21 04:20:24,Web,91285.0
9971,407,2025-06-20 01:50:12,Unknown,190443.0
9972,952,2025-06-07 14:21:38,Tablet,237011.0
9973,1176,2024-03-08 20:36:27,Unknown,104178.0
9974,575,2026-03-02 09:46:31,Unknown,31359.0
9975,94,2025-11-15 18:40:19,Unknown,179385.0
9976,1138,2026-07-08 19:44:24,Unknown,189161.0
9977,435,2025-01-18 23:30:15,Tablet,153921.0
9978,646,2026-03-04 19:58:24,Web,125891.0
9979,743,2025-10-05 09:08:24,Smart TV,324224.0
9980,796,2026-08-06 17:01:33,Web,129517.0
9981,466,2026-02-07 18:57:33,Mobile,185697.0
9982,639,2024-12-16 23:29:58,Desktop,69969.0
9983,629,2026-04-15 03:10:20,Desktop,356399.0
9984,416,2025-05-15 07:25:01,Smart TV,71338.0
9985,621,2026-05-09 01:53:26,Web,107272.0
9986,636,2024-10-20 20:27:46,Desktop,141229.0
9987,49,2025-06-17 10:48:01,Web,94985.0
9988,1192,2024-04-21 20:48:55,Smart TV,353451.0
9989,1039,2025-03-14 09:21:51,Desktop,296592.0
9990,1155,2026-08-25 15:46:22,Web,56176.0
9991,304,2025-11-22 18:35:15,Tablet,176220.0
9992,98,2025-01-20 05:44:47,Web,174327.0
9993,312,2026-07-15 02:23:29,Desktop,255287.0
9994,723,2025-02-19 05:35:29,Smart TV,96582.0
9995,314,2026-05-08 22:11:35,Mobile,309812.0
9996,869,2025-03-04 12:45:18,Unknown,101367.0
9997,862,2026-03-12 18:02:10,Smart TV,38245.0
9998,99,2025-03-26 01:42:40,Web,74035.0
9999,748,2025-05-10 12:51:47,Tablet,103583.0
10000,265,2024-12-16 16:29:49,Smart TV,143644.0
10001,191,2024-04-15 17:18:54,Unknown,253456.0
10002,1140,2024-12-24 23:23:31,Mobile,188734.0
10003,968,2026-05-12 19:53:49,Web,46637.0
10004,1035,2026-02-18 03:13:09,Mobile,124299.0
10005,1083,2025-10-07 15:37:54,Smart TV,47974.0
10006,1062,2024-09-30 02:04:35,Tablet,228056.0
10007,746,2025-05-03 02:52:39,Desktop,120209.0
10008,218,2024-01-10 01:46:43,Smart TV,168300.0
10009,144,2026-03-18 20:47:58,Unknown,278736.0
10010,673,2026-07-06 15:46:35,Mobile,105213.0
10011,113,2024-07-17 16:10:22,Smart TV,304289.0
10012,130,2026-08-06 11:01:00,Mobile,163310.0
10013,111,2024-05-25 16:44:38,Smart TV,264002.0
10014,1037,2024-07-17 16:14:34,Desktop,269089.0
10015,227,2026-01-11 10:00:52,Desktop,113772.0
10016,807,2025-12-02 00:39:19,Unknown,262095.0
10017,322,2025-10-01 04:41:23,Desktop,95659.0
10018,795,2024-05-17 01:54:02,Desktop,182799.0
10019,593,2024-05-24 03:42:13,Smart TV,78688.0
10020,896,2024-08-22 01:08:00,Smart TV,77874.0
10021,269,2025-05-29 03:59:21,Mobile,154616.0
10022,801,2025-12-05 18:57:31,Tablet,216986.0
10023,142,2024-07-15 12:42:43,Smart TV,259355.0
10024,512,2025-05-24 10:15:44,Unknown,174809.0
10025,1085,2026-07-11 05:09:07,Mobile,73310.0
10026,1067,2025-05-25 19:26:03,Tablet,46517.0
10027,247,2026-03-18 17:53:52,Tablet,77034.0
10028,1063,2024-06-10 23:24:51,Unknown,214386.0
10029,937,2024-11-23 11:08:52,Tablet,48777.0
10030,968,2024-02-20 13:33:38,Web,216694.0
10031,56,2026-03-27 12:12:49,Web,239169.0
10032,394,2024-07-06 10:44:20,Smart TV,330009.0
10033,84,2026-04-11 17:21:36,Unknown,34263.0
10034,614,2025-08-20 22:21:25,Mobile,167060.0
10035,26,2025-12-07 17:06:08,Tablet,187766.0
10036,941,2025-06-10 20:34:11,Unknown,113570.0
10037,418,2025-12-05 13:56:00,Web,154616.0
10038,623,2024-12-16 18:08:07,Web,164184.0
10039,472,2025-04-22 07:48:49,Smart TV,192914.0
10040,1179,2026-06-13 12:34:17,Web,121487.0
10041,562,2025-08-06 17:20:30,Desktop,278687.0
10042,774,2026-07-18 21:32:19,Web,174873.0
10043,496,2025-03-02 21:45:10,Mobile,85541.0
10044,1188,2024-04-08 05:14:07,Tablet,399438.0
10045,766,2024-08-29 11:21:31,Tablet,191415.0
10046,993,2026-07-22 00:36:51,Desktop,173054.0
10047,1040,2026-03-14 22:10:55,Unknown,119456.0
10048,533,2024-02-05 02:47:21,Web,103398.0
10049,1136,2025-08-11 14:16:22,Desktop,207478.0
10050,878,2026-05-06 08:06:20,Desktop,269059.0
10051,539,2025-02-11 02:31:15,Tablet,40321.0
10052,500,2024-04-24 19:52:15,Web,344863.0
10053,993,2025-09-15 10:22:34,Unknown,298912.0
10054,672,2026-03-14 03:45:53,Tablet,184820.0
10055,27,2025-02-22 02:12:35,Unknown,126001.0
10056,331,2025-04-17 00:23:17,Unknown,345615.0
10057,742,2024-02-10 02:07:08,Smart TV,330194.0
10058,215,2026-08-16 22:34:37,Desktop,124597.0
10059,1139,2026-06-26 03:29:53,Web,196203.0
10060,13,2025-07-25 22:23:55,Tablet,199592.0
10061,905,2025-01-07 23:54:46,Unknown,61938.0
10062,241,2025-01-06 10:34:30,Mobile,103921.0
10063,863,2024-11-02 07:48:42,Tablet,204167.0
10064,1083,2024-05-13 18:54:57,Smart TV,113635.0
10065,4,2024-02-11 21:35:40,Mobile,248613.0
10066,1131,2025-07-15 15:06:49,Tablet,235683.0
10067,1006,2026-01-17 12:50:12,Unknown,212327.0
10068,1110,2025-07-13 16:44:31,Unknown,260757.0
10069,397,2024-02-23 15:59:19,Smart TV,92304.0
10070,1125,2025-02-20 23:40:25,Tablet,72017.0
10071,517,2024-04-12 07:09:20,Tablet,307529.0
10072,419,2026-08-12 05:51:41,Smart TV,77896.0
10073,365,2024-01-23 15:17:36,Tablet,140167.0
10074,1027,2024-09-03 15:10:22,Web,239073.0
10075,169,2026-01-10 01:03:16,Unknown,117044.0
10076,364,2025-09-03 14:41:03,Unknown,96944.0
10077,10,2024-06-29 15:51:32,Unknown,173587.0
10078,315,2026-05-03 20:21:31,Mobile,39680.0
10079,331,2024-06-22 15:41:09,Mobile,154518.0
10080,905,2025-04-18 06:21:25,Desktop,125097.0
10081,707,2025-04-24 19:20:31,Smart TV,72910.0
10082,1088,2024-04-19 04:38:24,Desktop,62585.0
10083,305,2026-05-12 11:55:02,Mobile,62292.0
10084,182,2025-07-06 23:15:13,Desktop,40089.0
10085,34,2025-05-06 07:44:06,Tablet,130935.0
10086,126,2026-08-14 02:47:01,Desktop,246371.0
10087,541,2025-10-02 07:14:19,Smart TV,306562.0
10088,718,2026-08-24 04:38:50,Mobile,236446.0
10089,65,2025-03-29 23:15:19,Mobile,109070.0
10090,713,2025-12-21 01:51:54,Mobile,65288.0
10091,137,2025-09-14 22:53:16,Tablet,217564.0
10092,58,2025-06-06 13:31:30,Unknown,156333.0
10093,130,2026-05-07 11:45:14,Mobile,49376.0
10094,340,2026-04-26 05:53:01,Mobile,287131.0
10095,233,2024-06-19 18:20:16,Web,188953.0
10096,123,2025-06-17 06:36:56,Desktop,130867.0
10097,1160,2024-02-26 21:26:44,Smart TV,141609.0
10098,194,2024-10-18 22:01:58,Mobile,394277.0
10099,191,2024-02-02 10:02:37,Web,165320.0
10100,782,2025-12-22 19:35:26,Smart TV,101011.0
10101,652,2026-02-08 14:54:39,Tablet,39415.0
10102,466,2026-03-23 10:46:17,Tablet,228896.0
10103,134,2026-04-16 05:47:45,Desktop,255141.0
10104,855,2026-02-01 06:43:51,Tablet,100161.0
10105,115,2024-12-28 06:40:12,Unknown,284574.0
10106,631,2025-05-02 12:17:29,Tablet,41857.0
10107,144,2026-07-04 17:37:22,Smart TV,215801.0
10108,393,2026-07-29 23:32:42,Mobile,113862.0
10109,756,2025-06-24 12:02:10,Tablet,109551.0
10110,761,2024-12-24 16:23:29,Mobile,259119.0
10111,907,2026-05-13 16:25:54,Smart TV,126178.0
10112,270,2026-07-21 16:49:00,Unknown,44706.0
10113,799,2024-04-15 01:13:40,Mobile,89622.0
10114,512,2024-01-22 17:12:46,Web,104529.0
10115,480,2025-07-29 14:13:06,Mobile,200963.0
10116,660,2025-09-29 16:59:58,Smart TV,154616.0
10117,1150,2025-01-28 04:14:21,Mobile,313257.0
10118,128,2026-04-21 18:57:31,Smart TV,153846.0
10119,671,2024-11-18 02:12:45,Tablet,270731.0
10120,204,2024-09-21 10:53:29,Tablet,308940.0
10121,537,2024-10-14 14:57:13,Smart TV,262321.0
10122,358,2025-02-28 07:53:19,Tablet,131448.0
10123,1070,2024-04-20 08:18:36,Desktop,102639.0
10124,573,2026-07-25 22:25:01,Web,205071.0
10125,691,2026-07-12 06:33:49,Tablet,141146.0
10126,327,2025-04-18 16:47:24,Mobile,191264.0
10127,390,2025-01-13 19:25:12,Unknown,202606.0
10128,843,2024-04-30 14:16:56,Mobile,41425.0
10129,239,2024-09-05 22:46:41,Tablet,122087.0
10130,966,2025-11-05 22:03:04,Tablet,245073.0
10131,1186,2024-06-18 20:48:43,Mobile,206798.0
10132,924,2026-09-01 17:11:00,Web,71821.0
10133,100,2026-04-15 01:53:10,Smart TV,154616.0
10134,383,2025-10-10 12:03:27,Web,38357.0
10135,837,2025-12-22 13:59:15,Mobile,154616.0
10136,853,2025-06-13 20:38:44,Desktop,59238.0
10137,745,2026-01-28 13:27:28,Tablet,241368.0
10138,933,2024-07-21 16:45:01,Smart TV,164735.0
10139,23,2024-09-26 04:11:18,Web,163125.0
10140,248,2025-02-24 03:47:30,Desktop,160162.0
10141,1021,2025-08-06 23:03:02,Tablet,206056.0
10142,31,2024-12-02 08:10:04,Mobile,192934.0
10143,238,2025-11-22 21:30:54,Tablet,96160.0
10144,876,2024-10-15 16:18:53,Unknown,48493.0
10145,651,2024-02-16 06:12:37,Smart TV,125725.0
10146,602,2025-12-27 09:51:20,Web,203696.0
10147,775,2025-01-01 01:53:06,Web,92429.0
10148,64,2024-01-11 17:37:46,Tablet,60997.0
10149,306,2025-03-22 19:35:05,Desktop,99620.0
10150,71,2024-05-27 03:54:54,Smart TV,253420.0
10151,356,2024-02-19 17:36:47,Smart TV,202336.0
10152,967,2025-08-09 13:17:13,Unknown,189696.0
10153,948,2024-04-16 18:24:24,Smart TV,205894.0
10154,289,2025-01-11 00:34:19,Tablet,155989.0
10155,955,2024-09-07 15:25:50,Smart TV,120717.0
10156,1194,2024-09-24 21:27:39,Unknown,201420.0
10157,432,2024-05-02 23:01:57,Unknown,176308.0
10158,1143,2024-03-21 17:58:01,Desktop,111310.0
10159,676,2026-05-16 16:41:43,Tablet,77105.0
10160,404,2025-12-10 14:55:19,Smart TV,203078.0
10161,739,2025-06-03 18:28:06,Desktop,43146.0
10162,954,2026-05-04 13:45:05,Unknown,255978.0
10163,923,2024-03-20 04:48:54,Mobile,175227.0
10164,924,2024-12-18 19:41:28,Mobile,102657.0
10165,981,2026-09-06 19:30:02,Smart TV,72129.0
10166,545,2026-08-31 02:07:21,Web,273695.0
10167,560,2024-11-10 07:32:28,Tablet,149028.0
10168,1069,2024-12-08 11:23:17,Mobile,114511.0
10169,1047,2025-04-12 16:28:35,Smart TV,73861.0
10170,774,2026-01-15 08:59:34,Mobile,174336.0
10171,399,2026-04-28 18:28:45,Tablet,62718.0
10172,414,2024-06-14 02:13:15,Desktop,52648.0
10173,1134,2026-01-21 14:18:07,Smart TV,161401.0
10174,7,2024-04-18 04:27:39,Tablet,94251.0
10175,1199,2024-07-02 19:06:57,Desktop,205745.0
10176,537,2025-08-08 16:12:14,Unknown,163341.0
10177,449,2024-11-13 19:28:37,Smart TV,214597.0
10178,90,2024-04-08 08:04:35,Tablet,52135.0
10179,877,2024-05-14 09:30:18,Mobile,96039.0
10180,644,2026-02-11 17:55:45,Smart TV,71485.0
10181,688,2024-05-17 06:33:58,Mobile,211395.0
10182,825,2025-06-26 09:27:44,Smart TV,108484.0
10183,732,2026-05-29 15:11:56,Web,80007.0
10184,377,2025-10-13 21:05:27,Smart TV,74606.0
10185,547,2025-08-20 16:25:44,Smart TV,85549.0
10186,1016,2024-03-16 05:48:37,Web,146985.0
10187,1132,2026-01-16 16:13:44,Mobile,152055.0
10188,659,2024-12-26 17:15:53,Unknown,317225.0
10189,279,2024-05-04 09:01:50,Unknown,286925.0
10190,171,2024-09-10 21:12:49,Desktop,398501.0
10191,98,2024-06-21 18:15:58,Smart TV,47403.0
10192,362,2024-07-01 00:35:43,Unknown,226511.0
10193,158,2024-08-08 13:19:25,Desktop,49048.0
10194,387,2025-02-20 15:01:34,Web,181394.0
10195,590,2025-09-11 05:07:30,Smart TV,130849.0
10196,986,2024-10-12 10:47:26,Web,161368.0
10197,680,2025-04-07 04:09:45,Web,219049.0
10198,749,2024-10-04 20:35:38,Smart TV,238152.0
10199,323,2025-04-12 14:37:53,Unknown,51584.0
10200,357,2026-07-10 19:47:11,Smart TV,73802.0
10201,185,2025-01-29 21:19:57,Web,176859.0
10202,557,2024-11-13 06:44:45,Tablet,184717.0
10203,776,2024-08-06 06:19:13,Mobile,147731.0
10204,636,2024-06-20 21:17:47,Web,163000.0
10205,556,2025-04-25 04:12:03,Desktop,84794.0
10206,181,2025-01-27 20:13:40,Tablet,62214.0
10207,372,2024-10-03 05:08:03,Smart TV,69166.0
10208,897,2025-02-05 17:32:40,Tablet,249237.0
10209,1163,2025-08-03 19:31:47,Smart TV,120535.0
10210,698,2025-09-13 20:53:10,Web,49304.0
10211,240,2025-08-20 23:35:02,Desktop,295830.0
10212,565,2025-03-03 10:45:37,Mobile,198168.0
10213,137,2026-06-07 19:15:35,Unknown,167302.0
10214,553,2025-02-14 16:27:02,Mobile,154616.0
10215,866,2025-09-08 07:49:06,Desktop,113831.0
10216,1047,2024-03-15 01:04:02,Smart TV,260425.0
10217,10,2026-08-10 15:59:30,Web,98113.0
10218,75,2025-07-28 04:38:59,Desktop,59670.0
10219,629,2024-02-17 12:30:46,Tablet,135620.0
10220,670,2025-09-21 00:44:18,Desktop,228136.0
10221,634,2024-03-03 00:17:10,Mobile,66873.0
10222,600,2025-08-29 08:40:15,Web,89881.0
10223,192,2024-06-03 17:10:39,Unknown,218401.0
10224,739,2024-09-02 07:02:50,Tablet,202983.0
10225,277,2025-11-08 19:37:05,Tablet,70747.0
10226,255,2026-07-19 05:36:36,Mobile,180107.0
10227,165,2025-11-02 20:08:47,Unknown,258195.0
10228,93,2024-02-26 18:02:57,Smart TV,126638.0
10229,337,2025-07-03 22:56:41,Desktop,144089.0
10230,997,2025-01-28 01:30:36,Desktop,353178.0
10231,655,2025-01-21 17:15:14,Web,200908.0
10232,299,2024-10-19 17:31:15,Smart TV,91837.0
10233,587,2026-08-12 17:26:05,Unknown,105630.0
10234,502,2024-08-12 11:05:36,Smart TV,281540.0
10235,91,2026-03-02 07:53:42,Smart TV,54156.0
10236,677,2025-01-19 03:39:06,Web,130429.0
10237,1081,2024-08-07 11:06:43,Mobile,258684.0
10238,935,2024-08-12 00:55:19,Unknown,156951.0
10239,172,2026-01-18 18:46:13,Tablet,269563.0
10240,294,2024-10-22 05:10:47,Desktop,118671.0
10241,896,2024-08-19 12:58:08,Desktop,251666.0
10242,282,2025-06-09 18:30:21,Tablet,71791.0
10243,452,2025-08-25 17:50:35,Mobile,177238.0
10244,55,2026-04-21 22:04:07,Smart TV,66871.0
10245,899,2025-06-30 13:23:21,Web,308826.0
10246,704,2024-10-03 21:37:47,Web,123268.0
10247,289,2026-03-14 21:51:43,Desktop,171770.0
10248,1002,2024-05-30 15:35:46,Desktop,129612.0
10249,419,2026-03-31 09:14:17,Unknown,169381.0
10250,723,2025-01-15 16:17:20,Desktop,189098.0
10251,1009,2025-07-08 12:23:20,Desktop,45808.0
10252,157,2024-04-19 14:10:38,Smart TV,81102.0
10253,517,2024-12-20 13:52:48,Smart TV,263543.0
10254,721,2026-05-09 16:08:10,Smart TV,44196.0
10255,192,2025-01-05 22:38:57,Desktop,159126.0
10256,472,2026-03-19 08:14:48,Unknown,121954.0
10257,762,2024-12-10 00:37:23,Tablet,62378.0
10258,625,2024-04-25 02:00:13,Web,210821.0
10259,171,2024-03-20 08:29:01,Desktop,208072.0
10260,49,2026-08-15 23:07:14,Mobile,263268.0
10261,933,2024-08-21 19:39:47,Unknown,240013.0
10262,881,2026-03-04 01:25:52,Smart TV,335736.0
10263,1140,2025-12-13 23:23:51,Smart TV,192268.0
10264,34,2025-10-01 22:39:49,Tablet,217602.0
10265,1106,2025-02-21 08:18:50,Tablet,170506.0
10266,928,2024-11-16 15:37:36,Desktop,238798.0
10267,1166,2026-02-18 12:05:18,Mobile,228108.0
10268,37,2024-05-11 22:30:43,Unknown,165048.0
10269,426,2025-06-22 06:55:08,Desktop,132962.0
10270,300,2026-08-14 16:08:20,Unknown,96552.0
10271,796,2025-09-13 10:33:15,Desktop,157708.0
10272,258,2024-02-26 02:58:36,Mobile,155029.0
10273,812,2026-05-06 11:45:26,Desktop,213987.0
10274,803,2026-07-24 22:10:39,Tablet,48130.0
10275,773,2025-01-24 11:15:15,Mobile,211978.0
10276,695,2024-04-05 14:01:48,Unknown,106866.0
10277,517,2026-08-04 15:01:52,Desktop,295459.0
10278,393,2025-09-28 15:07:21,Tablet,200227.0
10279,968,2025-07-28 05:30:36,Tablet,154616.0
10280,31,2024-01-04 10:15:37,Desktop,121670.0
10281,853,2024-02-11 00:28:00,Tablet,328326.0
10282,627,2026-05-29 06:54:33,Unknown,290109.0
10283,548,2025-09-26 16:43:49,Mobile,60461.0
10284,748,2024-08-05 20:28:06,Tablet,180292.0
10285,454,2024-04-13 05:51:39,Unknown,154616.0
10286,558,2024-06-14 18:18:33,Desktop,304055.0
10287,863,2024-05-07 15:42:19,Unknown,41782.0
10288,1008,2024-05-31 20:20:28,Unknown,225946.0
10289,1089,2024-06-24 02:29:47,Unknown,42566.0
10290,194,2024-02-10 03:32:42,Mobile,398718.0
10291,850,2024-02-18 21:49:38,Tablet,113946.0
10292,988,2025-11-23 00:57:06,Desktop,102267.0
10293,69,2025-08-18 15:55:57,Unknown,203331.0
10294,831,2026-05-14 15:32:12,Mobile,233078.0
10295,104,2025-09-09 11:17:06,Unknown,161680.0
10296,571,2024-05-22 04:53:44,Unknown,369487.0
10297,489,2024-06-17 17:12:56,Smart TV,57830.0
10298,366,2025-10-21 12:36:01,Desktop,52962.0
10299,402,2024-08-21 04:38:16,Web,263468.0
10300,81,2025-08-18 09:56:54,Web,362662.0
10301,1054,2024-08-15 03:01:41,Unknown,112974.0
10302,587,2026-02-03 21:09:25,Smart TV,362519.0
10303,19,2026-03-28 02:40:35,Tablet,180917.0
10304,972,2026-08-26 13:57:42,Smart TV,60505.0
10305,410,2025-04-21 05:55:16,Web,84861.0
10306,986,2025-01-16 19:51:06,Desktop,103658.0
10307,244,2025-03-30 01:11:19,Tablet,43639.0
10308,1142,2025-07-12 03:42:32,Smart TV,38040.0
10309,1138,2025-06-16 04:36:21,Desktop,68217.0
10310,690,2025-06-26 15:37:58,Desktop,49526.0
10311,269,2024-08-21 10:37:15,Smart TV,200070.0
10312,619,2024-03-18 00:36:23,Desktop,43457.0
10313,394,2026-07-04 00:11:45,Web,149877.0
10314,897,2025-04-07 15:20:05,Mobile,36251.0
10315,310,2024-12-31 04:31:27,Desktop,220681.0
10316,256,2024-01-29 19:42:48,Tablet,106069.0
10317,1049,2026-08-12 20:29:44,Tablet,366876.0
10318,55,2024-09-11 03:39:03,Smart TV,119980.0
10319,885,2026-08-27 18:49:35,Smart TV,33202.0
10320,1137,2025-05-01 10:37:48,Unknown,226788.0
10321,211,2025-04-01 15:26:38,Unknown,168383.0
10322,875,2024-04-27 05:21:55,Unknown,126517.0
10323,770,2026-08-01 23:22:47,Unknown,215647.0
10324,1200,2025-04-12 13:45:51,Tablet,173306.0
10325,323,2026-07-30 15:45:55,Unknown,138717.0
10326,83,2024-07-06 20:01:47,Smart TV,334485.0
10327,610,2025-02-24 22:22:26,Unknown,325186.0
10328,1116,2024-07-06 12:05:22,Smart TV,303240.0
10329,777,2024-09-06 10:43:12,Tablet,76524.0
10330,351,2024-02-11 01:44:27,Smart TV,91198.0
10331,1048,2024-09-10 13:10:54,Unknown,339964.0
10332,1070,2024-03-20 08:32:20,Desktop,95259.0
10333,95,2026-08-29 10:28:34,Web,140105.0
10334,325,2024-03-09 23:51:42,Web,166408.0
10335,974,2024-05-17 13:45:42,Tablet,216464.0
10336,396,2026-06-27 01:35:24,Unknown,295734.0
10337,101,2024-07-15 01:24:07,Smart TV,88296.0
10338,950,2025-08-01 00:38:45,Desktop,167478.0
10339,183,2026-05-10 13:07:15,Tablet,176397.0
10340,1113,2024-11-12 02:16:09,Web,161937.0
10341,694,2024-01-11 15:37:45,Tablet,198718.0
10342,253,2024-02-22 13:59:20,Web,108460.0
10343,584,2024-10-09 19:46:46,Unknown,53406.0
10344,782,2024-10-04 15:45:43,Unknown,44978.0
10345,68,2025-11-12 15:21:31,Mobile,158785.0
10346,272,2025-02-14 11:37:20,Smart TV,266240.0
10347,404,2025-05-09 01:21:18,Mobile,149168.0
10348,622,2024-05-02 13:13:41,Smart TV,83328.0
10349,1083,2025-05-19 02:09:53,Tablet,154616.0
10350,699,2024-10-04 12:35:36,Desktop,61184.0
10351,698,2025-10-02 17:17:14,Tablet,134375.0
10352,240,2024-07-09 07:04:08,Unknown,338209.0
10353,397,2026-08-21 23:45:52,Smart TV,68463.0
10354,317,2024-01-06 07:31:12,Desktop,113247.0
10355,80,2025-10-07 18:08:06,Desktop,29311.0
10356,811,2025-03-05 19:33:16,Tablet,36736.0
10357,906,2025-03-21 00:35:28,Web,167675.0
10358,788,2025-10-21 15:42:46,Tablet,49480.0
10359,485,2026-01-27 02:21:35,Desktop,131371.0
10360,561,2024-10-01 22:19:37,Unknown,217483.0
10361,797,2024-03-28 13:15:08,Tablet,121276.0
10362,899,2025-09-16 20:26:21,Desktop,324957.0
10363,286,2026-08-25 11:48:42,Web,77325.0
10364,220,2025-09-26 09:29:53,Mobile,265935.0
10365,1068,2025-10-10 22:17:51,Desktop,31616.0
10366,852,2024-08-26 09:40:18,Unknown,46186.0
10367,780,2026-06-17 02:50:44,Mobile,193057.0
10368,503,2026-08-09 07:11:48,Web,140242.0
10369,662,2026-03-23 06:16:59,Desktop,238063.0
10370,387,2024-07-01 14:03:45,Web,110500.0
10371,1046,2024-04-07 14:45:14,Smart TV,103955.0
10372,197,2026-03-20 11:57:11,Smart TV,235909.0
10373,1130,2024-04-26 11:56:12,Web,230905.0
10374,846,2025-04-22 10:58:59,Smart TV,154616.0
10375,517,2025-08-07 03:28:36,Tablet,183727.0
10376,60,2025-03-09 00:35:51,Mobile,225283.0
10377,286,2024-12-18 16:00:25,Desktop,159918.0
10378,1088,2026-01-09 06:01:55,Tablet,184933.0
10379,1198,2026-07-02 15:56:33,Smart TV,65078.0
10380,1000,2024-12-23 22:09:45,Mobile,141607.0
10381,39,2024-07-05 04:07:12,Tablet,152613.0
10382,913,2026-07-29 15:20:37,Mobile,125600.0
10383,636,2025-12-07 20:16:17,Smart TV,109688.0
10384,699,2025-02-11 02:31:29,Desktop,86637.0
10385,681,2025-02-26 21:11:26,Web,107313.0
10386,137,2025-03-08 04:55:58,Desktop,162323.0
10387,783,2026-07-17 03:58:36,Web,200462.0
10388,367,2026-07-29 05:32:21,Unknown,152156.0
10389,599,2025-05-26 10:26:58,Web,141650.0
10390,251,2024-08-03 15:22:23,Web,206553.0
10391,1106,2024-01-23 23:21:04,Desktop,67570.0
10392,690,2025-12-03 20:01:56,Unknown,192231.0
10393,275,2026-08-12 16:23:25,Mobile,365623.0
10394,915,2024-04-14 09:42:26,Desktop,72162.0
10395,84,2024-12-20 19:00:25,Web,121299.0
10396,139,2025-08-20 07:08:08,Unknown,263332.0
10397,345,2025-01-19 22:56:37,Mobile,235173.0
10398,454,2025-12-05 10:58:27,Smart TV,229361.0
10399,1049,2024-03-11 18:35:57,Desktop,110087.0
10400,223,2026-09-07 21:27:52,Web,156751.0
10401,336,2024-05-17 06:02:54,Mobile,187977.0
10402,638,2026-08-15 06:44:35,Web,263601.0
10403,637,2025-05-09 21:11:26,Mobile,247040.0
10404,528,2026-06-11 22:42:50,Tablet,160559.0
10405,1045,2026-08-21 23:55:22,Unknown,129361.0
10406,357,2024-01-18 13:47:25,Desktop,246557.0
10407,1194,2024-12-16 11:17:06,Tablet,93890.0
10408,568,2024-12-21 23:27:37,Tablet,81554.0
10409,1155,2024-08-02 19:30:21,Tablet,148984.0
10410,554,2024-07-25 02:47:32,Mobile,24536.0
10411,539,2026-09-13 19:12:20,Desktop,155099.0
10412,905,2024-08-10 00:09:52,Mobile,175635.0
10413,208,2025-06-29 20:26:33,Smart TV,325841.0
10414,1115,2024-07-20 05:22:48,Web,305350.0
10415,115,2024-03-22 04:11:23,Mobile,164022.0
10416,180,2026-03-05 15:07:36,Smart TV,142280.0
10417,496,2026-09-12 06:15:15,Tablet,291955.0
10418,950,2026-06-23 13:21:16,Mobile,148973.0
10419,932,2025-05-17 05:28:21,Tablet,69719.0
10420,38,2025-03-17 15:15:45,Mobile,234553.0
10421,685,2025-03-11 13:10:04,Mobile,282290.0
10422,103,2026-03-28 05:27:48,Mobile,164510.0
10423,844,2024-03-11 16:33:05,Web,44429.0
10424,480,2025-11-22 22:14:02,Web,297609.0
10425,431,2025-11-26 03:24:28,Smart TV,239305.0
10426,193,2026-05-06 02:40:42,Mobile,227658.0
10427,572,2026-03-06 06:16:07,Web,162808.0
10428,1181,2024-07-03 20:37:43,Mobile,340072.0
10429,605,2025-11-23 09:59:40,Tablet,133857.0
10430,546,2025-02-26 20:04:47,Mobile,274327.0
10431,835,2026-04-21 14:58:04,Web,207414.0
10432,949,2024-02-07 01:48:01,Tablet,38235.0
10433,322,2024-03-02 17:18:06,Unknown,65898.0
10434,895,2025-02-15 11:42:34,Smart TV,143544.0
10435,237,2025-09-15 12:13:55,Desktop,311043.0
10436,1162,2024-02-13 06:57:03,Tablet,83897.0
10437,857,2026-04-11 11:24:56,Smart TV,48576.0
10438,472,2025-10-26 17:23:03,Web,95264.0
10439,59,2025-02-11 06:57:58,Mobile,139881.0
10440,321,2026-03-01 04:16:08,Mobile,169569.0
10441,63,2025-09-12 21:47:22,Tablet,255668.0
10442,1080,2024-07-05 09:57:10,Mobile,119082.0
10443,447,2025-12-01 03:02:03,Web,46422.0
10444,1065,2024-01-27 16:33:04,Mobile,188251.0
10445,189,2024-06-19 02:06:24,Web,316395.0
10446,1189,2024-08-23 18:37:08,Smart TV,107001.0
10447,463,2025-06-18 23:56:06,Unknown,89605.0
10448,565,2026-06-01 14:14:03,Smart TV,165847.0
10449,787,2024-06-26 06:59:49,Mobile,296847.0
10450,19,2024-07-14 16:09:16,Unknown,126414.0
10451,705,2025-05-04 01:18:14,Unknown,135630.0
10452,1103,2026-04-28 00:26:50,Smart TV,388226.0
10453,1108,2024-08-19 07:47:58,Smart TV,139058.0
10454,131,2024-10-24 11:01:35,Web,178713.0
10455,747,2025-04-03 12:45:45,Mobile,156354.0
10456,279,2025-02-24 15:34:46,Smart TV,286159.0
10457,635,2026-05-18 06:39:02,Mobile,184821.0
10458,560,2025-06-19 21:40:34,Web,390501.0
10459,717,2024-05-14 22:33:54,Desktop,43348.0
10460,1015,2025-08-04 09:06:26,Mobile,105547.0
10461,684,2025-07-18 23:32:34,Tablet,167165.0
10462,579,2026-08-05 21:01:52,Desktop,256059.0
10463,739,2024-09-19 12:03:01,Tablet,182590.0
10464,388,2026-05-09 05:25:29,Desktop,72144.0
10465,386,2024-02-03 18:59:07,Unknown,220268.0
10466,150,2024-05-19 05:54:06,Web,181498.0
10467,399,2025-09-22 16:01:13,Web,73236.0
10468,75,2024-04-19 01:44:15,Desktop,62097.0
10469,1171,2024-11-01 04:13:43,Unknown,74293.0
10470,115,2024-03-04 20:41:50,Smart TV,140773.0
10471,533,2025-09-30 23:05:03,Tablet,307698.0
10472,415,2024-05-23 10:46:03,Mobile,199835.0
10473,13,2025-08-27 15:32:12,Smart TV,292296.0
10474,64,2025-11-30 06:26:56,Mobile,155566.0
10475,849,2025-08-14 22:10:25,Smart TV,134000.0
10476,1142,2026-02-24 16:29:35,Smart TV,149639.0
10477,559,2026-02-02 14:10:21,Mobile,136508.0
10478,946,2024-05-30 04:17:36,Smart TV,245172.0
10479,1136,2024-06-28 02:40:06,Desktop,168365.0
10480,991,2025-09-10 01:01:01,Unknown,286892.0
10481,1051,2025-10-28 09:12:33,Desktop,329894.0
10482,1092,2025-05-26 09:01:44,Smart TV,87050.0
10483,391,2025-11-23 13:17:58,Desktop,131921.0
10484,199,2024-03-30 03:06:36,Unknown,365377.0
10485,370,2024-11-17 20:26:55,Smart TV,163516.0
10486,596,2024-11-15 08:10:11,Tablet,53974.0
10487,227,2026-06-13 13:36:00,Smart TV,198038.0
10488,1025,2024-07-09 07:59:02,Unknown,243733.0
10489,298,2025-09-29 01:14:52,Mobile,272994.0
10490,1060,2024-10-26 14:03:36,Web,265684.0
10491,69,2025-04-26 04:51:10,Mobile,108131.0
10492,223,2025-06-10 17:23:35,Mobile,149392.0
10493,1000,2026-08-08 22:01:31,Web,278975.0
10494,1141,2024-03-24 11:36:10,Smart TV,200380.0
10495,926,2025-12-14 03:51:28,Desktop,48913.0
10496,1011,2024-11-25 00:30:44,Desktop,168722.0
10497,872,2024-03-25 08:41:51,Smart TV,62408.0
10498,512,2026-03-04 05:55:43,Desktop,289959.0
10499,1038,2024-04-07 23:22:53,Tablet,357171.0
10500,935,2025-07-30 22:40:57,Mobile,220487.0
10501,169,2024-08-05 00:57:32,Smart TV,220572.0
10502,185,2026-03-28 21:49:50,Mobile,204135.0
10503,1185,2025-03-26 21:28:31,Tablet,321860.0
10504,898,2025-06-20 02:26:53,Smart TV,86514.0
10505,194,2026-02-14 09:51:39,Desktop,76438.0
10506,834,2025-11-10 13:14:15,Smart TV,220635.0
10507,441,2026-08-12 05:53:00,Desktop,267789.0
10508,926,2024-03-15 05:07:07,Tablet,51743.0
10509,910,2026-06-29 23:41:43,Smart TV,253708.0
10510,315,2025-04-14 07:58:19,Desktop,50295.0
10511,518,2026-09-13 20:39:37,Web,188903.0
10512,296,2025-03-17 17:46:30,Mobile,282415.0
10513,917,2025-05-27 10:11:06,Web,32346.0
10514,232,2024-05-11 00:37:44,Smart TV,129953.0
10515,1050,2026-04-16 17:20:16,Mobile,356130.0
10516,554,2024-09-29 22:31:22,Tablet,132356.0
10517,935,2025-05-10 03:41:09,Tablet,214701.0
10518,258,2026-02-16 17:56:12,Unknown,109943.0
10519,298,2025-12-04 13:00:50,Unknown,237201.0
10520,1154,2025-12-02 20:29:24,Unknown,63020.0
10521,1185,2024-08-07 15:16:58,Web,189581.0
10522,326,2024-04-30 11:30:29,Desktop,47889.0
10523,801,2024-03-09 00:15:00,Desktop,230903.0
10524,1081,2025-12-29 05:29:36,Unknown,195684.0
10525,720,2024-07-14 22:05:47,Desktop,255899.0
10526,1006,2025-03-14 22:48:32,Desktop,258309.0
10527,864,2026-02-11 11:10:54,Unknown,176388.0
10528,851,2026-02-28 16:23:25,Web,120303.0
10529,273,2026-04-19 07:21:34,Unknown,84331.0
10530,549,2024-09-02 10:17:25,Mobile,65407.0
10531,832,2024-05-25 17:40:04,Tablet,128351.0
10532,630,2025-06-18 15:48:38,Web,43112.0
10533,242,2024-08-22 02:53:56,Smart TV,210284.0
10534,91,2026-01-11 05:35:16,Desktop,125119.0
10535,622,2024-12-07 04:17:02,Smart TV,99700.0
10536,14,2025-09-07 21:33:19,Tablet,57397.0
10537,30,2025-02-15 20:11:23,Unknown,42128.0
10538,694,2026-06-05 21:36:49,Mobile,198539.0
10539,418,2025-10-18 14:32:12,Desktop,213365.0
10540,881,2024-06-24 08:15:21,Unknown,188698.0
10541,602,2024-08-02 05:36:29,Mobile,227579.0
10542,325,2025-05-08 20:23:32,Unknown,109841.0
10543,374,2024-10-17 02:01:29,Desktop,116669.0
10544,926,2026-04-13 12:13:41,Unknown,163904.0
10545,731,2025-06-21 17:35:49,Desktop,282367.0
10546,438,2026-02-08 00:39:45,Mobile,119864.0
10547,673,2025-01-20 11:07:55,Smart TV,30255.0
10548,626,2024-04-18 13:34:16,Web,161940.0
10549,269,2024-10-20 00:49:21,Web,148006.0
10550,204,2024-11-19 23:53:10,Mobile,321458.0
10551,930,2024-12-05 17:54:30,Tablet,259141.0
10552,771,2025-10-03 09:00:57,Mobile,294496.0
10553,623,2025-07-22 04:22:11,Web,156262.0
10554,127,2026-05-28 10:17:31,Web,225422.0
10555,663,2024-03-22 21:30:38,Smart TV,365418.0
10556,104,2024-02-21 23:19:21,Smart TV,109241.0
10557,678,2026-07-19 15:21:50,Desktop,186462.0
10558,861,2025-01-19 04:53:38,Unknown,90466.0
10559,200,2026-06-30 16:52:40,Mobile,282249.0
10560,619,2025-06-19 01:32:47,Smart TV,109950.0
10561,739,2026-09-11 23:39:28,Web,197079.0
10562,835,2025-09-19 05:32:06,Mobile,180758.0
10563,158,2026-05-18 21:12:44,Tablet,102761.0
10564,951,2026-02-07 13:11:37,Desktop,112574.0
10565,356,2026-01-01 18:30:23,Unknown,155854.0
10566,514,2024-09-30 11:13:30,Tablet,372603.0
10567,793,2025-08-01 10:47:52,Tablet,152980.0
10568,107,2024-09-17 01:20:17,Smart TV,206263.0
10569,288,2025-12-31 18:57:24,Web,153762.0
10570,671,2025-10-11 17:32:06,Mobile,75801.0
10571,447,2026-08-04 03:03:10,Unknown,140170.0
10572,131,2024-06-03 12:12:49,Web,306023.0
10573,470,2026-08-30 12:11:53,Web,90014.0
10574,245,2024-06-17 15:26:21,Unknown,95399.0
10575,93,2025-03-11 20:26:55,Mobile,328578.0
10576,8,2025-12-26 05:32:36,Web,206822.0
10577,141,2024-03-12 02:48:31,Mobile,135826.0
10578,185,2025-01-02 01:13:41,Mobile,72824.0
10579,687,2025-01-13 09:15:30,Unknown,188009.0
10580,914,2025-11-17 03:19:04,Mobile,219590.0
10581,639,2026-07-28 13:01:43,Smart TV,55274.0
10582,833,2024-10-24 15:43:15,Tablet,211548.0
10583,52,2025-12-25 09:11:00,Desktop,242608.0
10584,780,2024-01-29 12:12:44,Unknown,155352.0
10585,1028,2026-09-08 13:26:07,Smart TV,156024.0
10586,567,2024-04-06 07:21:08,Tablet,183242.0
10587,220,2024-04-18 04:38:47,Web,97147.0
10588,1144,2025-06-30 14:46:58,Tablet,246524.0
10589,68,2024-06-28 22:08:55,Tablet,157122.0
10590,704,2026-02-12 20:31:14,Unknown,227978.0
10591,916,2024-12-03 06:42:25,Smart TV,291909.0
10592,78,2026-04-23 02:04:01,Unknown,82890.0
10593,594,2024-10-17 07:01:17,Tablet,352045.0
10594,67,2025-12-28 19:42:15,Mobile,60472.0
10595,842,2024-07-01 22:23:14,Web,248168.0
10596,889,2024-04-03 07:05:27,Mobile,137817.0
10597,18,2026-07-13 00:15:45,Unknown,73194.0
10598,1172,2025-12-03 05:24:00,Mobile,84416.0
10599,859,2026-08-08 22:23:13,Mobile,301078.0
10600,101,2025-12-11 18:03:48,Smart TV,130138.0
10601,191,2025-01-05 13:11:02,Desktop,297703.0
10602,386,2025-08-12 10:20:19,Smart TV,161035.0
10603,129,2026-01-24 10:16:03,Web,310194.0
10604,15,2025-08-16 12:14:36,Mobile,77248.0
10605,641,2025-09-02 22:32:14,Smart TV,258373.0
10606,37,2026-05-23 07:50:06,Smart TV,147656.0
10607,275,2026-01-15 12:22:56,Mobile,292339.0
10608,746,2026-05-23 09:01:55,Mobile,42575.0
10609,490,2024-08-20 00:01:41,Smart TV,247569.0
10610,992,2026-08-05 17:29:28,Smart TV,171811.0
10611,1134,2025-10-30 20:12:18,Mobile,360930.0
10612,871,2026-08-19 10:41:36,Tablet,56106.0
10613,136,2024-01-08 17:06:23,Tablet,182102.0
10614,889,2025-05-22 06:13:47,Tablet,84425.0
10615,694,2024-12-25 04:12:12,Mobile,99235.0
10616,416,2024-09-21 07:23:29,Mobile,240171.0
10617,900,2026-04-06 02:47:34,Unknown,284081.0
10618,702,2026-04-16 17:55:32,Tablet,176118.0
10619,465,2025-10-30 07:59:00,Web,172652.0
10620,576,2024-09-07 22:47:06,Mobile,212376.0
10621,880,2024-08-01 14:38:42,Desktop,321232.0
10622,1155,2025-09-30 06:42:07,Smart TV,161036.0
10623,1193,2025-10-29 08:27:48,Mobile,104061.0
10624,746,2024-05-20 12:57:49,Unknown,138158.0
10625,818,2024-12-28 01:47:33,Web,236219.0
10626,434,2025-12-23 08:16:50,Web,220945.0
10627,125,2026-02-08 14:42:40,Web,162713.0
10628,1048,2024-05-24 14:01:26,Smart TV,317556.0
10629,290,2024-12-13 14:47:46,Desktop,152384.0
10630,508,2024-02-07 02:16:25,Unknown,193058.0
10631,318,2024-10-12 02:38:34,Web,39823.0
10632,721,2025-12-21 06:59:27,Mobile,138389.0
10633,991,2026-03-23 10:35:42,Mobile,363826.0
10634,701,2024-05-15 03:43:15,Tablet,166714.0
10635,326,2026-04-18 15:46:43,Smart TV,197070.0
10636,15,2025-08-14 21:23:39,Tablet,184552.0
10637,760,2025-01-07 03:38:48,Desktop,69634.0
10638,1165,2025-07-05 15:35:50,Smart TV,293747.0
10639,399,2024-12-06 21:39:57,Mobile,127696.0
10640,968,2026-06-07 12:57:05,Web,106822.0
10641,511,2025-04-21 17:49:14,Desktop,32186.0
10642,280,2025-01-10 15:03:28,Mobile,106443.0
10643,891,2024-01-30 07:13:17,Tablet,76807.0
10644,167,2024-11-03 09:38:27,Mobile,97691.0
10645,639,2024-12-05 10:02:38,Unknown,39894.0
10646,557,2024-04-15 12:28:26,Desktop,93931.0
10647,746,2025-01-13 20:41:08,Mobile,70295.0
10648,376,2025-10-07 00:20:37,Mobile,256576.0
10649,217,2024-10-27 18:51:42,Unknown,84511.0
10650,998,2025-06-04 06:53:11,Web,348035.0
10651,662,2024-07-16 18:57:38,Tablet,92364.0
10652,256,2026-07-16 22:51:11,Web,134326.0
10653,25,2026-07-07 00:59:49,Desktop,254860.0
10654,867,2025-07-09 16:20:59,Mobile,30128.0
10655,753,2025-12-11 03:09:38,Smart TV,140728.0
10656,580,2024-09-22 01:31:05,Unknown,52810.0
10657,512,2025-10-19 03:16:54,Desktop,329447.0
10658,335,2025-12-30 15:11:58,Desktop,121268.0
10659,319,2025-03-28 06:01:00,Unknown,160944.0
10660,736,2026-06-13 01:14:40,Tablet,292274.0
10661,428,2024-11-07 17:31:29,Tablet,173472.0
10662,1198,2024-11-24 06:40:25,Web,258030.0
10663,409,2026-01-15 17:13:08,Desktop,215124.0
10664,323,2025-10-17 14:58:20,Web,243546.0
10665,1124,2024-09-18 08:47:08,Web,199245.0
10666,587,2026-01-13 14:43:50,Web,100377.0
10667,469,2025-05-30 13:13:32,Tablet,161711.0
10668,693,2025-08-08 21:27:54,Unknown,49884.0
10669,1085,2025-08-02 02:16:20,Smart TV,60635.0
10670,517,2024-10-07 22:27:26,Tablet,226900.0
10671,685,2024-08-04 22:07:28,Mobile,248125.0
10672,144,2024-08-16 01:59:24,Desktop,294148.0
10673,168,2026-07-09 06:47:05,Smart TV,66728.0
10674,208,2026-07-03 23:35:38,Web,330216.0
10675,188,2026-02-16 20:55:21,Mobile,195605.0
10676,62,2024-05-31 23:13:25,Desktop,238802.0
10677,448,2024-04-06 05:13:26,Desktop,173185.0
10678,1026,2024-04-07 00:03:43,Web,321048.0
10679,1120,2025-07-15 23:47:30,Mobile,175547.0
10680,730,2024-09-18 19:02:15,Desktop,116171.0
10681,1139,2026-06-19 01:55:56,Smart TV,66530.0
10682,841,2024-12-04 18:53:54,Desktop,185610.0
10683,509,2026-09-01 13:45:48,Desktop,55018.0
10684,494,2026-08-15 22:22:24,Smart TV,220659.0
10685,1174,2024-12-23 09:44:22,Web,128412.0
10686,1154,2026-07-15 05:13:35,Tablet,45902.0
10687,1074,2025-01-05 01:52:19,Web,92628.0
10688,949,2025-09-07 03:11:20,Tablet,87723.0
10689,117,2026-06-08 17:30:32,Tablet,335873.0
10690,264,2025-01-08 06:47:13,Tablet,124204.0
10691,830,2025-03-03 05:19:43,Desktop,183041.0
10692,697,2026-03-19 01:13:12,Mobile,219725.0
10693,26,2026-05-23 20:01:05,Tablet,80337.0
10694,1049,2024-06-13 04:44:42,Web,104986.0
10695,1050,2024-11-24 21:34:49,Smart TV,266150.0
10696,1053,2026-06-17 12:10:25,Unknown,274798.0
10697,991,2024-07-29 09:56:37,Tablet,67434.0
10698,811,2026-07-21 17:27:12,Smart TV,216621.0
10699,25,2025-11-23 06:51:43,Desktop,294172.0
10700,906,2025-08-02 14:44:29,Tablet,304401.0
10701,81,2024-07-26 14:52:56,Tablet,203521.0
10702,1182,2025-08-13 09:08:00,Mobile,286179.0
10703,181,2024-07-09 07:01:58,Desktop,368657.0
10704,358,2024-07-20 23:17:45,Tablet,134852.0
10705,945,2026-08-15 01:19:55,Mobile,274053.0
10706,891,2024-06-04 13:41:29,Desktop,86068.0
10707,812,2024-11-15 11:14:53,Smart TV,51345.0
10708,1004,2025-03-26 23:04:29,Tablet,159585.0
10709,565,2024-05-04 18:14:58,Unknown,163326.0
10710,11,2025-07-08 21:07:16,Tablet,247934.0
10711,127,2025-08-23 07:01:41,Smart TV,77783.0
10712,584,2024-10-26 19:10:46,Web,239866.0
10713,727,2026-09-10 04:43:04,Desktop,295208.0
10714,136,2025-10-03 06:38:37,Web,206583.0
10715,284,2026-07-26 11:41:08,Desktop,26727.0
10716,105,2025-07-11 20:57:51,Desktop,204699.0
10717,975,2026-06-08 14:54:49,Tablet,64427.0
10718,971,2024-02-27 07:14:33,Mobile,180042.0
10719,694,2026-06-14 18:14:14,Desktop,186468.0
10720,82,2024-07-20 22:43:07,Tablet,61732.0
10721,879,2025-04-21 09:52:48,Mobile,74021.0
10722,598,2025-05-30 22:33:01,Smart TV,209712.0
10723,282,2026-01-23 19:58:21,Smart TV,158844.0
10724,649,2024-01-07 15:46:40,Tablet,265128.0
10725,602,2026-01-01 16:55:12,Tablet,232121.0
10726,1059,2024-01-14 14:11:32,Web,146586.0
10727,148,2026-05-16 08:27:44,Web,80585.0
10728,335,2025-08-01 14:47:45,Mobile,161472.0
10729,915,2024-09-15 14:14:16,Smart TV,249918.0
10730,419,2025-07-05 13:44:38,Mobile,110728.0
10731,934,2025-07-15 03:36:00,Tablet,50199.0
10732,527,2025-09-26 04:27:24,Web,121130.0
10733,1050,2026-07-02 22:13:49,Tablet,243818.0
10734,134,2025-02-23 05:16:43,Tablet,263009.0
10735,207,2024-10-18 23:20:09,Web,49488.0
10736,853,2026-05-17 04:39:18,Tablet,130216.0
10737,485,2024-04-22 14:36:49,Mobile,116128.0
10738,481,2025-04-08 05:06:58,Unknown,299865.0
10739,1007,2026-06-07 02:09:01,Web,181359.0
10740,244,2026-01-12 22:15:43,Desktop,195990.0
10741,108,2025-05-15 10:49:52,Tablet,95440.0
10742,71,2025-10-12 00:17:32,Desktop,83177.0
10743,42,2026-09-06 13:20:49,Mobile,249848.0
10744,1134,2024-07-20 21:10:08,Desktop,280382.0
10745,852,2024-09-04 00:04:46,Smart TV,308483.0
10746,1034,2026-05-26 08:31:21,Unknown,138226.0
10747,839,2026-03-16 09:28:17,Unknown,59513.0
10748,825,2024-04-13 05:20:02,Smart TV,151463.0
10749,1097,2025-11-10 04:28:17,Desktop,233723.0
10750,241,2025-12-02 15:21:15,Mobile,248440.0
10751,1105,2025-12-31 22:17:13,Unknown,191402.0
10752,762,2025-02-16 08:45:29,Mobile,238904.0
10753,598,2026-07-15 00:46:59,Web,310722.0
10754,430,2024-02-21 18:31:38,Mobile,210340.0
10755,329,2025-04-15 15:01:43,Tablet,41089.0
10756,208,2024-06-21 18:40:12,Desktop,234384.0
10757,565,2026-08-17 13:34:59,Unknown,96764.0
10758,421,2025-11-16 03:06:17,Tablet,228036.0
10759,225,2026-08-05 14:08:14,Web,117313.0
10760,328,2025-05-01 15:06:54,Smart TV,148793.0
10761,45,2025-05-04 15:26:30,Mobile,59271.0
10762,837,2024-08-11 11:23:52,Web,44489.0
10763,384,2024-03-25 00:49:51,Web,168720.0
10764,142,2024-02-17 14:11:22,Tablet,267101.0
10765,382,2024-01-07 00:54:12,Mobile,134097.0
10766,261,2026-03-16 09:50:47,Mobile,71832.0
10767,630,2026-04-13 14:50:18,Mobile,116794.0
10768,312,2024-08-11 18:37:34,Tablet,268463.0
10769,481,2026-04-03 06:39:51,Unknown,217060.0
10770,500,2025-12-29 13:51:19,Mobile,366681.0
10771,1129,2025-08-04 13:29:38,Desktop,73568.0
10772,726,2025-12-10 02:24:57,Unknown,202276.0
10773,649,2025-05-27 19:25:30,Mobile,244934.0
10774,765,2025-01-18 12:44:49,Tablet,286580.0
10775,512,2026-05-31 00:03:10,Mobile,300360.0
10776,418,2024-01-14 03:43:05,Tablet,119717.0
10777,55,2024-11-12 02:30:14,Mobile,51986.0
10778,268,2025-01-29 04:27:49,Unknown,50381.0
10779,10,2025-03-11 04:18:37,Desktop,35442.0
10780,1171,2026-03-07 14:11:42,Unknown,100702.0
10781,962,2025-03-25 18:36:50,Desktop,56952.0
10782,215,2025-03-22 08:28:40,Unknown,139487.0
10783,623,2025-07-10 08:34:14,Tablet,112067.0
10784,61,2025-07-08 12:26:17,Smart TV,96731.0
10785,171,2025-05-17 16:06:40,Web,90538.0
10786,1069,2025-08-12 13:42:03,Unknown,62018.0
10787,537,2026-03-08 14:16:37,Tablet,216011.0
10788,207,2024-11-29 19:24:16,Tablet,137136.0
10789,404,2025-12-21 23:29:38,Web,275795.0
10790,402,2024-02-23 21:48:44,Web,70134.0
10791,1050,2024-05-18 09:09:43,Web,58979.0
10792,298,2024-03-12 16:24:07,Mobile,291651.0
10793,139,2025-11-05 18:59:53,Desktop,230868.0
10794,422,2025-12-12 22:45:59,Mobile,60895.0
10795,701,2025-11-06 05:54:47,Tablet,89472.0
10796,817,2026-02-24 17:18:55,Mobile,228592.0
10797,389,2024-04-15 14:06:57,Tablet,202747.0
10798,210,2026-08-25 19:38:28,Unknown,326213.0
10799,1094,2024-09-13 01:21:22,Web,122014.0
10800,469,2024-03-25 20:48:47,Unknown,26415.0
10801,1125,2024-12-29 22:51:17,Smart TV,176408.0
10802,1057,2026-06-18 15:51:03,Tablet,155210.0
10803,971,2024-03-03 03:23:20,Unknown,183701.0
10804,588,2026-08-04 05:31:46,Unknown,303529.0
10805,1010,2024-02-10 22:35:21,Web,186502.0
10806,767,2025-05-02 16:34:30,Desktop,341061.0
10807,72,2026-06-26 01:42:29,Smart TV,158393.0
10808,1125,2026-04-09 19:06:24,Tablet,256810.0
10809,1181,2025-03-18 09:57:14,Desktop,116769.0
10810,1116,2024-06-29 01:09:28,Smart TV,88570.0
10811,926,2025-12-13 02:52:52,Web,69016.0
10812,517,2026-01-17 02:48:17,Unknown,324931.0
10813,5,2026-09-17 22:24:52,Unknown,65967.0
10814,116,2026-04-04 16:11:15,Desktop,95797.0
10815,106,2026-09-16 14:54:24,Desktop,163888.0
10816,1018,2024-05-08 09:24:44,Mobile,174969.0
10817,1161,2025-08-18 15:37:00,Smart TV,136527.0
10818,133,2025-03-18 05:17:04,Web,112566.0
10819,273,2025-03-21 12:38:38,Unknown,141773.0
10820,910,2026-08-26 12:20:13,Unknown,247864.0
10821,1053,2024-05-05 04:02:14,Mobile,95297.0
10822,75,2026-06-10 13:01:27,Web,118430.0
10823,709,2026-08-16 08:52:38,Mobile,48666.0
10824,988,2026-03-28 10:07:37,Desktop,82762.0
10825,1088,2025-04-14 05:44:52,Mobile,174108.0
10826,974,2025-10-31 13:09:36,Web,173122.0
10827,361,2024-10-19 06:05:18,Tablet,74857.0
10828,266,2024-09-09 05:28:32,Unknown,154616.0
10829,966,2024-03-05 01:20:08,Mobile,143190.0
10830,251,2025-07-12 15:41:54,Desktop,125021.0
10831,1114,2024-08-04 21:16:06,Unknown,217994.0
10832,704,2026-02-26 09:28:59,Smart TV,91032.0
10833,160,2024-05-16 20:20:27,Tablet,133926.0
10834,539,2026-02-11 02:15:39,Tablet,262804.0
10835,951,2026-03-12 00:14:14,Mobile,71897.0
10836,1163,2024-07-22 04:08:54,Desktop,225826.0
10837,478,2026-01-27 06:59:40,Web,132035.0
10838,107,2025-09-22 15:05:03,Desktop,333051.0
10839,625,2024-10-06 00:56:30,Unknown,202962.0
10840,1161,2026-02-17 08:53:44,Tablet,240640.0
10841,1115,2024-08-28 08:50:58,Unknown,378630.0
10842,1068,2025-05-13 07:26:41,Unknown,137517.0
10843,1074,2024-03-01 11:52:48,Tablet,147397.0
10844,1200,2026-08-14 19:19:51,Unknown,226440.0
10845,1032,2024-03-10 10:18:30,Web,308053.0
10846,685,2024-03-09 12:44:34,Smart TV,134372.0
10847,617,2024-05-16 06:39:37,Smart TV,167240.0
10848,491,2025-02-04 10:40:08,Tablet,193774.0
10849,981,2024-03-02 10:41:39,Unknown,229437.0
10850,92,2024-10-04 19:41:33,Tablet,192778.0
10851,289,2025-09-27 10:36:50,Smart TV,171733.0
10852,440,2024-07-19 23:08:24,Tablet,236928.0
10853,1173,2026-06-23 08:43:17,Smart TV,128100.0
10854,84,2024-04-26 08:52:27,Smart TV,184150.0
10855,881,2026-05-31 00:23:52,Tablet,322049.0
10856,201,2026-01-25 17:57:16,Web,157152.0
10857,933,2025-08-16 16:18:14,Mobile,76595.0
10858,355,2025-05-14 02:32:05,Desktop,253797.0
10859,373,2026-07-17 11:33:47,Mobile,150588.0
10860,1155,2024-01-10 09:04:24,Mobile,73165.0
10861,452,2026-04-24 18:27:13,Unknown,127024.0
10862,140,2025-07-22 14:44:20,Smart TV,98590.0
10863,30,2025-09-22 11:13:56,Web,43664.0
10864,1016,2024-06-12 09:12:08,Web,36047.0
10865,1040,2026-09-05 23:11:16,Desktop,77930.0
10866,799,2025-08-03 18:30:59,Mobile,232293.0
10867,716,2024-07-23 11:15:18,Smart TV,36011.0
10868,586,2025-08-06 06:39:06,Desktop,302684.0
10869,86,2025-12-04 19:39:02,Unknown,73009.0
10870,1195,2026-07-12 08:27:31,Mobile,72288.0
10871,460,2025-08-26 00:57:38,Desktop,223272.0
10872,796,2025-04-10 10:56:24,Desktop,158489.0
10873,462,2025-09-21 13:40:07,Tablet,51857.0
10874,1158,2024-03-21 16:02:45,Unknown,361502.0
10875,374,2025-05-07 03:35:00,Smart TV,103748.0
10876,481,2025-05-08 05:52:22,Desktop,246538.0
10877,1082,2026-08-31 15:22:15,Mobile,52067.0
10878,779,2025-07-29 02:18:13,Desktop,107997.0
10879,695,2025-06-22 03:46:34,Mobile,225691.0
10880,736,2024-06-06 10:51:10,Desktop,225450.0
10881,644,2025-04-09 23:25:20,Desktop,191167.0
10882,147,2026-02-07 04:14:26,Unknown,192042.0
10883,693,2025-04-29 22:30:40,Web,189377.0
10884,608,2024-01-24 02:12:05,Smart TV,133593.0
10885,1124,2024-11-06 08:01:52,Desktop,50980.0
10886,994,2025-12-28 22:38:33,Smart TV,154616.0
10887,625,2025-03-21 12:46:46,Web,120783.0
10888,485,2024-01-10 06:32:07,Mobile,143952.0
10889,868,2025-07-04 14:45:00,Desktop,222949.0
10890,321,2024-02-21 11:02:27,Web,57187.0
10891,328,2024-05-31 10:08:26,Web,178327.0
10892,321,2025-06-18 10:46:53,Mobile,130214.0
10893,412,2025-02-17 17:34:11,Tablet,45185.0
10894,486,2024-05-24 01:56:41,Unknown,184266.0
10895,1127,2025-11-27 16:07:06,Tablet,97446.0
10896,464,2024-06-12 13:57:04,Smart TV,156484.0
10897,628,2024-08-12 03:36:18,Unknown,31378.0
10898,276,2024-01-28 20:32:15,Tablet,152171.0
10899,439,2025-10-07 13:04:05,Smart TV,111871.0
10900,1068,2026-02-20 15:24:58,Tablet,48049.0
10901,353,2025-04-13 21:04:26,Web,223151.0
10902,1140,2024-08-06 06:20:44,Smart TV,245614.0
10903,544,2024-05-24 14:38:22,Smart TV,154616.0
10904,722,2024-03-03 03:28:13,Smart TV,194684.0
10905,713,2024-02-03 08:01:32,Unknown,281302.0
10906,1055,2024-05-05 13:01:22,Web,203585.0
10907,29,2025-11-16 22:10:28,Mobile,155385.0
10908,360,2024-01-27 00:41:18,Tablet,61971.0
10909,250,2025-12-19 21:41:17,Web,218599.0
10910,908,2025-02-19 12:19:53,Web,326887.0
10911,78,2025-07-26 19:40:22,Mobile,117958.0
10912,404,2026-04-01 17:51:39,Tablet,110329.0
10913,420,2024-01-28 11:10:45,Mobile,208663.0
10914,1065,2025-10-30 10:51:55,Smart TV,216504.0
10915,36,2025-12-31 10:22:35,Tablet,112266.0
10916,1023,2024-08-25 20:02:33,Mobile,145105.0
10917,751,2026-02-21 14:14:40,Desktop,75363.0
10918,996,2025-03-06 18:20:34,Desktop,54136.0
10919,1039,2024-04-07 12:29:10,Desktop,318039.0
10920,351,2026-03-19 23:28:15,Web,266364.0
10921,917,2024-12-28 11:23:35,Desktop,78735.0
10922,743,2024-02-01 15:51:32,Web,320175.0
10923,148,2024-07-12 20:55:41,Smart TV,331853.0
10924,562,2026-06-11 09:08:56,Tablet,127077.0
10925,271,2025-12-07 00:05:45,Desktop,83941.0
10926,381,2024-05-06 05:15:39,Unknown,93926.0
10927,17,2025-11-04 08:21:51,Unknown,60914.0
10928,283,2025-06-21 18:15:36,Smart TV,361844.0
10929,122,2025-11-25 06:35:21,Mobile,241689.0
10930,119,2025-10-12 12:49:12,Mobile,44497.0
10931,63,2026-02-11 19:05:14,Smart TV,99691.0
10932,1195,2026-07-20 23:58:20,Unknown,144701.0
10933,947,2024-12-11 06:50:58,Smart TV,160739.0
10934,393,2025-11-11 23:17:46,Smart TV,137020.0
10935,606,2024-05-28 04:14:06,Unknown,109564.0
10936,966,2024-06-13 06:09:47,Mobile,174181.0
10937,547,2025-12-22 08:08:08,Unknown,135953.0
10938,604,2026-09-05 06:48:56,Mobile,237982.0
10939,1097,2025-03-22 21:56:28,Mobile,242733.0
10940,1071,2024-02-24 20:52:33,Smart TV,338655.0
10941,614,2024-11-22 11:58:57,Web,129470.0
10942,408,2025-05-22 00:21:19,Mobile,211976.0
10943,70,2024-06-26 07:17:59,Desktop,119625.0
10944,1150,2025-01-22 10:25:41,Tablet,318845.0
10945,258,2025-05-17 17:09:59,Tablet,125103.0
10946,477,2025-11-25 02:35:10,Unknown,270658.0
10947,876,2025-11-02 09:23:59,Smart TV,209330.0
10948,671,2025-04-06 02:44:40,Smart TV,173178.0
10949,303,2025-08-27 23:41:07,Mobile,103657.0
10950,80,2026-07-24 03:01:59,Web,111443.0
10951,24,2025-01-18 17:39:15,Smart TV,237653.0
10952,47,2026-06-20 08:01:45,Smart TV,357697.0
10953,200,2025-05-10 09:44:47,Mobile,190703.0
10954,972,2025-09-19 06:38:51,Desktop,63782.0
10955,481,2026-06-30 17:36:14,Mobile,111562.0
10956,678,2026-02-16 16:11:27,Unknown,159875.0
10957,103,2025-12-20 16:49:24,Tablet,88966.0
10958,497,2024-05-05 19:24:38,Web,143910.0
10959,355,2026-09-01 23:41:30,Desktop,56542.0
10960,757,2024-08-15 21:54:02,Tablet,135160.0
10961,541,2026-08-22 19:33:53,Web,219563.0
10962,418,2026-01-16 10:38:03,Desktop,158869.0
10963,521,2024-05-25 14:03:34,Desktop,226234.0
10964,839,2024-08-14 11:10:51,Mobile,80934.0
10965,515,2024-04-24 00:39:44,Web,242260.0
10966,1086,2025-09-17 14:11:39,Unknown,32819.0
10967,929,2025-05-17 06:09:21,Web,234921.0
10968,889,2025-02-17 19:33:46,Desktop,297805.0
10969,635,2024-12-12 16:43:15,Mobile,290661.0
10970,939,2025-06-09 00:48:30,Mobile,84296.0
10971,353,2025-03-13 11:02:41,Mobile,192280.0
10972,536,2026-06-26 15:00:18,Mobile,271701.0
10973,311,2024-01-14 16:14:17,Tablet,98016.0
10974,882,2026-09-07 14:22:12,Mobile,295327.0
10975,424,2024-11-02 08:18:12,Smart TV,287607.0
10976,905,2026-05-04 13:50:27,Unknown,153354.0
10977,1166,2025-01-29 14:51:02,Smart TV,259296.0
10978,246,2024-07-05 00:11:25,Tablet,146813.0
10979,1011,2025-05-23 14:55:45,Web,173146.0
10980,117,2024-09-15 22:33:24,Smart TV,159558.0
10981,342,2024-12-23 03:05:51,Unknown,178073.0
10982,255,2024-03-29 12:37:54,Desktop,149902.0
10983,289,2025-04-11 20:12:43,Desktop,44735.0
10984,530,2025-11-28 19:59:05,Smart TV,38101.0
10985,986,2025-04-25 22:09:29,Desktop,92928.0
10986,1195,2024-12-13 01:57:29,Tablet,51766.0
10987,792,2026-09-11 05:42:38,Unknown,163424.0
10988,222,2024-09-27 03:16:07,Mobile,111661.0
10989,396,2025-12-06 22:02:57,Web,185626.0
10990,167,2024-11-02 02:34:54,Mobile,113014.0
10991,152,2026-02-23 21:11:03,Smart TV,26684.0
10992,472,2026-06-14 15:12:38,Desktop,221550.0
10993,932,2026-08-12 23:22:33,Smart TV,342399.0
10994,852,2024-05-04 04:12:31,Web,137037.0
10995,1197,2026-09-06 17:23:33,Web,236904.0
10996,20,2024-01-04 18:54:34,Web,62415.0
10997,290,2024-04-03 06:06:53,Smart TV,69225.0
10998,867,2026-01-10 15:00:51,Mobile,99200.0
10999,1089,2025-02-02 13:52:56,Tablet,67705.0
11000,409,2025-04-11 08:15:59,Smart TV,121798.0
11001,618,2025-03-24 14:33:37,Mobile,47985.0
11002,962,2025-03-30 16:40:08,Desktop,110703.0
11003,1184,2025-02-23 09:36:09,Mobile,40794.0
11004,338,2025-05-07 13:26:52,Tablet,187067.0
11005,1131,2024-01-15 06:23:09,Tablet,204145.0
11006,404,2024-12-05 05:58:08,Mobile,371419.0
11007,1087,2025-04-09 13:02:45,Smart TV,140809.0
11008,1022,2026-06-10 02:03:00,Unknown,49108.0
11009,1122,2025-04-15 01:34:39,Desktop,253168.0
11010,1063,2024-01-20 20:27:15,Mobile,143076.0
11011,247,2025-02-05 07:08:30,Mobile,177715.0
11012,19,2025-06-26 07:17:01,Web,67203.0
11013,283,2026-06-04 16:20:43,Unknown,362149.0
11014,670,2025-02-22 01:21:48,Tablet,166019.0
11015,591,2024-03-28 21:53:10,Tablet,349328.0
11016,639,2026-04-10 03:51:23,Smart TV,185278.0
11017,577,2025-02-02 22:35:16,Tablet,34901.0
11018,341,2024-09-11 06:07:01,Tablet,195027.0
11019,406,2025-08-08 11:44:39,Web,214496.0
11020,403,2025-06-25 22:03:59,Desktop,83265.0
11021,548,2024-04-25 22:08:47,Tablet,76017.0
11022,823,2024-08-28 03:36:38,Desktop,247722.0
11023,949,2025-06-14 13:50:09,Web,120692.0
11024,845,2025-06-08 17:04:14,Unknown,314149.0
11025,931,2025-12-19 07:21:59,Tablet,112573.0
11026,743,2025-01-27 19:27:30,Tablet,202533.0
11027,661,2026-01-26 21:46:39,Web,236135.0
11028,293,2024-05-01 13:52:03,Unknown,340420.0
11029,623,2025-06-22 17:19:48,Unknown,152440.0
11030,551,2026-06-06 18:58:54,Mobile,50230.0
11031,191,2025-06-01 10:21:35,Unknown,302129.0
11032,769,2026-08-03 11:04:59,Desktop,154616.0
11033,104,2025-01-09 19:27:34,Web,130027.0
11034,976,2026-03-01 20:07:40,Desktop,232265.0
11035,710,2024-05-17 13:42:15,Smart TV,197294.0
11036,501,2026-09-03 19:37:13,Mobile,110954.0
11037,894,2025-12-28 16:35:52,Mobile,52458.0
11038,165,2026-06-14 17:09:44,Smart TV,204974.0
11039,202,2024-04-06 22:30:35,Mobile,205029.0
11040,668,2026-07-22 15:55:09,Unknown,258462.0
11041,1174,2025-09-16 08:38:49,Unknown,156580.0
11042,398,2025-03-17 17:51:00,Unknown,149244.0
11043,697,2025-12-04 09:18:19,Mobile,300633.0
11044,1153,2026-01-19 17:21:10,Desktop,125226.0
11045,47,2026-05-14 05:09:35,Mobile,349279.0
11046,808,2024-09-04 02:26:53,Unknown,220924.0
11047,196,2025-09-25 21:37:54,Tablet,179262.0
11048,263,2025-11-07 16:23:31,Mobile,115805.0
11049,688,2025-07-05 14:22:56,Tablet,82037.0
11050,380,2024-09-12 05:04:25,Smart TV,170138.0
11051,285,2024-09-20 05:32:35,Unknown,197499.0
11052,870,2026-07-01 13:42:21,Smart TV,286965.0
11053,568,2024-05-14 14:01:29,Unknown,206327.0
11054,173,2024-06-27 05:23:34,Mobile,221621.0
11055,380,2026-04-23 08:06:04,Unknown,252798.0
11056,840,2024-01-22 22:43:26,Unknown,293263.0
11057,401,2024-03-14 10:24:23,Unknown,47598.0
11058,510,2025-02-02 04:05:52,Desktop,79055.0
11059,1122,2024-04-03 19:57:05,Unknown,193409.0
11060,573,2025-11-14 23:48:05,Web,270660.0
11061,167,2025-12-05 12:15:18,Unknown,106487.0
11062,700,2025-07-28 20:55:58,Smart TV,165029.0
11063,936,2025-12-29 02:45:31,Unknown,88042.0
11064,451,2025-04-06 00:35:10,Mobile,110133.0
11065,492,2024-11-12 14:15:15,Tablet,151636.0
11066,21,2025-12-20 03:02:33,Desktop,141792.0
11067,1184,2026-07-03 12:12:46,Desktop,126469.0
11068,274,2026-04-12 15:25:21,Mobile,155798.0
11069,242,2024-06-27 19:13:01,Tablet,54042.0
11070,455,2025-10-13 14:06:29,Mobile,67898.0
11071,506,2026-06-13 01:54:01,Tablet,255217.0
11072,140,2025-10-30 07:23:15,Mobile,73348.0
11073,782,2025-10-04 01:00:09,Desktop,82759.0
11074,230,2025-11-19 17:56:52,Smart TV,167575.0
11075,994,2024-07-03 07:42:41,Smart TV,80316.0
11076,1105,2025-07-13 16:00:44,Web,164769.0
11077,407,2025-07-15 15:12:26,Smart TV,138105.0
11078,114,2025-03-31 07:34:42,Desktop,157977.0
11079,210,2025-07-04 00:35:26,Unknown,309677.0
11080,419,2024-04-21 14:28:08,Desktop,265691.0
11081,409,2026-01-07 18:08:46,Unknown,249907.0
11082,762,2024-09-07 10:58:27,Mobile,64986.0
11083,675,2025-02-24 14:47:18,Smart TV,273468.0
11084,460,2026-07-23 13:02:59,Smart TV,217380.0
11085,650,2026-09-11 14:08:42,Unknown,178404.0
11086,1105,2026-08-11 00:16:23,Mobile,133679.0
11087,399,2025-02-10 04:18:46,Web,154616.0
11088,891,2026-08-19 23:02:16,Web,320203.0
11089,224,2024-01-03 00:50:12,Tablet,53890.0
11090,700,2024-01-04 01:41:32,Unknown,216826.0
11091,962,2024-06-22 14:23:29,Smart TV,136974.0
11092,209,2025-03-03 16:35:12,Mobile,131765.0
11093,740,2025-08-10 08:54:24,Web,342070.0
11094,539,2024-03-21 13:26:35,Desktop,256090.0
11095,1187,2025-05-22 09:27:45,Web,102193.0
11096,306,2025-10-27 11:50:43,Tablet,233499.0
11097,647,2025-09-21 17:54:10,Web,287518.0
11098,184,2025-08-11 19:23:43,Web,105806.0
11099,776,2024-08-04 04:00:34,Desktop,327794.0
11100,379,2025-10-20 20:24:38,Web,145283.0
11101,1096,2026-09-09 20:50:15,Tablet,223622.0
11102,621,2024-04-17 17:58:49,Unknown,44222.0
11103,730,2024-05-16 18:53:58,Tablet,184308.0
11104,22,2025-11-26 19:16:17,Web,111526.0
11105,395,2025-11-09 01:23:12,Desktop,230056.0
11106,82,2024-01-12 23:46:56,Unknown,61991.0
11107,1059,2025-09-30 01:06:13,Tablet,78298.0
11108,1121,2024-02-16 19:44:35,Web,105559.0
11109,485,2024-09-24 13:43:53,Tablet,154616.0
11110,909,2026-06-21 18:21:45,Smart TV,168029.0
11111,145,2025-01-27 02:27:10,Mobile,68265.0
11112,941,2026-08-06 19:12:42,Tablet,136092.0
11113,1066,2025-11-20 22:49:16,Smart TV,68079.0
11114,866,2026-08-17 14:39:27,Desktop,125629.0
11115,329,2026-06-19 08:36:29,Tablet,190017.0
11116,589,2024-11-07 11:20:45,Tablet,166025.0
11117,650,2024-11-05 21:37:23,Smart TV,311325.0
11118,138,2025-11-27 03:01:53,Tablet,154616.0
11119,525,2025-10-21 11:15:57,Desktop,228022.0
11120,791,2024-05-04 09:22:53,Unknown,80495.0
11121,1110,2026-06-21 07:57:10,Desktop,60055.0
11122,194,2026-05-08 19:10:30,Smart TV,92736.0
11123,82,2024-11-04 21:14:04,Mobile,56882.0
11124,23,2024-02-29 17:42:57,Smart TV,61974.0
11125,1050,2025-11-29 12:48:14,Web,76616.0
11126,117,2025-10-18 15:28:03,Mobile,140141.0
11127,690,2025-07-18 10:28:52,Unknown,191375.0
11128,276,2025-05-29 06:14:17,Desktop,272009.0
11129,536,2026-03-23 05:49:12,Mobile,341252.0
11130,226,2026-05-14 15:23:28,Web,239903.0
11131,975,2024-06-15 09:49:24,Desktop,216606.0
11132,647,2026-03-26 21:53:01,Tablet,149983.0
11133,750,2025-09-28 03:57:07,Desktop,272768.0
11134,1023,2024-12-26 21:09:13,Web,232424.0
11135,752,2026-03-17 20:05:57,Tablet,71787.0
11136,1092,2024-03-31 18:16:53,Web,123269.0
11137,785,2026-02-02 15:59:16,Tablet,180461.0
11138,279,2026-02-07 21:59:07,Unknown,201575.0
11139,935,2025-02-20 18:54:06,Smart TV,36952.0
11140,1169,2025-03-29 12:58:40,Mobile,225196.0
11141,664,2026-02-02 10:08:31,Unknown,186962.0
11142,865,2026-09-05 05:30:13,Mobile,57642.0
11143,888,2024-05-31 22:25:44,Web,119666.0
11144,546,2025-04-21 22:50:56,Desktop,389603.0
11145,638,2024-12-29 11:44:27,Tablet,215665.0
11146,1197,2025-07-01 18:11:11,Web,119336.0
11147,1083,2025-08-29 09:05:14,Smart TV,136864.0
11148,430,2025-09-23 20:36:38,Mobile,212666.0
11149,138,2024-11-15 09:53:29,Unknown,220421.0
11150,1184,2025-08-10 16:41:23,Tablet,114936.0
11151,530,2026-08-07 22:54:45,Unknown,100309.0
11152,805,2024-03-21 09:35:27,Smart TV,63196.0
11153,930,2026-04-17 11:14:52,Mobile,54106.0
11154,292,2026-07-29 13:51:04,Desktop,98097.0
11155,742,2024-05-18 21:46:13,Smart TV,107599.0
11156,831,2025-08-24 17:41:01,Web,96696.0
11157,932,2024-07-03 04:20:24,Unknown,205288.0
11158,454,2024-05-12 23:56:06,Tablet,182679.0
11159,157,2025-04-24 09:22:54,Unknown,122140.0
11160,570,2024-12-19 23:23:50,Tablet,62268.0
11161,205,2025-06-13 00:23:32,Smart TV,138668.0
11162,105,2024-02-26 15:08:46,Tablet,262634.0
11163,1084,2025-05-11 08:36:48,Desktop,154616.0
11164,1153,2025-03-03 23:46:09,Unknown,96053.0
11165,837,2025-10-25 08:58:01,Web,83015.0
11166,99,2026-03-01 21:04:07,Tablet,205437.0
11167,330,2025-03-29 03:06:02,Tablet,382047.0
11168,1126,2024-06-29 14:56:00,Tablet,154616.0
11169,832,2026-02-10 19:52:49,Web,141135.0
11170,96,2025-03-26 17:56:42,Tablet,182138.0
11171,151,2026-09-11 15:07:35,Mobile,306214.0
11172,572,2024-08-09 05:56:47,Smart TV,200929.0
11173,994,2024-08-11 04:07:06,Web,160411.0
11174,345,2025-11-25 17:31:39,Web,160541.0
11175,388,2025-05-04 19:49:47,Web,141243.0
11176,284,2025-04-17 12:43:08,Mobile,97668.0
11177,783,2024-12-01 02:05:18,Unknown,187055.0
11178,1171,2025-10-15 13:27:43,Web,59029.0
11179,904,2024-02-18 13:36:35,Tablet,137722.0
11180,1138,2026-06-01 16:58:25,Mobile,103047.0
11181,990,2025-10-22 23:00:01,Tablet,150363.0
11182,607,2024-12-19 13:41:32,Tablet,302074.0
11183,482,2024-05-27 05:02:40,Unknown,311666.0
11184,983,2024-03-30 01:17:19,Tablet,155096.0
11185,246,2025-08-02 09:45:16,Web,39420.0
11186,1165,2025-12-16 17:28:33,Unknown,249845.0
11187,508,2024-08-04 13:58:50,Web,156474.0
11188,1053,2025-07-18 10:16:08,Mobile,188872.0
11189,1115,2025-02-23 17:46:17,Desktop,265627.0
11190,1032,2025-11-22 05:07:29,Mobile,251272.0
11191,203,2025-09-18 14:50:00,Unknown,284882.0
11192,814,2025-11-18 10:14:09,Unknown,139664.0
11193,511,2026-06-28 08:52:03,Tablet,87556.0
11194,1057,2025-11-18 06:03:27,Smart TV,191000.0
11195,19,2025-02-12 22:58:22,Smart TV,241052.0
11196,995,2024-08-29 01:12:28,Desktop,214981.0
11197,1186,2026-03-15 18:24:45,Smart TV,95417.0
11198,80,2025-10-13 05:05:43,Unknown,58323.0
11199,110,2026-01-07 09:26:18,Smart TV,367100.0
11200,501,2024-05-24 00:41:40,Web,79897.0
11201,770,2024-03-13 04:45:21,Mobile,42319.0
11202,360,2025-10-17 06:37:26,Smart TV,118088.0
11203,915,2024-07-12 03:46:58,Mobile,213978.0
11204,1182,2026-06-13 09:19:07,Unknown,330849.0
11205,851,2026-08-01 11:36:50,Web,168335.0
11206,1033,2024-02-26 06:26:49,Mobile,47978.0
11207,664,2025-10-08 23:31:28,Unknown,104095.0
11208,1119,2024-01-14 20:43:49,Web,193332.0
11209,317,2024-03-04 04:05:05,Web,123086.0
11210,474,2024-11-28 21:39:10,Tablet,109927.0
11211,1067,2024-02-25 14:55:17,Desktop,83079.0
11212,1065,2024-02-18 03:45:53,Web,173262.0
11213,741,2025-03-04 07:04:23,Web,89398.0
11214,591,2026-01-31 00:15:04,Mobile,279680.0
11215,819,2024-12-01 15:21:59,Web,275598.0
11216,535,2025-10-02 00:18:12,Web,179424.0
11217,323,2024-04-08 16:23:33,Tablet,228675.0
11218,895,2024-05-13 05:25:31,Unknown,205385.0
11219,580,2026-02-03 15:00:16,Web,157029.0
11220,854,2024-03-17 23:56:42,Web,188247.0
11221,499,2024-01-26 23:59:38,Unknown,122958.0
11222,787,2025-04-01 23:48:09,Mobile,154616.0
11223,204,2025-10-11 18:53:58,Smart TV,249650.0
11224,874,2026-07-21 14:02:29,Web,191317.0
11225,392,2024-12-18 20:49:12,Mobile,137224.0
11226,299,2024-10-07 01:56:45,Smart TV,199503.0
11227,784,2025-01-02 05:37:37,Web,301344.0
11228,782,2024-06-27 06:42:52,Mobile,129619.0
11229,1091,2024-03-01 06:49:36,Tablet,255625.0
11230,1082,2026-04-24 02:33:38,Unknown,190266.0
11231,491,2025-04-12 03:45:32,Web,66411.0
11232,1072,2024-07-10 13:49:46,Mobile,59001.0
11233,54,2026-01-15 16:33:37,Tablet,134963.0
11234,930,2024-12-10 05:16:34,Tablet,71824.0
11235,19,2025-02-26 14:54:28,Tablet,212462.0
11236,144,2025-06-07 21:03:01,Unknown,154616.0
11237,138,2025-02-12 07:23:08,Smart TV,288013.0
11238,1029,2026-09-04 09:53:16,Smart TV,80968.0
11239,495,2026-08-07 07:42:47,Tablet,190793.0
11240,194,2024-08-31 11:31:50,Unknown,175174.0
11241,892,2025-01-07 16:38:56,Smart TV,103007.0
11242,1131,2024-04-25 23:55:40,Web,293934.0
11243,235,2026-01-11 11:04:41,Unknown,205092.0
11244,486,2025-06-05 01:20:29,Smart TV,56945.0
11245,119,2026-03-13 21:38:09,Smart TV,67668.0
11246,947,2025-11-25 17:37:03,Web,36603.0
11247,149,2025-06-15 04:30:12,Web,107322.0
11248,1180,2025-08-15 03:10:09,Desktop,89357.0
11249,880,2026-07-05 07:17:04,Mobile,281433.0
11250,343,2025-09-13 16:18:30,Mobile,145681.0
11251,436,2026-02-19 10:49:31,Mobile,150679.0
11252,1157,2025-03-20 17:50:29,Smart TV,302665.0
11253,794,2025-05-09 12:33:20,Desktop,50463.0
11254,909,2026-04-16 14:07:25,Desktop,213247.0
11255,355,2025-05-07 10:59:03,Web,173435.0
11256,475,2026-08-19 19:49:30,Unknown,135394.0
11257,654,2026-04-18 00:01:52,Mobile,189717.0
11258,1128,2026-08-04 22:45:33,Mobile,107049.0
11259,211,2024-10-27 15:38:05,Mobile,234518.0
11260,718,2024-03-18 03:01:01,Tablet,238090.0
11261,1058,2025-07-23 06:41:59,Desktop,312337.0
11262,348,2024-10-30 18:24:47,Mobile,216433.0
11263,627,2026-06-27 07:06:34,Smart TV,163567.0
11264,810,2025-03-22 09:00:12,Tablet,141061.0
11265,175,2025-08-07 04:44:35,Web,110601.0
11266,1067,2026-07-26 05:43:10,Web,113051.0
11267,926,2025-09-10 06:46:17,Mobile,219908.0
11268,171,2026-09-14 21:30:51,Smart TV,105893.0
11269,728,2025-09-18 11:27:23,Smart TV,150281.0
11270,421,2024-09-08 17:16:37,Unknown,68554.0
11271,147,2025-09-07 07:18:45,Mobile,83043.0
11272,1132,2025-04-11 04:02:06,Mobile,147807.0
11273,958,2024-02-20 07:25:18,Smart TV,270441.0
11274,140,2024-08-10 11:54:40,Mobile,52908.0
11275,877,2025-08-17 10:01:06,Unknown,89667.0
11276,1114,2024-09-22 11:27:22,Unknown,128744.0
11277,952,2024-05-16 10:08:00,Web,97092.0
11278,416,2026-03-21 22:34:05,Unknown,208106.0
11279,1194,2025-12-06 04:50:23,Tablet,192981.0
11280,304,2026-07-07 22:16:43,Tablet,93786.0
11281,369,2025-01-10 20:51:04,Smart TV,148949.0
11282,1094,2025-02-24 11:42:45,Mobile,31822.0
11283,176,2025-02-15 12:34:29,Smart TV,116819.0
11284,725,2024-04-06 02:58:11,Desktop,110667.0
11285,664,2025-01-07 13:28:12,Tablet,231121.0
11286,115,2025-11-20 01:51:57,Web,176026.0
11287,868,2026-05-19 17:36:21,Unknown,149322.0
11288,215,2024-07-11 15:53:07,Web,26834.0
11289,438,2025-07-06 01:15:09,Smart TV,205948.0
11290,504,2026-01-07 22:10:10,Tablet,203205.0
11291,283,2026-03-08 08:52:37,Mobile,184149.0
11292,28,2025-09-09 22:34:49,Tablet,142683.0
11293,928,2024-06-21 02:21:37,Desktop,244091.0
11294,14,2025-12-05 22:20:22,Mobile,294043.0
11295,859,2025-07-10 01:31:43,Desktop,50737.0
11296,209,2024-11-30 07:14:54,Mobile,126361.0
11297,42,2025-09-19 07:33:47,Mobile,113358.0
11298,993,2026-07-16 02:08:06,Unknown,154616.0
11299,720,2026-08-19 11:55:39,Unknown,389503.0
11300,223,2026-02-06 19:47:26,Mobile,116014.0
11301,117,2025-10-30 11:49:36,Web,345730.0
11302,296,2024-08-18 04:46:20,Web,196269.0
11303,414,2025-10-23 07:09:59,Desktop,134534.0
11304,357,2025-10-22 03:02:59,Desktop,326082.0
11305,15,2024-05-24 12:03:11,Desktop,190291.0
11306,505,2025-12-09 00:36:15,Desktop,101211.0
11307,277,2024-05-23 17:53:19,Mobile,189952.0
11308,523,2026-04-21 23:38:33,Unknown,265243.0
11309,540,2024-11-01 18:04:36,Mobile,259442.0
11310,1052,2024-04-14 04:24:21,Smart TV,322310.0
11311,1140,2024-01-14 20:19:52,Smart TV,217564.0
11312,1081,2024-11-08 12:21:44,Web,110742.0
11313,392,2026-01-16 08:49:32,Tablet,130668.0
11314,609,2024-08-12 16:35:14,Mobile,65530.0
11315,1040,2026-02-17 01:40:15,Smart TV,67047.0
11316,172,2024-07-28 14:15:40,Web,108406.0
11317,50,2025-03-07 00:47:58,Unknown,87943.0
11318,767,2024-04-09 04:06:05,Unknown,180970.0
11319,981,2025-07-23 10:28:21,Smart TV,263399.0
11320,482,2025-02-26 06:06:56,Mobile,157374.0
11321,502,2024-09-30 23:40:22,Mobile,86557.0
11322,346,2025-03-27 08:36:09,Tablet,79762.0
11323,268,2026-08-23 16:23:40,Mobile,71809.0
11324,267,2024-07-07 22:00:00,Tablet,154616.0
11325,1002,2024-12-04 02:57:35,Desktop,181423.0
11326,1165,2024-08-30 22:02:28,Tablet,148670.0
11327,1179,2025-02-26 12:48:53,Tablet,196525.0
11328,1164,2026-07-30 13:02:42,Unknown,200880.0
11329,727,2025-09-12 19:04:33,Smart TV,247655.0
11330,132,2024-08-03 01:22:22,Desktop,62903.0
11331,1149,2024-10-25 10:51:23,Desktop,78660.0
11332,1116,2024-10-26 07:25:24,Desktop,129016.0
11333,472,2026-02-22 01:21:28,Web,329852.0
11334,340,2025-09-28 12:02:45,Desktop,172325.0
11335,408,2025-11-29 00:03:48,Smart TV,149193.0
11336,375,2024-01-28 06:10:55,Desktop,51478.0
11337,103,2024-01-21 06:16:14,Desktop,133639.0
11338,172,2025-06-07 15:44:21,Desktop,46959.0
11339,240,2024-09-29 08:48:11,Desktop,220633.0
11340,1011,2026-05-21 08:56:29,Web,43016.0
11341,860,2024-05-15 17:46:05,Unknown,154616.0
11342,1004,2025-01-26 08:21:00,Web,388900.0
11343,281,2025-04-13 23:54:57,Smart TV,95391.0
11344,995,2026-02-27 09:25:16,Tablet,220292.0
11345,194,2024-10-07 05:19:31,Smart TV,365214.0
11346,743,2026-03-05 14:18:27,Web,231319.0
11347,509,2024-03-12 10:49:26,Tablet,32223.0
11348,1149,2025-04-27 20:25:34,Web,111465.0
11349,494,2025-12-28 07:21:33,Tablet,170638.0
11350,524,2026-06-28 06:49:23,Tablet,205706.0
11351,1092,2026-02-20 18:26:21,Tablet,99746.0
11352,17,2024-07-06 23:59:00,Mobile,138322.0
11353,312,2026-02-16 01:51:34,Mobile,65223.0
11354,828,2024-09-30 20:10:42,Unknown,360693.0
11355,191,2026-05-31 13:23:40,Web,159621.0
11356,1107,2026-07-29 17:22:04,Desktop,303003.0
11357,248,2025-06-14 16:51:54,Unknown,40901.0
11358,84,2026-01-13 19:57:15,Tablet,173287.0
11359,573,2024-06-17 08:26:13,Web,210909.0
11360,18,2024-05-18 02:30:57,Mobile,116297.0
11361,872,2025-07-19 02:31:40,Desktop,69836.0
11362,787,2026-05-31 05:19:38,Smart TV,83454.0
11363,377,2026-09-06 15:36:46,Web,154255.0
11364,1006,2025-11-03 16:24:28,Desktop,92398.0
11365,693,2025-11-06 12:32:09,Desktop,201160.0
11366,945,2024-10-14 20:00:19,Unknown,113867.0
11367,381,2025-04-23 01:33:41,Web,253451.0
11368,570,2025-01-21 03:35:27,Smart TV,119356.0
11369,115,2025-03-05 18:13:04,Unknown,135896.0
11370,6,2025-03-08 17:48:53,Mobile,99239.0
11371,322,2025-01-29 01:05:19,Unknown,52503.0
11372,112,2024-01-24 16:17:33,Smart TV,262071.0
11373,607,2025-06-04 01:55:46,Desktop,322662.0
11374,297,2026-08-27 12:59:36,Tablet,269194.0
11375,1045,2026-08-17 00:35:01,Tablet,42484.0
11376,203,2024-10-18 19:07:05,Web,133866.0
11377,794,2025-12-04 11:58:38,Desktop,95617.0
11378,568,2026-01-03 06:21:12,Mobile,401009.0
11379,870,2026-02-23 22:34:41,Desktop,68772.0
11380,246,2025-04-30 05:46:14,Unknown,174030.0
11381,159,2025-07-25 14:59:42,Desktop,106826.0
11382,434,2026-03-28 21:08:14,Unknown,125227.0
11383,931,2025-02-25 13:30:09,Tablet,134464.0
11384,814,2024-08-17 16:22:48,Unknown,164028.0
11385,1085,2024-12-23 12:09:50,Mobile,121318.0
11386,165,2026-02-27 18:59:40,Desktop,179499.0
11387,579,2026-01-03 18:53:06,Smart TV,277649.0
11388,38,2026-08-08 15:46:55,Tablet,77481.0
11389,934,2024-09-24 16:11:41,Smart TV,47230.0
11390,434,2024-06-17 14:01:55,Smart TV,201756.0
11391,135,2024-12-10 23:56:22,Web,301654.0
11392,98,2025-05-09 14:15:54,Unknown,43359.0
11393,361,2026-08-28 19:36:33,Mobile,66106.0
11394,987,2024-11-10 22:54:25,Web,332043.0
11395,837,2024-07-04 10:08:44,Desktop,51884.0
11396,573,2024-12-17 21:50:34,Desktop,276253.0
11397,492,2025-11-24 02:39:15,Web,142864.0
11398,347,2024-03-24 12:47:50,Web,125404.0
11399,701,2026-01-23 04:16:01,Tablet,72988.0
11400,304,2024-12-19 02:13:05,Smart TV,60947.0
11401,260,2024-02-06 12:41:38,Unknown,35728.0
11402,154,2025-01-03 21:33:40,Unknown,87505.0
11403,281,2026-01-05 19:47:04,Desktop,81730.0
11404,1060,2024-09-09 12:50:11,Desktop,313145.0
11405,907,2024-03-03 15:15:59,Unknown,39722.0
11406,153,2024-10-08 21:51:37,Desktop,329065.0
11407,475,2025-02-09 22:19:34,Unknown,89888.0
11408,96,2024-08-28 04:47:40,Web,91571.0
11409,143,2025-04-15 23:48:57,Desktop,196697.0
11410,164,2026-09-08 03:49:54,Desktop,198797.0
11411,590,2024-11-17 22:38:02,Mobile,110315.0
11412,327,2026-02-09 17:10:52,Mobile,308082.0
11413,1154,2025-11-19 19:35:20,Smart TV,154616.0
11414,71,2025-10-20 20:56:03,Web,100634.0
11415,349,2024-04-29 03:22:05,Tablet,289459.0
11416,1004,2024-05-05 17:11:34,Unknown,408378.0
11417,375,2024-12-19 23:45:19,Mobile,332128.0
11418,754,2025-02-21 08:45:56,Smart TV,161515.0
11419,559,2025-11-16 14:02:56,Mobile,181459.0
11420,583,2026-02-16 11:47:48,Unknown,184508.0
11421,850,2026-08-10 05:49:33,Unknown,118871.0
11422,1000,2026-04-19 11:15:56,Mobile,196982.0
11423,1083,2026-09-08 17:06:56,Mobile,185005.0
11424,414,2026-07-26 14:57:30,Desktop,126525.0
11425,241,2024-08-26 08:52:13,Desktop,241916.0
11426,1002,2026-02-02 01:53:36,Web,106795.0
11427,635,2025-05-06 19:14:32,Tablet,278027.0
11428,1161,2026-05-08 00:42:40,Tablet,94404.0
11429,184,2024-01-19 08:42:13,Smart TV,45021.0
11430,237,2025-02-18 02:35:03,Mobile,307646.0
11431,330,2025-09-22 16:51:03,Smart TV,194807.0
11432,528,2024-10-16 00:13:16,Unknown,136048.0
11433,656,2025-05-07 16:01:26,Mobile,187671.0
11434,596,2026-09-12 00:26:55,Smart TV,106641.0
11435,46,2024-02-14 12:31:59,Smart TV,159008.0
11436,441,2024-12-21 17:47:08,Tablet,101236.0
11437,691,2024-04-19 16:08:12,Mobile,89157.0
11438,499,2026-02-19 19:11:22,Web,223687.0
11439,1108,2025-10-26 06:35:23,Web,131182.0
11440,704,2024-05-28 14:17:11,Tablet,100944.0
11441,121,2026-05-18 13:57:24,Tablet,178273.0
11442,1050,2025-07-31 01:37:52,Tablet,150055.0
11443,178,2026-07-24 01:55:38,Mobile,15407.0
11444,6,2024-11-18 21:42:23,Web,169762.0
11445,58,2025-04-17 14:40:07,Web,154616.0
11446,1054,2025-03-15 18:25:28,Smart TV,108065.0
11447,122,2025-05-07 08:47:24,Desktop,241447.0
11448,219,2024-02-28 21:51:07,Mobile,69664.0
11449,239,2024-10-12 21:57:06,Mobile,165521.0
11450,783,2025-07-22 12:42:27,Tablet,220496.0
11451,573,2025-04-18 22:38:57,Unknown,88475.0
11452,451,2025-11-18 14:00:58,Smart TV,161110.0
11453,23,2025-10-05 15:20:46,Smart TV,154616.0
11454,73,2024-08-14 08:31:06,Desktop,282538.0
11455,430,2025-07-19 22:58:16,Web,188574.0
11456,434,2025-04-14 11:32:05,Desktop,107068.0
11457,953,2025-12-09 01:21:07,Unknown,133845.0
11458,650,2024-01-29 23:41:26,Unknown,76199.0
11459,1097,2025-03-30 05:31:15,Web,46131.0
11460,904,2025-05-23 14:47:17,Smart TV,115278.0
11461,1120,2026-07-24 18:21:53,Mobile,158496.0
11462,1050,2025-10-03 09:15:14,Tablet,335617.0
11463,1017,2024-05-14 00:03:18,Smart TV,232432.0
11464,436,2024-05-13 22:28:23,Tablet,114852.0
11465,770,2024-12-28 15:59:44,Tablet,87415.0
11466,497,2025-02-14 16:56:33,Smart TV,166816.0
11467,135,2025-08-03 17:59:44,Desktop,154616.0
11468,1074,2024-03-19 10:52:42,Tablet,119716.0
11469,1108,2024-01-03 03:12:55,Web,76034.0
11470,13,2024-01-11 13:07:18,Unknown,237898.0
11471,390,2024-11-05 19:43:38,Web,124294.0
11472,377,2024-12-04 11:57:19,Mobile,174698.0
11473,905,2026-08-27 18:57:24,Smart TV,77226.0
11474,799,2024-01-29 03:34:10,Desktop,190357.0
11475,383,2026-03-08 13:04:09,Mobile,136859.0
11476,788,2025-09-02 12:55:43,Unknown,243716.0
11477,750,2024-06-02 09:30:14,Tablet,248918.0
11478,390,2026-02-13 15:34:00,Desktop,53260.0
11479,672,2025-08-09 21:10:44,Unknown,21180.0
11480,15,2024-03-11 22:22:08,Web,309057.0
11481,1148,2025-08-11 18:33:19,Unknown,40886.0
11482,596,2024-08-29 06:47:12,Web,85886.0
11483,1017,2025-12-29 11:18:36,Desktop,212941.0
11484,646,2025-08-28 12:55:19,Desktop,223174.0
11485,1141,2025-02-16 21:12:57,Unknown,89504.0
11486,455,2026-06-14 22:56:13,Mobile,98337.0
11487,892,2024-06-06 19:36:34,Desktop,175502.0
11488,202,2025-11-30 01:33:46,Web,35277.0
11489,67,2024-03-19 07:21:53,Web,84674.0
11490,946,2024-01-24 23:31:43,Mobile,206504.0
11491,532,2025-06-05 05:12:56,Mobile,98219.0
11492,376,2026-06-20 12:21:17,Tablet,180009.0
11493,747,2026-06-20 11:51:53,Desktop,157647.0
11494,1001,2024-09-30 06:07:33,Tablet,120044.0
11495,736,2024-12-29 01:37:05,Desktop,81085.0
11496,768,2026-03-22 21:22:06,Unknown,120355.0
11497,487,2026-05-12 11:32:15,Web,96344.0
11498,653,2025-02-21 21:55:15,Desktop,169367.0
11499,30,2025-04-27 02:14:29,Tablet,75483.0
11500,1142,2026-04-21 18:20:08,Desktop,182986.0
11501,797,2024-08-13 01:44:53,Desktop,38899.0
11502,967,2026-07-28 17:35:51,Unknown,247917.0
11503,1111,2026-03-22 03:23:12,Tablet,54310.0
11504,1013,2025-06-30 21:06:38,Tablet,328588.0
11505,207,2025-07-09 10:20:44,Mobile,80854.0
11506,344,2024-12-16 11:42:20,Desktop,327994.0
11507,664,2026-06-06 16:52:33,Desktop,114840.0
11508,46,2024-07-02 05:41:56,Smart TV,26351.0
11509,504,2026-08-11 22:55:35,Web,133966.0
11510,477,2024-07-24 09:12:09,Mobile,154616.0
11511,856,2024-10-11 16:45:13,Mobile,219713.0
11512,853,2026-08-15 01:08:26,Desktop,260191.0
11513,1023,2024-03-11 22:35:15,Web,218884.0
11514,146,2024-01-22 04:45:20,Unknown,268330.0
11515,143,2026-04-12 10:31:05,Mobile,178427.0
11516,1155,2026-04-07 07:29:10,Mobile,79233.0
11517,802,2026-08-14 02:26:30,Mobile,128759.0
11518,164,2025-09-06 02:52:38,Tablet,192163.0
11519,906,2025-07-31 11:25:17,Smart TV,47844.0
11520,65,2024-01-12 14:34:39,Mobile,86029.0
11521,156,2026-08-17 16:26:35,Mobile,251606.0
11522,953,2025-12-03 10:15:45,Mobile,264012.0
11523,365,2024-07-22 20:29:44,Mobile,163742.0
11524,632,2025-10-18 10:12:49,Unknown,172666.0
11525,39,2025-03-05 15:46:16,Tablet,37016.0
11526,779,2026-07-06 11:41:41,Tablet,87568.0
11527,505,2024-03-13 03:28:33,Tablet,85145.0
11528,1032,2026-06-02 05:46:55,Tablet,80694.0
11529,1098,2025-04-04 00:18:34,Unknown,66541.0
11530,597,2025-12-01 09:16:26,Tablet,76189.0
11531,843,2024-03-25 07:50:02,Mobile,152592.0
11532,1109,2025-11-16 10:15:08,Desktop,131486.0
11533,250,2024-11-21 01:36:56,Unknown,340252.0
11534,933,2025-10-13 10:36:24,Tablet,81939.0
11535,238,2026-05-27 20:28:56,Web,77880.0
11536,569,2024-11-18 21:32:30,Smart TV,113795.0
11537,276,2024-02-26 21:02:51,Unknown,195517.0
11538,1014,2025-09-20 12:10:24,Smart TV,173022.0
11539,122,2025-04-04 05:42:57,Tablet,106302.0
11540,390,2024-07-13 23:10:12,Mobile,302259.0
11541,304,2024-02-21 15:12:04,Desktop,271524.0
11542,28,2024-11-24 07:48:56,Web,152520.0
11543,690,2026-03-19 05:53:17,Tablet,122084.0
11544,960,2025-06-10 11:32:02,Web,196560.0
11545,307,2026-05-10 08:08:05,Mobile,49823.0
11546,430,2025-07-17 05:39:38,Desktop,57850.0
11547,16,2026-02-21 11:38:03,Desktop,315409.0
11548,762,2026-03-23 11:37:02,Tablet,49423.0
11549,804,2026-04-20 06:16:49,Unknown,128264.0
11550,835,2024-10-24 23:24:25,Mobile,170863.0
11551,973,2024-01-21 07:57:51,Mobile,110402.0
11552,730,2025-01-02 12:02:01,Desktop,75397.0
11553,226,2025-02-12 20:44:28,Web,236197.0
11554,994,2024-12-29 20:39:16,Unknown,165539.0
11555,1164,2026-01-17 00:33:20,Tablet,103027.0
11556,101,2025-03-21 11:43:49,Tablet,95178.0
11557,301,2025-09-15 05:20:39,Tablet,94201.0
11558,1072,2025-01-31 15:33:59,Unknown,155442.0
11559,222,2026-06-06 19:13:36,Mobile,300448.0
11560,28,2025-03-24 09:48:33,Tablet,124348.0
11561,26,2024-01-14 15:07:46,Mobile,44653.0
11562,389,2024-04-27 13:36:00,Smart TV,146539.0
11563,650,2024-07-09 04:11:37,Web,402599.0
11564,323,2025-10-02 09:20:34,Web,236970.0
11565,60,2025-04-06 15:49:06,Tablet,311655.0
11566,1049,2025-08-14 03:32:52,Tablet,336346.0
11567,494,2025-09-29 19:29:28,Web,144036.0
11568,241,2026-06-02 11:11:33,Tablet,62338.0
11569,44,2025-05-24 10:46:07,Mobile,82905.0
11570,394,2026-03-10 17:04:35,Mobile,260852.0
11571,23,2024-04-18 10:59:40,Desktop,105266.0
11572,501,2024-05-14 22:41:40,Unknown,87078.0
11573,70,2024-09-27 03:39:43,Tablet,206545.0
11574,672,2024-08-12 18:36:22,Smart TV,162919.0
11575,145,2025-12-07 18:35:26,Tablet,77599.0
11576,53,2024-09-06 12:01:42,Mobile,70744.0
11577,427,2024-08-11 08:28:12,Desktop,170669.0
11578,781,2026-01-27 01:17:49,Smart TV,333073.0
11579,304,2026-01-18 01:55:11,Mobile,244754.0
11580,740,2026-05-07 15:01:47,Unknown,204039.0
11581,359,2026-08-13 08:39:54,Tablet,110328.0
11582,272,2025-02-18 08:31:47,Unknown,286305.0
11583,772,2026-06-02 02:49:32,Unknown,147774.0
11584,441,2025-06-20 15:56:29,Web,225841.0
11585,323,2025-02-11 07:41:19,Unknown,221020.0
11586,726,2024-10-28 17:57:08,Unknown,158922.0
11587,824,2025-09-28 18:56:13,Desktop,76863.0
11588,1185,2024-03-14 19:55:53,Unknown,303416.0
11589,15,2025-09-15 02:28:48,Mobile,274180.0
11590,960,2025-04-26 01:02:46,Tablet,46484.0
11591,383,2026-05-07 17:44:54,Mobile,133645.0
11592,936,2025-08-27 12:14:06,Unknown,130279.0
11593,1149,2025-03-24 14:26:42,Unknown,142604.0
11594,923,2025-05-16 10:17:55,Mobile,181825.0
11595,708,2026-05-08 13:44:52,Smart TV,141257.0
11596,688,2026-06-11 21:50:44,Tablet,141006.0
11597,153,2024-08-08 05:17:45,Mobile,360238.0
11598,1036,2026-09-13 00:30:51,Tablet,196038.0
11599,750,2024-12-26 18:16:40,Smart TV,127671.0
11600,388,2024-11-28 06:02:40,Smart TV,91889.0
11601,222,2025-12-15 11:05:24,Mobile,295186.0
11602,405,2024-04-20 01:30:40,Web,136020.0
11603,294,2025-05-25 11:19:34,Web,56685.0
11604,885,2024-09-14 11:41:09,Unknown,88973.0
11605,365,2025-08-11 02:02:40,Smart TV,67871.0
11606,654,2024-04-11 05:34:25,Tablet,143832.0
11607,1193,2024-05-14 14:45:34,Mobile,238491.0
11608,69,2025-09-05 12:41:56,Unknown,66995.0
11609,171,2025-11-26 06:43:01,Unknown,348012.0
11610,888,2024-04-11 12:47:02,Web,193326.0
11611,173,2024-03-30 19:42:32,Web,294690.0
11612,372,2024-06-10 08:41:08,Desktop,47268.0
11613,180,2026-08-26 07:54:00,Smart TV,66192.0
11614,54,2024-07-23 10:36:27,Smart TV,310548.0
11615,241,2026-01-16 19:29:41,Web,53559.0
11616,632,2024-08-22 14:37:59,Unknown,80282.0
11617,547,2025-06-17 03:51:47,Smart TV,177099.0
11618,1134,2026-06-14 11:26:36,Web,95988.0
11619,333,2026-04-15 18:30:39,Smart TV,88289.0
11620,1127,2024-11-20 04:31:26,Smart TV,152592.0
11621,722,2025-12-03 19:39:22,Tablet,304461.0
11622,305,2025-04-06 10:18:56,Unknown,67121.0
11623,109,2024-08-17 22:34:17,Mobile,212128.0
11624,283,2025-06-08 02:59:11,Mobile,83169.0
11625,1004,2024-02-04 10:55:25,Smart TV,61357.0
11626,1115,2025-11-02 23:57:34,Smart TV,387466.0
11627,613,2025-06-06 01:47:40,Unknown,145570.0
11628,949,2026-01-15 00:08:10,Desktop,43709.0
11629,1158,2026-05-20 17:35:12,Mobile,324978.0
11630,853,2025-11-26 08:16:57,Tablet,374953.0
11631,647,2025-06-10 02:22:50,Smart TV,339896.0
11632,981,2024-04-24 21:11:00,Smart TV,127118.0
11633,1004,2026-06-08 09:19:39,Mobile,77868.0
11634,830,2024-09-29 19:57:27,Unknown,148437.0
11635,1073,2025-07-07 23:47:07,Web,110552.0
11636,545,2025-11-12 04:57:28,Web,128004.0
11637,1039,2025-06-07 14:42:37,Tablet,153171.0
11638,867,2025-07-26 10:39:52,Web,73189.0
11639,364,2025-05-20 15:07:44,Desktop,157758.0
11640,223,2024-12-17 13:25:46,Mobile,62136.0
11641,955,2026-04-29 19:37:37,Mobile,279893.0
11642,162,2024-06-03 13:49:48,Tablet,335083.0
11643,845,2025-06-13 13:28:44,Desktop,62598.0
11644,611,2024-11-29 19:11:51,Unknown,287282.0
11645,1007,2026-07-29 17:39:07,Unknown,43530.0
11646,772,2025-05-31 20:11:29,Desktop,75390.0
11647,620,2024-06-29 11:03:53,Desktop,80532.0
11648,1087,2026-06-14 18:55:48,Mobile,154616.0
11649,680,2024-05-18 12:42:54,Desktop,46185.0
11650,976,2026-07-31 06:24:16,Smart TV,164735.0
11651,241,2025-06-02 06:41:43,Mobile,54677.0
11652,1124,2024-10-06 18:15:29,Mobile,135175.0
11653,711,2025-10-09 11:20:41,Mobile,221123.0
11654,770,2026-08-19 04:34:12,Desktop,118218.0
11655,494,2026-07-12 06:42:06,Mobile,220810.0
11656,232,2026-06-05 23:29:16,Smart TV,192412.0
11657,1134,2025-09-16 12:34:31,Unknown,365398.0
11658,962,2026-03-07 10:19:40,Mobile,367535.0
11659,346,2026-06-04 07:04:11,Desktop,90298.0
11660,492,2024-11-22 18:48:30,Tablet,255835.0
11661,888,2024-08-29 20:20:05,Tablet,100243.0
11662,631,2025-02-04 02:16:10,Mobile,153698.0
11663,806,2026-02-04 22:14:20,Web,190910.0
11664,663,2025-03-22 03:42:39,Unknown,109235.0
11665,106,2026-03-24 11:19:03,Mobile,128229.0
11666,14,2024-10-24 06:43:26,Tablet,118926.0
11667,533,2025-02-06 13:37:37,Desktop,194353.0
11668,410,2024-09-07 12:20:09,Smart TV,176148.0
11669,1121,2026-03-12 13:06:44,Web,57499.0
11670,554,2024-01-23 19:03:05,Smart TV,141655.0
11671,952,2024-05-31 17:04:14,Tablet,175842.0
11672,50,2025-09-27 05:03:20,Mobile,123028.0
11673,609,2024-01-01 00:53:12,Smart TV,380016.0
11674,526,2024-02-23 19:12:49,Smart TV,193520.0
11675,484,2025-03-18 04:00:06,Web,147605.0
11676,922,2026-02-04 12:30:31,Desktop,58275.0
11677,235,2025-02-03 10:38:48,Unknown,214047.0
11678,192,2024-04-23 18:50:05,Unknown,40078.0
11679,668,2024-09-15 22:57:09,Desktop,215727.0
11680,172,2026-01-19 02:58:32,Unknown,239382.0
11681,747,2025-08-13 11:19:45,Desktop,140491.0
11682,1152,2024-04-19 17:13:18,Web,333251.0
11683,303,2025-03-24 15:17:46,Mobile,295108.0
11684,957,2025-04-23 00:56:47,Mobile,195998.0
11685,676,2026-08-17 08:20:13,Unknown,369199.0
11686,253,2025-09-05 23:04:31,Unknown,119726.0
11687,1071,2026-04-05 14:48:06,Web,291033.0
11688,444,2025-02-21 09:07:53,Unknown,104353.0
11689,1172,2024-02-26 12:33:18,Mobile,142311.0
11690,83,2026-03-12 21:12:57,Desktop,95853.0
11691,654,2025-07-03 10:00:14,Smart TV,15918.0
11692,850,2026-04-09 02:07:17,Unknown,117002.0
11693,56,2025-03-24 08:59:24,Mobile,136748.0
11694,32,2026-01-31 17:45:38,Mobile,230344.0
11695,966,2026-03-18 15:54:45,Web,174513.0
11696,529,2026-05-06 21:38:12,Web,208537.0
11697,1181,2024-08-24 08:59:16,Smart TV,127063.0
11698,1163,2024-11-22 11:13:31,Desktop,180318.0
11699,363,2026-09-01 00:32:18,Web,213619.0
11700,799,2025-01-06 07:19:52,Unknown,45084.0
11701,766,2025-12-05 22:26:16,Unknown,104439.0
11702,970,2024-09-27 04:38:53,Unknown,188077.0
11703,251,2026-07-04 05:33:53,Desktop,129405.0
11704,964,2024-01-24 08:46:49,Tablet,210278.0
11705,854,2025-06-08 13:37:57,Tablet,200190.0
11706,133,2025-01-26 23:24:18,Web,223087.0
11707,778,2025-07-18 22:11:09,Smart TV,117243.0
11708,813,2026-08-15 03:12:37,Tablet,134207.0
11709,576,2025-06-20 03:47:22,Desktop,311992.0
11710,693,2024-04-30 06:21:06,Tablet,191015.0
11711,243,2026-05-31 12:43:05,Smart TV,289384.0
11712,107,2025-10-14 13:43:30,Mobile,300692.0
11713,1074,2024-01-06 19:10:15,Mobile,72125.0
11714,802,2024-01-03 22:13:32,Tablet,198914.0
11715,809,2024-02-24 02:00:25,Unknown,281427.0
11716,529,2025-08-13 07:48:47,Smart TV,121188.0
11717,201,2026-06-25 17:44:07,Tablet,127261.0
11718,275,2024-02-02 16:36:05,Web,165975.0
11719,1146,2026-03-04 15:40:19,Smart TV,83213.0
11720,1141,2024-04-25 00:26:11,Desktop,72817.0
11721,531,2024-01-04 03:36:24,Tablet,117806.0
11722,170,2024-11-22 22:18:37,Web,190219.0
11723,632,2024-08-02 02:20:55,Smart TV,79602.0
11724,513,2024-01-10 00:09:18,Web,164930.0
11725,500,2025-04-04 19:58:47,Mobile,81813.0
11726,1196,2025-01-18 19:15:05,Desktop,219062.0
11727,859,2026-07-05 01:49:51,Desktop,287649.0
11728,542,2024-02-10 13:30:43,Mobile,210927.0
11729,414,2024-02-07 01:40:48,Tablet,164810.0
11730,766,2024-07-29 06:48:49,Tablet,128869.0
11731,350,2024-08-20 08:01:40,Mobile,224854.0
11732,858,2024-05-20 21:45:52,Unknown,158447.0
11733,1128,2024-03-08 23:59:55,Tablet,193368.0
11734,192,2024-10-21 10:43:53,Desktop,193438.0
11735,450,2024-12-18 05:39:50,Mobile,253797.0
11736,289,2024-08-10 23:04:34,Smart TV,186021.0
11737,628,2026-07-30 14:25:59,Smart TV,203446.0
11738,1163,2024-05-15 17:58:44,Unknown,76335.0
11739,147,2024-08-23 17:00:24,Unknown,36152.0
11740,1191,2025-04-07 21:49:31,Unknown,140250.0
11741,34,2025-07-26 17:59:41,Mobile,127306.0
11742,938,2025-06-08 15:13:07,Unknown,261271.0
11743,459,2025-09-22 07:51:00,Web,175611.0
11744,675,2026-04-09 17:54:12,Mobile,107085.0
11745,422,2026-07-04 11:31:15,Tablet,57361.0
11746,198,2024-05-01 09:26:35,Mobile,258571.0
11747,497,2026-06-23 19:26:17,Tablet,165637.0
11748,466,2024-09-06 02:40:22,Unknown,120068.0
11749,592,2025-08-11 04:56:21,Unknown,75229.0
11750,276,2026-02-01 10:09:00,Mobile,180220.0
11751,91,2026-07-20 10:09:01,Tablet,40910.0
11752,681,2026-05-07 03:49:48,Mobile,221218.0
11753,145,2025-02-25 09:59:23,Mobile,169132.0
11754,467,2025-09-20 17:02:42,Desktop,282825.0
11755,237,2024-04-23 19:14:04,Tablet,290176.0
11756,76,2024-10-10 08:54:23,Mobile,196565.0
11757,221,2024-11-07 23:32:50,Tablet,231898.0
11758,230,2024-06-22 00:00:10,Web,88853.0
11759,589,2024-03-06 19:13:44,Unknown,140653.0
11760,854,2026-03-09 15:16:36,Mobile,281203.0
11761,697,2026-04-21 00:39:59,Smart TV,260559.0
11762,677,2025-01-30 19:10:58,Desktop,196245.0
11763,518,2024-08-15 02:48:03,Tablet,119612.0
11764,456,2026-05-13 03:24:53,Desktop,62606.0
11765,1060,2025-10-23 05:37:59,Unknown,296338.0
11766,823,2024-09-05 10:05:49,Desktop,371691.0
11767,879,2024-06-19 09:50:05,Tablet,195437.0
11768,479,2025-08-08 03:26:31,Desktop,230520.0
11769,909,2025-11-21 16:05:56,Mobile,188343.0
11770,1115,2025-05-01 04:55:23,Desktop,279807.0
11771,812,2024-10-20 19:06:56,Unknown,207214.0
11772,339,2025-11-11 12:55:36,Mobile,188813.0
11773,884,2025-12-27 09:47:59,Unknown,261972.0
11774,782,2025-11-16 16:30:20,Smart TV,88733.0
11775,299,2025-05-10 18:10:37,Desktop,303543.0
11776,322,2025-08-14 04:06:43,Smart TV,196568.0
11777,665,2026-01-23 12:05:23,Web,147522.0
11778,402,2024-01-05 01:08:09,Tablet,52030.0
11779,3,2024-08-11 20:23:55,Desktop,95069.0
11780,97,2025-08-21 05:58:37,Desktop,58491.0
11781,634,2024-07-25 14:03:37,Smart TV,126971.0
11782,870,2024-07-24 00:51:00,Unknown,220070.0
11783,92,2025-01-22 15:31:28,Unknown,132639.0
11784,588,2026-03-02 22:16:45,Smart TV,122860.0
11785,618,2024-11-14 14:51:21,Smart TV,274176.0
11786,193,2025-05-12 21:01:50,Mobile,99727.0
11787,26,2024-05-20 19:08:29,Web,120877.0
11788,1184,2025-11-04 04:36:38,Web,189009.0
11789,680,2024-12-01 01:30:12,Desktop,124436.0
11790,1055,2024-05-25 19:50:13,Tablet,57035.0
11791,561,2024-10-01 01:05:48,Mobile,154616.0
11792,674,2025-03-19 19:18:47,Smart TV,238628.0
11793,971,2025-09-03 01:50:05,Smart TV,60622.0
11794,528,2026-07-14 22:10:55,Unknown,95845.0
11795,314,2026-05-05 04:11:13,Unknown,273531.0
11796,1072,2025-09-13 06:11:02,Smart TV,237468.0
11797,1195,2026-04-09 16:31:22,Web,190936.0
11798,1025,2026-06-09 11:38:29,Desktop,182422.0
11799,740,2025-04-30 04:33:35,Desktop,88861.0
11800,174,2024-11-19 04:36:42,Mobile,303824.0
11801,738,2025-12-05 16:39:49,Web,158383.0
11802,937,2024-11-22 19:17:57,Mobile,54177.0
11803,756,2024-11-10 11:13:43,Web,101778.0
11804,761,2025-05-17 08:33:32,Unknown,259952.0
11805,1108,2024-10-01 18:36:19,Desktop,146377.0
11806,9,2026-04-07 08:06:35,Smart TV,103058.0
11807,106,2025-03-28 19:01:15,Unknown,190413.0
11808,139,2025-05-05 19:10:27,Desktop,208035.0
11809,273,2025-01-17 02:06:46,Web,128688.0
11810,739,2025-04-08 08:21:09,Desktop,56505.0
11811,497,2025-12-20 04:54:44,Smart TV,91601.0
11812,736,2024-10-20 05:14:23,Unknown,154303.0
11813,1088,2025-06-17 07:30:08,Tablet,53271.0
11814,1177,2026-04-25 22:58:34,Desktop,56353.0
11815,637,2025-07-19 06:51:31,Mobile,29720.0
11816,1059,2024-10-04 12:04:51,Desktop,98880.0
11817,898,2025-06-07 12:45:02,Unknown,102620.0
11818,431,2025-11-08 21:32:51,Smart TV,275543.0
11819,906,2024-03-22 09:46:53,Unknown,152309.0
11820,100,2025-09-29 05:36:13,Mobile,89253.0
11821,231,2025-06-18 07:43:56,Mobile,332942.0
11822,397,2024-04-29 15:54:36,Unknown,139179.0
11823,979,2026-03-28 09:45:41,Tablet,81095.0
11824,226,2026-09-09 13:07:21,Smart TV,224053.0
11825,761,2024-03-26 13:36:34,Tablet,41896.0
11826,822,2026-08-26 09:29:34,Desktop,261043.0
11827,177,2025-08-11 11:01:34,Smart TV,86245.0
11828,504,2025-06-07 14:52:24,Mobile,64364.0
11829,1124,2024-12-24 10:57:46,Desktop,234287.0
11830,127,2024-07-18 05:13:25,Web,277195.0
11831,676,2025-08-27 21:58:43,Smart TV,304977.0
11832,371,2024-01-12 11:48:55,Unknown,154616.0
11833,856,2025-12-26 10:41:52,Desktop,154616.0
11834,292,2026-05-18 13:11:38,Tablet,175156.0
11835,850,2025-04-19 01:43:22,Mobile,106042.0
11836,88,2025-02-02 00:48:11,Mobile,251041.0
11837,477,2025-10-08 00:09:27,Unknown,123405.0
11838,327,2024-09-12 12:55:05,Unknown,264777.0
11839,1012,2026-01-08 09:26:45,Unknown,147150.0
11840,687,2025-02-12 01:22:10,Unknown,203196.0
11841,639,2026-06-22 03:38:06,Smart TV,193767.0
11842,452,2026-09-15 18:30:21,Smart TV,60851.0
11843,383,2024-06-20 08:15:37,Desktop,231571.0
11844,571,2025-12-07 19:34:03,Smart TV,335452.0
11845,102,2025-09-03 21:25:38,Smart TV,151552.0
11846,1193,2024-07-13 21:08:09,Mobile,154616.0
11847,724,2025-10-07 01:07:23,Mobile,301303.0
11848,1088,2026-04-27 02:49:10,Web,94456.0
11849,410,2025-12-08 12:25:48,Web,203729.0
11850,130,2026-03-03 13:17:50,Desktop,226111.0
11851,127,2026-01-01 22:27:57,Web,78879.0
11852,487,2024-10-05 05:29:27,Web,209733.0
11853,19,2025-12-22 02:54:54,Unknown,154849.0
11854,1091,2026-09-11 00:31:48,Web,46244.0
11855,1080,2026-08-01 14:53:29,Smart TV,48172.0
11856,936,2026-03-24 21:26:54,Unknown,172001.0
11857,379,2024-10-01 14:40:05,Unknown,153718.0
11858,545,2025-09-11 06:12:16,Smart TV,322093.0
11859,412,2026-02-25 19:13:44,Smart TV,120563.0
11860,1043,2024-01-12 03:45:42,Tablet,114485.0
11861,395,2026-05-01 01:58:19,Smart TV,52053.0
11862,573,2026-07-14 06:08:41,Web,229472.0
11863,291,2026-01-29 20:28:31,Tablet,75185.0
11864,393,2024-06-07 12:16:48,Smart TV,110918.0
11865,810,2026-03-20 21:37:42,Desktop,42256.0
11866,899,2024-06-09 22:03:03,Desktop,191701.0
11867,889,2025-09-22 00:48:30,Desktop,183084.0
11868,265,2025-08-23 14:38:52,Web,129984.0
11869,99,2024-04-29 06:34:36,Unknown,144943.0
11870,21,2026-02-06 07:36:17,Smart TV,136781.0
11871,856,2024-01-05 22:27:41,Smart TV,202289.0
11872,978,2025-05-06 22:41:54,Mobile,83942.0
11873,537,2025-04-21 01:06:55,Mobile,123562.0
11874,1114,2026-08-25 15:25:46,Smart TV,248286.0
11875,1088,2025-03-04 06:51:55,Web,86319.0
11876,511,2024-01-15 02:45:54,Tablet,163594.0
11877,617,2024-04-30 11:48:39,Desktop,107564.0
11878,250,2025-05-31 17:09:03,Unknown,154616.0
11879,711,2026-02-09 01:27:55,Desktop,275983.0
11880,134,2026-02-11 14:48:22,Tablet,82742.0
11881,455,2024-06-26 06:35:00,Tablet,64136.0
11882,604,2025-10-11 00:35:53,Tablet,278579.0
11883,408,2025-06-27 08:50:47,Desktop,84657.0
11884,497,2026-05-17 05:17:52,Tablet,78079.0
11885,1024,2024-10-09 11:13:20,Tablet,313553.0
11886,231,2026-08-28 07:09:38,Smart TV,123011.0
11887,42,2026-06-01 07:32:11,Mobile,173761.0
11888,1153,2024-04-15 14:57:19,Mobile,326750.0
11889,796,2024-09-21 07:46:02,Web,166844.0
11890,130,2024-05-22 22:19:53,Unknown,208583.0
11891,484,2026-05-25 04:05:46,Tablet,149370.0
11892,502,2026-03-31 00:18:22,Mobile,239855.0
11893,607,2026-08-18 13:40:37,Smart TV,108537.0
11894,971,2024-08-26 03:58:46,Tablet,113002.0
11895,484,2026-05-31 17:02:06,Web,136508.0
11896,528,2025-10-14 01:37:15,Web,131048.0
11897,500,2026-07-20 07:02:09,Unknown,345576.0
11898,508,2024-07-20 11:55:15,Tablet,270025.0
11899,595,2026-06-03 11:04:02,Tablet,114039.0
11900,42,2024-06-13 11:47:38,Mobile,248249.0
11901,361,2025-04-29 19:47:41,Smart TV,33587.0
11902,515,2026-02-10 11:15:34,Smart TV,170560.0
11903,989,2026-03-21 19:54:53,Tablet,247703.0
11904,350,2025-02-11 18:12:51,Desktop,117555.0
11905,984,2026-02-24 01:55:19,Unknown,156634.0
11906,418,2025-03-07 02:02:18,Desktop,117810.0
11907,1018,2024-01-13 23:50:07,Web,169962.0
11908,732,2025-02-23 12:15:45,Mobile,39358.0
11909,570,2024-06-29 08:01:59,Mobile,168821.0
11910,627,2024-11-18 00:46:52,Unknown,206891.0
11911,1137,2024-06-23 05:39:31,Mobile,241472.0
11912,548,2025-12-29 01:13:37,Mobile,154616.0
11913,249,2025-08-13 00:54:18,Unknown,120610.0
11914,631,2026-01-20 06:12:49,Web,209525.0
11915,650,2025-05-31 01:16:21,Mobile,283573.0
11916,813,2025-12-18 08:14:44,Tablet,270083.0
11917,1006,2026-03-11 05:12:49,Web,182214.0
11918,732,2024-11-22 15:09:21,Web,80902.0
11919,1012,2025-03-03 20:17:14,Web,89832.0
11920,1095,2026-05-27 09:13:20,Desktop,164790.0
11921,99,2025-01-14 01:34:54,Mobile,92434.0
11922,46,2024-05-23 15:34:43,Tablet,281787.0
11923,894,2025-05-02 16:41:09,Mobile,289869.0
11924,1197,2024-06-30 01:44:04,Smart TV,72921.0
11925,508,2025-03-26 16:15:11,Unknown,129734.0
11926,907,2025-09-29 10:49:10,Unknown,215778.0
11927,388,2026-05-21 13:56:33,Mobile,192081.0
11928,188,2025-02-13 05:58:49,Desktop,309679.0
11929,277,2025-09-13 08:16:06,Desktop,204248.0
11930,1177,2025-10-27 02:57:51,Desktop,168161.0
11931,957,2024-12-14 22:04:32,Smart TV,174186.0
11932,269,2025-05-04 12:54:06,Web,210723.0
11933,1066,2026-01-28 13:48:36,Mobile,84292.0
11934,421,2026-05-24 19:05:24,Unknown,183335.0
11935,955,2025-11-16 20:09:59,Mobile,119082.0
11936,910,2025-08-22 09:28:17,Desktop,242488.0
11937,561,2024-03-27 03:45:31,Smart TV,84683.0
11938,614,2026-04-22 14:48:05,Tablet,128152.0
11939,664,2024-02-20 13:39:47,Desktop,237990.0
11940,13,2025-02-10 09:40:31,Web,154616.0
11941,759,2025-12-26 00:35:15,Mobile,127278.0
11942,255,2026-07-08 14:54:12,Unknown,27762.0
11943,89,2024-10-11 17:29:29,Mobile,161952.0
11944,272,2024-08-25 17:27:44,Smart TV,229612.0
11945,486,2025-01-05 17:48:12,Web,101829.0
11946,889,2024-09-16 05:31:02,Tablet,200367.0
11947,1188,2025-11-01 21:31:26,Smart TV,74001.0
11948,168,2025-05-23 15:57:55,Mobile,249301.0
11949,866,2025-06-22 15:22:53,Tablet,105264.0
11950,1158,2025-09-26 14:21:42,Web,95223.0
11951,212,2025-11-04 23:48:04,Mobile,154616.0
11952,522,2024-10-17 07:24:53,Web,90928.0
11953,218,2024-01-02 01:43:11,Mobile,97492.0
11954,915,2025-10-04 15:42:58,Unknown,45889.0
11955,544,2026-02-15 13:20:15,Unknown,119816.0
11956,939,2025-10-13 06:53:31,Smart TV,65048.0
11957,566,2026-02-14 05:36:04,Tablet,206574.0
11958,249,2024-09-08 07:18:40,Web,270098.0
11959,494,2026-03-19 19:08:19,Mobile,40136.0
11960,1107,2025-05-18 12:48:30,Web,285410.0
11961,219,2026-06-19 06:20:09,Desktop,154616.0
11962,868,2025-10-09 15:59:50,Tablet,98707.0
11963,791,2024-03-16 19:00:34,Web,119486.0
11964,268,2026-02-13 01:04:16,Web,134329.0
11965,1098,2025-07-01 16:38:15,Mobile,166928.0
11966,330,2026-02-07 20:25:59,Smart TV,104082.0
11967,713,2026-03-25 11:34:35,Desktop,105953.0
11968,1103,2024-10-20 19:04:15,Web,154616.0
11969,210,2024-12-18 16:58:06,Mobile,327078.0
11970,695,2026-01-01 10:50:18,Tablet,134987.0
11971,31,2026-02-18 23:54:27,Mobile,207211.0
11972,1120,2025-01-10 01:21:22,Mobile,151524.0
11973,425,2025-05-29 07:16:22,Mobile,264042.0
11974,533,2025-03-22 08:59:06,Smart TV,148662.0
11975,753,2025-07-02 10:05:25,Tablet,141477.0
11976,662,2026-06-27 10:52:52,Smart TV,320393.0
11977,365,2024-01-02 15:29:48,Unknown,196010.0
11978,582,2026-03-09 18:34:52,Desktop,172572.0
11979,934,2024-01-18 06:44:11,Smart TV,40339.0
11980,248,2025-05-04 09:27:25,Web,86901.0
11981,172,2025-05-07 05:48:58,Web,284124.0
11982,246,2024-10-26 12:43:43,Mobile,276501.0
11983,1112,2024-07-04 21:18:32,Tablet,199240.0
11984,191,2024-01-11 03:58:19,Tablet,65526.0
11985,81,2024-01-14 03:43:09,Unknown,257902.0
11986,478,2025-08-04 09:54:31,Web,196936.0
11987,1,2026-06-01 07:44:01,Mobile,229732.0
11988,927,2025-11-03 17:17:34,Tablet,323353.0
11989,946,2024-06-29 21:39:37,Web,143790.0
11990,113,2025-11-23 13:33:41,Unknown,197460.0
11991,1032,2026-01-25 06:10:07,Web,227452.0
11992,819,2025-11-17 21:27:45,Desktop,159037.0
11993,965,2024-10-24 06:34:38,Tablet,59468.0
11994,1046,2024-08-14 00:20:54,Mobile,105643.0
11995,563,2024-11-24 07:27:34,Desktop,225095.0
11996,492,2024-06-21 03:17:52,Mobile,120080.0
11997,448,2025-07-16 13:58:43,Desktop,307255.0
11998,280,2025-02-10 16:58:26,Smart TV,331269.0
11999,206,2024-03-06 21:44:41,Mobile,271251.0
12000,580,2025-05-17 11:55:37,Tablet,133985.0
12001,1113,2024-06-02 08:59:58,Desktop,81683.0
12002,145,2026-08-05 19:21:51,Unknown,185467.0
12003,527,2024-10-26 11:12:37,Mobile,166976.0
12004,613,2025-06-10 19:08:01,Web,97531.0
12005,1001,2024-04-11 15:40:43,Mobile,106881.0
12006,967,2025-04-13 03:08:03,Smart TV,45748.0
12007,804,2025-01-10 09:28:41,Mobile,32054.0
12008,106,2024-05-29 07:11:03,Mobile,107096.0
12009,612,2026-02-20 01:13:41,Web,215630.0
12010,294,2024-03-24 00:49:22,Unknown,129099.0
12011,176,2024-07-14 16:06:30,Web,60074.0
12012,1006,2025-12-18 21:10:05,Tablet,240037.0
12013,209,2024-03-01 19:54:31,Tablet,269126.0
12014,761,2026-06-30 18:27:59,Unknown,179604.0
12015,176,2025-11-25 22:27:22,Unknown,77824.0
12016,306,2024-04-30 16:49:22,Tablet,197262.0
12017,879,2026-03-28 02:06:48,Tablet,215289.0
12018,483,2024-09-24 17:52:36,Desktop,180823.0
12019,839,2024-10-08 15:21:53,Mobile,187189.0
12020,680,2025-10-29 23:34:21,Mobile,40225.0
12021,692,2024-01-14 08:37:59,Unknown,141193.0
12022,27,2026-09-06 23:52:30,Mobile,208274.0
12023,198,2025-12-15 09:17:09,Smart TV,41029.0
12024,42,2024-08-24 10:57:59,Mobile,261801.0
12025,1037,2024-05-14 14:23:54,Web,269880.0
12026,840,2026-03-20 10:17:30,Web,161218.0
12027,89,2025-10-19 16:18:01,Mobile,100965.0
12028,1155,2025-07-14 20:54:08,Tablet,217419.0
12029,444,2026-01-31 11:37:19,Smart TV,154616.0
12030,1039,2026-03-13 09:16:29,Mobile,248201.0
12031,263,2025-01-05 17:35:56,Mobile,140737.0
12032,518,2024-10-29 00:54:42,Tablet,250728.0
12033,935,2024-11-22 23:00:32,Unknown,112588.0
12034,232,2026-01-18 03:52:28,Smart TV,213355.0
12035,790,2024-01-03 06:38:12,Desktop,181742.0
12036,849,2024-03-18 12:31:11,Tablet,153307.0
12037,751,2025-02-14 21:55:10,Tablet,154616.0
12038,414,2024-11-01 20:22:12,Desktop,89729.0
12039,640,2025-10-16 12:23:12,Mobile,127115.0
12040,975,2024-11-13 04:43:23,Tablet,94512.0
12041,1027,2024-04-08 03:05:26,Smart TV,131353.0
12042,1157,2026-02-12 03:16:22,Unknown,311316.0
12043,909,2025-11-12 19:00:51,Smart TV,150286.0
12044,298,2025-07-07 02:09:58,Smart TV,171765.0
12045,1117,2024-05-16 09:30:18,Unknown,141123.0
12046,382,2025-09-19 17:56:24,Unknown,40872.0
12047,671,2026-01-31 18:45:16,Tablet,290919.0
12048,598,2026-03-29 07:44:59,Unknown,132025.0
12049,241,2024-06-12 03:26:57,Unknown,185340.0
12050,375,2025-07-04 19:06:59,Mobile,265745.0
12051,532,2024-12-24 11:18:39,Unknown,338985.0
12052,656,2026-08-01 10:16:50,Mobile,346624.0
12053,316,2024-11-24 21:27:27,Web,248895.0
12054,394,2024-05-24 10:03:13,Tablet,129062.0
12055,376,2024-06-27 02:10:12,Unknown,254587.0
12056,225,2026-04-16 00:53:43,Tablet,171956.0
12057,1196,2025-07-24 21:44:13,Mobile,305435.0
12058,1108,2025-12-05 03:00:29,Desktop,83854.0
12059,500,2026-08-12 07:47:17,Mobile,179907.0
12060,90,2025-04-20 07:54:02,Desktop,137241.0
12061,592,2025-10-05 07:43:58,Tablet,105354.0
12062,585,2024-03-14 12:33:20,Tablet,125193.0
12063,618,2025-03-04 03:28:40,Smart TV,162861.0
12064,401,2026-03-23 17:47:34,Tablet,155235.0
12065,993,2024-04-09 11:52:25,Mobile,63017.0
12066,11,2025-02-09 06:52:53,Mobile,113923.0
12067,359,2026-06-18 23:30:03,Desktop,181790.0
12068,773,2026-04-01 05:25:05,Smart TV,170918.0
12069,226,2025-07-10 04:03:02,Smart TV,113475.0
12070,833,2026-08-22 10:27:29,Tablet,346392.0
12071,1028,2024-11-19 01:20:47,Mobile,95859.0
12072,630,2025-04-16 13:37:11,Mobile,120563.0
12073,499,2026-05-05 07:35:17,Mobile,174347.0
12074,216,2024-07-01 08:17:12,Mobile,154616.0
12075,212,2026-02-10 04:14:09,Tablet,251447.0
12076,483,2024-10-13 03:51:58,Tablet,126353.0
12077,310,2024-05-22 03:02:52,Web,352474.0
12078,156,2024-04-15 01:35:25,Mobile,183129.0
12079,1111,2025-08-02 12:30:30,Web,214102.0
12080,464,2024-12-16 14:24:27,Mobile,203390.0
12081,50,2025-07-15 03:33:25,Unknown,85746.0
12082,1130,2025-02-05 00:24:32,Mobile,113253.0
12083,991,2026-01-26 11:10:30,Smart TV,136815.0
12084,516,2025-09-06 12:05:29,Tablet,102712.0
12085,541,2025-11-07 22:03:58,Smart TV,272679.0
12086,470,2025-08-05 04:24:00,Smart TV,130500.0
12087,1165,2024-10-22 03:00:03,Tablet,229197.0
12088,952,2024-01-28 02:39:24,Web,114604.0
12089,108,2026-02-14 15:12:02,Web,78961.0
12090,226,2025-10-11 15:46:53,Web,130583.0
12091,456,2024-01-27 10:04:32,Web,69518.0
12092,1186,2025-06-09 02:18:00,Smart TV,145202.0
12093,500,2026-05-11 04:57:01,Desktop,257518.0
12094,408,2024-11-22 00:19:06,Web,226390.0
12095,184,2026-06-09 04:11:30,Tablet,65667.0
12096,205,2025-01-27 05:11:32,Tablet,156870.0
12097,754,2024-06-26 00:53:55,Mobile,138106.0
12098,684,2025-12-11 20:57:26,Desktop,212042.0
12099,300,2026-06-18 23:26:23,Web,39865.0
12100,823,2025-01-18 14:21:09,Desktop,127308.0
12101,762,2025-02-22 21:48:42,Smart TV,44893.0
12102,806,2024-04-03 22:38:18,Tablet,167275.0
12103,192,2024-08-14 18:26:18,Mobile,142730.0
12104,45,2024-05-13 23:33:26,Web,37316.0
12105,67,2024-06-28 19:23:33,Smart TV,187824.0
12106,682,2025-10-22 00:39:04,Desktop,32295.0
12107,132,2025-09-16 00:45:57,Tablet,115258.0
12108,326,2024-11-20 19:04:12,Mobile,92637.0
12109,1050,2026-08-03 23:19:27,Mobile,182904.0
12110,930,2025-05-25 10:39:54,Mobile,227609.0
12111,369,2024-12-28 14:48:39,Tablet,176417.0
12112,191,2024-04-01 22:57:56,Unknown,171087.0
12113,897,2024-06-01 16:04:49,Web,87643.0
12114,764,2026-05-12 17:55:14,Smart TV,309458.0
12115,547,2025-07-23 09:15:50,Web,154616.0
12116,338,2026-02-07 06:33:43,Tablet,200181.0
12117,1082,2024-05-08 15:59:22,Mobile,59160.0
12118,773,2024-12-13 17:24:29,Unknown,119647.0
12119,894,2025-04-26 05:20:46,Web,189866.0
12120,215,2026-04-17 22:43:35,Smart TV,97762.0
12121,1038,2026-08-02 01:34:25,Smart TV,148735.0
12122,1047,2025-11-29 21:41:54,Tablet,89176.0
12123,810,2026-06-28 16:01:06,Mobile,164861.0
12124,733,2024-10-22 04:30:12,Smart TV,263517.0
12125,894,2024-06-23 14:43:11,Desktop,202896.0
12126,1095,2025-08-02 04:59:22,Web,165628.0
12127,681,2026-05-25 12:14:10,Web,228105.0
12128,1036,2024-08-22 02:22:22,Tablet,87906.0
12129,708,2024-08-22 05:45:48,Desktop,70021.0
12130,217,2026-06-12 23:32:56,Desktop,181086.0
12131,96,2024-11-30 18:37:14,Web,172596.0
12132,539,2025-07-10 07:35:56,Tablet,248385.0
12133,92,2025-03-11 18:11:02,Web,47631.0
12134,356,2025-01-07 02:59:59,Tablet,165844.0
12135,955,2026-02-02 11:56:50,Smart TV,200049.0
12136,208,2026-05-02 16:27:35,Desktop,255466.0
12137,615,2026-05-26 01:39:43,Tablet,141211.0
12138,771,2024-04-20 08:58:33,Tablet,233346.0
12139,472,2024-10-07 17:07:49,Web,130765.0
12140,88,2024-02-19 10:48:59,Web,105295.0
12141,115,2024-01-10 15:37:22,Smart TV,154616.0
12142,1064,2024-11-10 08:40:57,Web,176694.0
12143,1078,2025-02-13 03:00:18,Tablet,105823.0
12144,1046,2026-09-12 17:14:37,Web,173007.0
12145,64,2026-07-10 22:53:35,Unknown,61018.0
12146,509,2025-07-09 09:38:02,Smart TV,39860.0
12147,34,2025-03-29 18:59:37,Unknown,120402.0
12148,390,2026-04-20 01:52:46,Mobile,241702.0
12149,230,2025-06-02 05:27:23,Smart TV,179280.0
12150,89,2026-03-07 14:08:37,Unknown,166633.0
12151,166,2025-04-30 22:32:33,Unknown,173767.0
12152,818,2025-05-26 00:44:12,Web,189801.0
12153,346,2024-01-01 12:31:45,Mobile,43374.0
12154,19,2026-09-07 01:19:28,Smart TV,70176.0
12155,9,2025-12-06 14:32:30,Mobile,108566.0
12156,17,2026-03-21 13:57:22,Mobile,195578.0
12157,83,2025-08-19 01:58:17,Desktop,286919.0
12158,838,2026-01-23 23:13:32,Web,326491.0
12159,716,2025-02-14 11:14:19,Web,110478.0
12160,69,2025-12-21 17:25:46,Desktop,183236.0
12161,720,2026-05-17 21:45:58,Mobile,154616.0
12162,467,2025-10-01 23:24:33,Mobile,308947.0
12163,968,2026-04-20 15:03:11,Desktop,212402.0
12164,704,2025-08-04 07:52:16,Mobile,80636.0
12165,1044,2026-03-11 07:21:41,Mobile,276744.0
12166,702,2025-04-09 17:29:28,Smart TV,72053.0
12167,868,2024-06-04 04:15:39,Tablet,103416.0
12168,1054,2024-11-09 23:51:15,Web,116758.0
12169,983,2025-10-23 02:53:09,Tablet,127948.0
12170,458,2025-03-07 03:33:47,Tablet,153224.0
12171,350,2025-11-19 23:10:33,Mobile,127484.0
12172,529,2025-11-16 04:15:43,Mobile,270610.0
12173,177,2025-10-12 10:45:20,Mobile,156752.0
12174,578,2025-11-21 00:35:41,Desktop,363740.0
12175,466,2025-04-13 12:09:51,Unknown,244312.0
12176,349,2025-06-23 22:46:58,Mobile,182096.0
12177,1069,2025-06-12 07:39:05,Mobile,117158.0
12178,186,2025-03-06 01:02:33,Tablet,65529.0
12179,758,2026-04-22 20:52:21,Unknown,122965.0
12180,512,2024-11-28 04:59:44,Mobile,299360.0
12181,616,2024-06-08 01:02:52,Tablet,312391.0
12182,1199,2025-08-23 11:47:52,Web,217171.0
12183,8,2025-07-16 00:26:16,Tablet,274011.0
12184,319,2025-11-01 18:52:29,Web,104442.0
12185,628,2026-05-27 21:05:08,Unknown,170769.0
12186,873,2024-07-12 00:25:18,Unknown,149918.0
12187,981,2025-05-04 04:58:40,Tablet,188061.0
12188,1026,2024-08-22 07:02:31,Web,199699.0
12189,500,2024-11-05 21:21:03,Desktop,369756.0
12190,796,2024-08-18 21:44:58,Tablet,109897.0
12191,449,2025-01-11 10:43:34,Smart TV,135882.0
12192,25,2025-04-03 12:20:51,Desktop,290827.0
12193,1093,2025-07-13 06:12:03,Web,54128.0
12194,62,2025-08-01 04:23:46,Unknown,175196.0
12195,1160,2024-11-24 17:40:04,Desktop,253853.0
12196,1078,2024-05-27 15:35:02,Desktop,144953.0
12197,903,2024-12-27 21:08:14,Smart TV,197738.0
12198,1075,2026-06-18 01:36:06,Mobile,176725.0
12199,93,2026-05-07 12:57:41,Web,85653.0
12200,895,2025-08-19 05:45:03,Desktop,206197.0
12201,1026,2025-01-20 07:53:34,Desktop,116619.0
12202,460,2025-01-28 09:01:55,Web,181659.0
12203,1030,2024-10-21 23:31:31,Mobile,280133.0
12204,529,2026-05-13 13:33:33,Smart TV,157987.0
12205,458,2026-07-05 19:21:34,Tablet,246128.0
12206,61,2025-01-10 01:45:46,Mobile,138197.0
12207,253,2024-12-07 06:28:52,Tablet,137430.0
12208,901,2026-02-04 03:05:23,Mobile,154616.0
12209,50,2026-02-15 07:13:23,Web,28718.0
12210,274,2026-05-28 23:59:39,Smart TV,190570.0
12211,354,2025-06-26 14:17:47,Web,133126.0
12212,1128,2025-05-19 18:22:23,Smart TV,356788.0
12213,77,2026-01-04 01:31:10,Web,333733.0
12214,756,2025-10-22 13:03:48,Tablet,147453.0
12215,145,2024-10-29 14:42:00,Unknown,133218.0
12216,344,2026-05-09 17:05:50,Mobile,55041.0
12217,430,2025-06-10 20:18:11,Mobile,141837.0
12218,993,2025-11-21 04:46:22,Mobile,219689.0
12219,889,2025-09-13 13:49:59,Tablet,148239.0
12220,560,2026-03-10 09:08:48,Tablet,244124.0
12221,497,2024-03-30 16:27:11,Desktop,57015.0
12222,60,2025-02-21 06:23:52,Mobile,117905.0
12223,950,2024-06-13 16:37:10,Tablet,83381.0
12224,745,2025-01-28 20:46:39,Desktop,98670.0
12225,1030,2026-09-17 17:48:42,Unknown,264459.0
12226,504,2026-07-02 10:32:42,Web,77449.0
12227,35,2024-06-15 10:25:08,Mobile,32652.0
12228,723,2024-02-12 20:21:39,Unknown,187352.0
12229,584,2024-12-22 02:04:10,Desktop,90646.0
12230,764,2024-01-13 22:08:24,Smart TV,112741.0
12231,1164,2024-06-25 12:29:14,Unknown,217783.0
12232,332,2025-03-12 02:28:22,Web,147968.0
12233,178,2025-06-19 19:48:34,Desktop,81273.0
12234,1039,2025-04-07 01:09:54,Desktop,71160.0
12235,880,2026-02-07 23:42:39,Tablet,72805.0
12236,349,2024-08-01 05:38:32,Tablet,344897.0
12237,910,2026-04-30 10:11:56,Web,258828.0
12238,673,2024-04-07 05:50:41,Unknown,46840.0
12239,6,2026-09-15 16:24:44,Mobile,208935.0
12240,916,2026-08-09 14:41:10,Desktop,127787.0
12241,8,2026-07-23 16:31:28,Desktop,58339.0
12242,760,2025-11-21 20:51:03,Desktop,138640.0
12243,181,2024-06-28 19:55:19,Mobile,248892.0
12244,182,2025-06-04 15:39:00,Mobile,138044.0
12245,712,2024-10-02 04:38:21,Mobile,102059.0
12246,338,2025-01-21 05:06:17,Tablet,149523.0
12247,576,2025-02-08 14:37:28,Unknown,284888.0
12248,667,2024-12-16 00:52:39,Mobile,77436.0
12249,1165,2024-09-30 08:27:10,Web,143439.0
12250,1027,2024-05-24 23:04:34,Tablet,154616.0
12251,747,2026-01-29 02:17:26,Tablet,34401.0
12252,544,2025-04-06 13:36:28,Unknown,325497.0
12253,607,2025-03-09 13:30:19,Web,113327.0
12254,616,2025-10-31 05:33:37,Tablet,360264.0
12255,48,2025-10-31 08:18:30,Desktop,286731.0
12256,1167,2025-05-06 23:33:57,Web,280483.0
12257,1149,2024-01-25 11:44:54,Unknown,147275.0
12258,1136,2025-04-05 07:11:47,Desktop,227524.0
12259,74,2024-04-12 18:55:16,Mobile,234011.0
12260,175,2024-02-23 21:48:47,Desktop,102056.0
12261,80,2024-06-16 18:52:00,Unknown,168279.0
12262,705,2024-09-06 13:16:42,Mobile,231818.0
12263,1127,2026-05-01 21:04:52,Smart TV,201312.0
12264,219,2025-11-04 16:07:56,Smart TV,64729.0
12265,1141,2025-07-02 05:59:31,Web,145402.0
12266,707,2024-05-03 12:33:13,Tablet,52873.0
12267,502,2026-07-04 09:11:19,Mobile,174003.0
12268,1037,2026-04-12 19:41:31,Unknown,258567.0
12269,9,2025-06-25 03:20:50,Desktop,104522.0
12270,1010,2025-12-13 10:06:31,Mobile,97536.0
12271,183,2025-01-09 15:50:34,Desktop,183432.0
12272,247,2026-01-24 02:22:16,Tablet,45499.0
12273,548,2025-07-11 13:28:50,Unknown,75126.0
12274,394,2026-05-31 21:56:41,Desktop,244019.0
12275,1061,2024-04-13 05:24:10,Web,138414.0
12276,1006,2025-02-19 14:03:32,Tablet,243216.0
12277,542,2025-03-17 03:10:11,Mobile,182947.0
12278,234,2024-11-02 11:39:10,Smart TV,112407.0
12279,210,2025-04-11 07:23:10,Unknown,313861.0
12280,202,2026-08-09 02:32:29,Web,63223.0
12281,15,2026-07-18 20:32:14,Unknown,97529.0
12282,842,2026-01-01 03:49:10,Unknown,338651.0
12283,707,2025-11-11 22:31:13,Smart TV,161057.0
12284,978,2025-03-28 05:41:57,Web,232000.0
12285,121,2026-07-03 02:52:25,Web,186661.0
12286,1155,2024-12-16 07:07:53,Smart TV,271725.0
12287,969,2024-05-22 19:26:45,Tablet,195778.0
12288,399,2025-05-21 05:38:16,Smart TV,135117.0
12289,219,2025-02-05 19:28:41,Desktop,157161.0
12290,1017,2025-11-16 11:29:49,Mobile,36497.0
12291,95,2026-07-24 06:09:24,Desktop,159209.0
12292,814,2026-06-13 10:04:35,Unknown,200788.0
12293,976,2025-02-11 02:27:42,Web,307598.0
12294,287,2026-04-13 18:09:17,Smart TV,68817.0
12295,707,2024-11-13 07:08:54,Smart TV,221089.0
12296,1138,2026-09-06 02:02:19,Unknown,56761.0
12297,23,2025-05-16 10:48:18,Tablet,152408.0
12298,443,2024-12-10 18:43:17,Smart TV,248363.0
12299,1131,2026-02-12 09:40:24,Unknown,200770.0
12300,827,2026-07-10 14:33:08,Mobile,394172.0
12301,581,2024-11-04 09:25:30,Desktop,167882.0
12302,367,2025-12-28 07:08:02,Tablet,43210.0
12303,1160,2024-04-25 09:17:47,Desktop,217005.0
12304,673,2025-06-01 20:32:43,Smart TV,39951.0
12305,657,2024-11-02 12:02:31,Smart TV,196678.0
12306,445,2025-04-14 06:43:01,Tablet,29137.0
12307,411,2025-09-15 09:42:49,Web,88672.0
12308,37,2024-10-23 19:07:02,Smart TV,112011.0
12309,41,2025-02-08 17:55:15,Smart TV,51365.0
12310,817,2024-05-09 09:45:33,Tablet,40154.0
12311,441,2026-08-24 07:50:57,Unknown,183935.0
12312,1184,2024-07-06 17:04:03,Desktop,65607.0
12313,1144,2026-07-03 21:53:03,Smart TV,222818.0
12314,51,2026-04-25 05:10:42,Smart TV,284851.0
12315,324,2024-03-09 19:42:56,Mobile,106483.0
12316,738,2025-04-08 17:53:01,Smart TV,81404.0
12317,674,2024-09-03 14:46:54,Smart TV,78762.0
12318,88,2024-08-13 14:17:43,Web,61551.0
12319,492,2025-09-20 14:53:16,Tablet,224913.0
12320,1056,2025-11-01 06:51:10,Mobile,344437.0
12321,689,2025-03-27 03:55:49,Desktop,259538.0
12322,22,2024-02-22 07:04:06,Web,63966.0
12323,516,2024-03-24 11:42:34,Tablet,223631.0
12324,994,2026-05-16 11:09:00,Tablet,118786.0
12325,929,2024-11-20 23:26:39,Unknown,229870.0
12326,394,2026-02-12 03:32:26,Unknown,335275.0
12327,500,2025-11-18 22:31:08,Mobile,54821.0
12328,669,2025-12-24 17:54:57,Desktop,95065.0
12329,14,2025-07-01 07:36:40,Unknown,241958.0
12330,774,2025-12-20 06:43:43,Tablet,84469.0
12331,592,2025-04-28 08:28:58,Mobile,232197.0
12332,1035,2026-04-24 04:41:19,Mobile,50899.0
12333,833,2024-04-07 02:18:51,Desktop,109185.0
12334,1141,2025-07-16 13:26:42,Mobile,116273.0
12335,764,2025-07-10 22:01:01,Mobile,389943.0
12336,1166,2025-03-01 12:40:59,Desktop,97497.0
12337,20,2024-06-18 14:47:55,Tablet,250847.0
12338,95,2026-03-21 07:25:52,Unknown,71012.0
12339,429,2025-07-30 20:34:38,Desktop,248017.0
12340,1180,2024-01-22 21:01:12,Web,45734.0
12341,138,2026-05-07 05:47:07,Tablet,238430.0
12342,147,2025-11-03 16:05:27,Smart TV,87588.0
12343,438,2026-02-08 12:20:19,Desktop,37867.0
12344,21,2026-05-12 09:59:12,Desktop,190592.0
12345,46,2024-04-07 21:35:00,Unknown,78478.0
12346,57,2026-05-18 16:15:15,Tablet,76477.0
12347,362,2024-10-11 03:36:12,Unknown,357544.0
12348,444,2024-12-27 15:15:48,Unknown,111112.0
12349,130,2026-04-04 23:29:46,Unknown,210418.0
12350,991,2024-08-16 10:04:24,Desktop,296022.0
12351,355,2024-02-20 18:47:13,Unknown,162081.0
12352,22,2025-09-21 00:56:18,Mobile,289553.0
12353,950,2026-05-11 10:19:13,Tablet,155957.0
12354,1034,2025-02-23 04:49:29,Tablet,49349.0
12355,860,2025-05-07 08:54:23,Unknown,153469.0
12356,1095,2025-09-02 09:40:40,Desktop,69482.0
12357,733,2025-08-25 18:57:30,Unknown,311418.0
12358,127,2026-06-13 04:55:10,Mobile,280141.0
12359,144,2025-02-07 14:34:55,Mobile,159658.0
12360,949,2024-09-26 17:54:49,Desktop,92791.0
12361,498,2025-11-17 10:14:52,Smart TV,116005.0
12362,858,2024-10-16 15:57:15,Unknown,118846.0
12363,597,2025-10-09 15:42:00,Mobile,192730.0
12364,446,2024-09-03 13:02:24,Unknown,54795.0
12365,97,2025-12-20 03:43:22,Smart TV,95561.0
12366,716,2024-02-08 22:43:56,Mobile,214793.0
12367,931,2026-04-25 13:10:13,Smart TV,187892.0
12368,414,2026-04-29 22:39:02,Desktop,261029.0
12369,355,2025-08-25 22:44:58,Unknown,250420.0
12370,689,2025-12-09 17:39:31,Web,207464.0
12371,448,2026-06-09 09:01:15,Mobile,220724.0
12372,357,2024-09-07 15:04:15,Mobile,112602.0
12373,458,2026-08-14 16:11:50,Smart TV,205920.0
12374,127,2025-02-09 04:20:35,Tablet,187885.0
12375,98,2026-08-17 23:19:40,Unknown,35262.0
12376,136,2025-02-25 14:00:09,Desktop,181838.0
12377,547,2025-10-27 03:11:46,Web,50990.0
12378,783,2025-05-14 05:59:40,Web,88587.0
12379,270,2024-02-05 23:18:23,Tablet,161675.0
12380,606,2024-07-01 23:04:13,Unknown,113272.0
12381,130,2024-07-15 15:59:19,Smart TV,283321.0
12382,626,2025-07-24 15:14:22,Mobile,233988.0
12383,540,2026-04-27 08:04:08,Tablet,139028.0
12384,474,2026-05-13 13:39:37,Tablet,41082.0
12385,23,2026-06-22 18:13:26,Unknown,147839.0
12386,27,2024-03-01 05:39:47,Tablet,166496.0
12387,351,2025-07-25 04:02:23,Desktop,357502.0
12388,668,2026-07-22 09:05:48,Mobile,116896.0
12389,3,2024-06-24 06:21:24,Desktop,52437.0
12390,147,2025-02-25 00:54:16,Desktop,138445.0
12391,305,2026-07-30 19:12:27,Desktop,221357.0
12392,940,2024-01-02 21:44:04,Desktop,295053.0
12393,858,2024-09-07 08:46:22,Desktop,45971.0
12394,107,2026-07-12 00:26:35,Tablet,90561.0
12395,662,2024-06-15 04:21:59,Smart TV,154616.0
12396,283,2024-05-13 09:51:03,Unknown,78514.0
12397,1082,2025-02-18 01:35:35,Tablet,34160.0
12398,1049,2025-05-30 05:44:27,Tablet,142227.0
12399,52,2025-10-13 06:10:29,Desktop,166928.0
12400,950,2025-02-14 21:19:51,Web,164604.0
12401,646,2024-02-17 20:18:56,Desktop,96225.0
12402,887,2026-01-09 22:37:47,Unknown,46881.0
12403,1006,2024-06-14 12:03:57,Unknown,120801.0
12404,1004,2024-10-23 11:31:00,Mobile,135233.0
12405,382,2025-01-28 19:44:57,Tablet,67080.0
12406,705,2025-03-02 10:38:58,Smart TV,70700.0
12407,680,2026-09-06 22:40:23,Desktop,221748.0
12408,540,2025-06-14 08:41:44,Desktop,224975.0
12409,921,2025-09-15 01:48:07,Web,165357.0
12410,691,2025-04-07 08:39:38,Web,80639.0
12411,559,2024-04-30 07:54:37,Smart TV,228579.0
12412,781,2026-08-17 02:37:18,Desktop,178554.0
12413,458,2024-02-02 20:06:02,Desktop,51790.0
12414,394,2025-12-22 23:09:32,Desktop,120254.0
12415,31,2024-09-14 12:56:53,Unknown,186440.0
12416,122,2024-12-28 06:03:24,Tablet,118912.0
12417,1046,2025-09-17 00:26:56,Unknown,182847.0
12418,233,2024-09-11 04:23:09,Smart TV,244089.0
12419,786,2024-08-21 22:11:56,Mobile,107405.0
12420,351,2026-04-16 05:00:29,Unknown,55888.0
12421,890,2026-02-27 16:35:44,Smart TV,175138.0
12422,1199,2025-01-03 03:44:04,Mobile,83236.0
12423,643,2025-05-15 01:02:40,Unknown,157663.0
12424,43,2026-02-28 08:27:48,Mobile,133218.0
12425,112,2024-01-09 01:22:27,Mobile,154616.0
12426,225,2024-03-03 20:21:26,Desktop,71231.0
12427,1146,2026-06-26 06:07:38,Mobile,44600.0
12428,405,2026-05-22 19:48:04,Tablet,325880.0
12429,216,2024-12-08 04:10:13,Tablet,268508.0
12430,1189,2026-05-12 05:50:44,Mobile,98403.0
12431,161,2026-06-12 14:20:35,Desktop,84807.0
12432,728,2026-08-02 13:20:48,Smart TV,122836.0
12433,102,2025-08-07 17:24:44,Unknown,314910.0
12434,620,2024-06-11 06:22:14,Mobile,258972.0
12435,737,2025-07-16 07:15:19,Desktop,337498.0
12436,962,2024-03-05 13:38:50,Web,352703.0
12437,640,2024-09-17 22:12:38,Desktop,195984.0
12438,597,2026-08-03 14:16:02,Desktop,101004.0
12439,525,2025-06-06 09:43:05,Tablet,86580.0
12440,48,2024-01-15 03:52:41,Mobile,300123.0
12441,82,2026-09-13 02:27:39,Smart TV,130791.0
12442,53,2026-01-25 15:41:00,Unknown,165691.0
12443,501,2024-01-12 05:50:43,Tablet,142142.0
12444,442,2026-08-05 12:41:00,Mobile,61644.0
12445,760,2024-09-30 06:22:14,Smart TV,64582.0
12446,581,2024-03-17 12:57:45,Mobile,90504.0
12447,481,2026-08-17 09:06:50,Unknown,308997.0
12448,1053,2024-04-25 13:11:27,Smart TV,53957.0
12449,494,2025-08-03 20:56:39,Tablet,31227.0
12450,1186,2025-08-05 03:50:53,Web,178852.0
12451,1013,2024-06-02 20:06:15,Web,284050.0
12452,204,2025-06-18 03:43:32,Desktop,164678.0
12453,795,2024-04-27 07:14:14,Desktop,161835.0
12454,598,2025-11-10 04:18:50,Unknown,223374.0
12455,408,2025-12-20 20:53:48,Tablet,95801.0
12456,739,2026-06-17 11:07:31,Mobile,76191.0
12457,687,2026-01-15 11:38:41,Desktop,90297.0
12458,287,2024-03-29 20:09:44,Smart TV,70745.0
12459,285,2025-03-15 20:09:32,Mobile,266860.0
12460,1144,2026-08-08 10:53:51,Mobile,100605.0
12461,1001,2025-05-19 21:53:28,Tablet,100123.0
12462,1153,2025-01-29 05:43:30,Web,230692.0
12463,447,2024-08-25 07:12:32,Tablet,183729.0
12464,1067,2026-04-01 12:29:02,Web,171686.0
12465,1139,2025-06-08 02:07:42,Unknown,146645.0
12466,332,2024-12-30 06:04:12,Tablet,120080.0
12467,61,2026-06-13 09:00:26,Desktop,140043.0
12468,687,2026-04-02 07:50:19,Mobile,46388.0
12469,435,2024-12-30 04:43:26,Web,73240.0
12470,991,2024-12-12 02:45:54,Mobile,199219.0
12471,380,2026-08-10 22:56:40,Tablet,178831.0
12472,917,2026-03-03 08:57:46,Desktop,51663.0
12473,876,2025-10-27 13:22:41,Tablet,129158.0
12474,869,2026-01-25 14:17:57,Unknown,37812.0
12475,540,2025-02-14 03:44:37,Mobile,154616.0
12476,38,2025-05-11 10:50:38,Web,181341.0
12477,624,2025-10-16 19:52:06,Unknown,344841.0
12478,676,2024-02-12 19:18:42,Mobile,178406.0
12479,1102,2026-07-30 00:38:52,Smart TV,197450.0
12480,238,2024-12-21 10:45:42,Web,194813.0
12481,949,2025-07-04 16:56:21,Unknown,174720.0
12482,946,2024-04-17 07:29:27,Tablet,204084.0
12483,633,2025-10-16 04:52:00,Mobile,249063.0
12484,406,2025-03-04 14:01:57,Mobile,384278.0
12485,890,2024-08-02 05:31:54,Tablet,174281.0
12486,1073,2025-07-24 02:22:25,Unknown,230518.0
12487,690,2025-03-14 02:14:10,Web,94163.0
12488,664,2025-10-27 21:32:59,Desktop,236288.0
12489,546,2024-07-03 17:15:35,Tablet,298085.0
12490,63,2024-04-14 13:42:15,Desktop,217640.0
12491,802,2024-09-19 10:09:04,Smart TV,236466.0
12492,337,2024-08-14 00:32:39,Mobile,406590.0
12493,61,2024-11-11 12:46:31,Mobile,151868.0
12494,1079,2026-02-10 05:46:57,Tablet,154616.0
12495,776,2025-06-09 19:28:08,Tablet,386722.0
12496,472,2024-03-09 03:10:58,Unknown,140193.0
12497,1043,2025-02-25 18:02:23,Web,190766.0
12498,562,2024-03-08 23:57:23,Tablet,295187.0
12499,137,2025-05-09 01:51:51,Unknown,132488.0
12500,228,2025-05-26 19:45:17,Smart TV,386718.0
12501,8,2024-07-20 05:30:02,Desktop,51152.0
12502,1169,2024-01-23 05:48:25,Web,175688.0
12503,280,2024-12-26 22:09:11,Desktop,137028.0
12504,1199,2025-12-16 20:18:21,Mobile,68200.0
12505,687,2025-08-27 17:56:37,Mobile,221147.0
12506,382,2025-12-01 09:30:08,Unknown,132786.0
12507,405,2025-02-10 00:15:47,Smart TV,278502.0
12508,482,2026-07-06 06:31:31,Smart TV,266086.0
12509,212,2024-06-17 09:05:11,Tablet,258507.0
12510,663,2026-04-27 12:01:41,Desktop,154616.0
12511,573,2024-08-22 13:43:19,Tablet,223466.0
12512,854,2025-08-09 03:50:33,Mobile,137044.0
12513,804,2026-03-24 14:54:24,Unknown,88243.0
12514,1184,2024-07-22 00:43:09,Tablet,156192.0
12515,80,2024-09-10 18:30:13,Web,132656.0
12516,851,2026-04-04 16:21:31,Web,108494.0
12517,373,2025-07-23 04:45:18,Web,110889.0
12518,482,2026-04-20 00:45:49,Web,265147.0
12519,353,2025-05-11 04:50:54,Mobile,154616.0
12520,396,2025-09-09 12:58:55,Tablet,134450.0
12521,228,2026-02-14 15:28:56,Mobile,394427.0
12522,163,2024-06-02 19:13:30,Smart TV,79047.0
12523,185,2026-09-13 21:44:52,Desktop,130209.0
12524,276,2025-10-12 14:39:39,Web,212857.0
12525,184,2026-05-09 07:01:00,Smart TV,146435.0
12526,9,2024-12-29 13:09:42,Tablet,154616.0
12527,578,2025-11-06 18:50:16,Web,154616.0
12528,635,2025-02-23 21:39:32,Smart TV,123322.0
12529,578,2026-08-16 21:39:18,Unknown,392047.0
12530,357,2024-02-18 22:03:05,Unknown,303724.0
12531,831,2025-05-29 02:42:34,Tablet,324869.0
12532,1058,2025-12-28 22:30:32,Mobile,154616.0
12533,368,2024-05-30 14:45:50,Mobile,173268.0
12534,105,2026-05-15 15:16:53,Web,78051.0
12535,292,2024-01-27 13:28:51,Desktop,78905.0
12536,77,2025-03-08 12:16:54,Mobile,328912.0
12537,297,2025-07-27 18:09:05,Unknown,164900.0
12538,592,2025-06-02 00:43:38,Mobile,164882.0
12539,152,2024-07-20 15:55:26,Web,145370.0
12540,1154,2024-10-28 18:02:09,Desktop,113631.0
12541,246,2024-10-10 06:25:18,Unknown,186421.0
12542,1099,2024-07-04 16:31:01,Tablet,65284.0
12543,63,2024-10-28 11:37:55,Desktop,138673.0
12544,348,2025-08-01 15:30:38,Unknown,87002.0
12545,609,2026-02-18 17:17:53,Smart TV,375427.0
12546,320,2024-04-28 17:06:36,Unknown,219432.0
12547,745,2025-10-01 02:03:07,Web,136957.0
12548,456,2026-02-27 03:08:56,Web,121274.0
12549,116,2025-02-06 08:59:46,Tablet,304059.0
12550,739,2025-09-27 01:49:40,Mobile,154616.0
12551,911,2026-08-12 10:27:11,Desktop,41496.0
12552,1165,2026-08-28 17:45:10,Mobile,124004.0
12553,51,2026-03-09 21:06:18,Desktop,51912.0
12554,431,2024-04-01 18:57:40,Desktop,159997.0
12555,1193,2025-06-20 11:45:26,Unknown,187887.0
12556,786,2025-09-25 08:51:49,Unknown,223347.0
12557,797,2024-08-24 21:14:37,Mobile,34285.0
12558,87,2025-08-19 04:16:54,Smart TV,154616.0
12559,480,2025-10-05 05:50:15,Unknown,271647.0
12560,728,2024-05-06 09:54:08,Smart TV,187856.0
12561,420,2024-10-11 19:08:11,Mobile,111753.0
12562,932,2026-02-12 17:43:25,Mobile,143929.0
12563,993,2025-10-14 13:13:24,Unknown,284554.0
12564,875,2025-07-15 00:57:58,Unknown,130766.0
12565,1173,2024-02-24 02:05:54,Desktop,45906.0
12566,1147,2026-03-20 19:24:33,Tablet,84113.0
12567,944,2026-08-12 02:36:22,Mobile,209089.0
12568,512,2025-09-29 06:48:56,Mobile,62776.0
12569,667,2025-08-17 10:41:23,Mobile,81424.0
12570,530,2026-08-31 17:15:49,Tablet,172781.0
12571,408,2026-06-18 18:33:56,Web,149091.0
12572,1075,2024-04-04 08:13:44,Desktop,234441.0
12573,728,2026-01-25 10:08:48,Mobile,185190.0
12574,716,2026-02-03 10:34:28,Desktop,108500.0
12575,223,2024-10-19 08:46:14,Smart TV,187186.0
12576,840,2024-12-23 04:09:56,Tablet,217459.0
12577,522,2024-01-26 07:13:00,Unknown,96923.0
12578,535,2024-02-16 05:04:40,Smart TV,133326.0
12579,1037,2025-05-14 20:19:58,Smart TV,186896.0
12580,324,2024-05-05 00:39:41,Tablet,58011.0
12581,690,2025-06-04 22:22:02,Mobile,72034.0
12582,680,2025-01-14 03:39:40,Tablet,93752.0
12583,1084,2026-02-16 07:06:20,Unknown,199247.0
12584,57,2025-07-02 02:55:44,Unknown,163219.0
12585,816,2024-01-18 17:31:19,Desktop,153130.0
12586,103,2024-11-12 09:23:59,Unknown,63486.0
12587,280,2026-05-15 23:36:51,Desktop,288972.0
12588,992,2025-11-26 21:39:29,Web,217116.0
12589,1171,2025-12-09 22:20:14,Mobile,69356.0
12590,247,2025-12-31 18:47:21,Desktop,198181.0
12591,789,2025-03-10 06:36:46,Tablet,290666.0
12592,468,2026-02-12 23:31:15,Tablet,160432.0
12593,851,2025-01-11 14:55:07,Desktop,232091.0
12594,367,2025-08-19 12:27:02,Smart TV,143070.0
12595,51,2024-08-16 10:52:07,Web,244358.0
12596,768,2024-08-05 09:49:55,Smart TV,42267.0
12597,1069,2025-05-18 14:19:16,Smart TV,96336.0
12598,1132,2026-02-24 22:13:15,Desktop,71488.0
12599,91,2025-08-23 19:16:41,Desktop,75147.0
12600,583,2025-05-18 16:11:46,Web,216821.0
12601,880,2026-06-14 07:08:16,Unknown,237317.0
12602,610,2026-08-13 04:28:38,Tablet,220323.0
12603,58,2024-07-01 21:06:09,Tablet,43480.0
12604,530,2026-09-09 05:17:59,Web,217458.0
12605,1027,2024-02-28 02:29:08,Desktop,124793.0
12606,117,2024-12-21 14:00:46,Mobile,148616.0
12607,284,2026-02-05 15:16:14,Web,154616.0
12608,73,2025-10-31 01:57:27,Tablet,212882.0
12609,484,2026-07-03 07:30:28,Unknown,233037.0
12610,1080,2024-01-10 15:36:42,Desktop,126187.0
12611,407,2025-06-26 04:40:59,Unknown,292050.0
12612,164,2025-12-02 16:06:16,Web,98388.0
12613,373,2025-07-25 19:35:19,Mobile,74494.0
12614,390,2025-03-19 21:42:01,Smart TV,244354.0
12615,201,2025-12-22 00:54:15,Tablet,36610.0
12616,965,2026-05-26 16:27:58,Mobile,195932.0
12617,426,2024-10-25 12:55:23,Mobile,264530.0
12618,835,2024-07-29 19:17:44,Desktop,148483.0
12619,366,2025-05-31 22:13:03,Unknown,366047.0
12620,236,2024-02-11 13:29:01,Tablet,144793.0
12621,1118,2026-04-09 02:49:37,Mobile,53135.0
12622,1145,2024-04-02 14:54:32,Mobile,168910.0
12623,1118,2025-08-06 20:02:45,Tablet,224766.0
12624,222,2026-01-02 04:16:58,Smart TV,90069.0
12625,202,2024-09-29 08:39:08,Mobile,130528.0
12626,220,2026-03-13 03:17:04,Mobile,149640.0
12627,414,2024-07-20 12:23:08,Tablet,251670.0
12628,113,2024-03-03 16:43:31,Mobile,53731.0
12629,878,2026-06-15 04:53:31,Mobile,224466.0
12630,1132,2025-03-05 21:18:00,Desktop,174105.0
12631,122,2024-04-23 16:10:59,Mobile,135988.0
12632,520,2026-01-21 22:40:32,Smart TV,90491.0
12633,630,2025-01-14 08:57:04,Unknown,150008.0
12634,823,2025-09-24 15:10:17,Unknown,249891.0
12635,120,2025-12-26 14:39:43,Mobile,116079.0
12636,629,2024-05-01 16:22:20,Tablet,240893.0
12637,448,2024-02-12 08:38:08,Desktop,110501.0
12638,910,2025-01-28 14:19:26,Tablet,43295.0
12639,642,2024-12-01 02:11:55,Web,108297.0
12640,900,2026-03-07 02:55:43,Unknown,54630.0
12641,1011,2024-07-17 02:42:30,Smart TV,298895.0
12642,306,2024-09-12 02:52:08,Unknown,70363.0
12643,63,2025-09-30 10:32:06,Tablet,245179.0
12644,952,2024-12-29 03:47:00,Mobile,91870.0
12645,1023,2024-08-16 00:49:11,Desktop,315131.0
12646,592,2025-05-27 04:09:52,Mobile,47956.0
12647,276,2026-03-01 16:50:23,Web,217781.0
12648,898,2026-03-26 16:37:48,Mobile,181594.0
12649,652,2025-06-28 11:15:45,Mobile,170990.0
12650,333,2026-09-16 18:04:04,Web,74489.0
12651,1116,2025-11-03 05:20:08,Desktop,154472.0
12652,293,2025-06-21 00:15:41,Smart TV,341565.0
12653,780,2026-09-04 06:08:13,Desktop,147725.0
12654,486,2025-08-12 03:00:03,Desktop,103583.0
12655,695,2026-03-29 00:04:18,Unknown,70559.0
12656,704,2026-08-23 11:33:39,Smart TV,248895.0
12657,1053,2026-08-26 16:14:36,Mobile,37049.0
12658,803,2025-12-13 07:31:13,Smart TV,108987.0
12659,292,2026-03-26 21:05:25,Tablet,159468.0
12660,302,2024-02-14 12:34:32,Unknown,111508.0
12661,353,2025-07-13 06:28:43,Mobile,234886.0
12662,819,2026-08-07 10:19:41,Smart TV,131598.0
12663,685,2026-08-05 23:24:40,Smart TV,190705.0
12664,1070,2024-09-28 02:42:40,Smart TV,136576.0
12665,70,2026-06-12 05:59:33,Unknown,252466.0
12666,130,2024-06-21 05:16:18,Web,290448.0
12667,1105,2026-06-28 11:12:40,Desktop,238712.0
12668,485,2025-06-20 16:46:44,Web,172222.0
12669,1038,2025-08-07 08:16:31,Tablet,328268.0
12670,32,2025-12-20 04:40:37,Tablet,99834.0
12671,216,2024-08-10 13:36:04,Unknown,209190.0
12672,1151,2026-03-09 03:19:39,Desktop,77071.0
12673,218,2024-11-07 02:51:36,Tablet,80276.0
12674,768,2024-05-15 04:27:32,Mobile,33322.0
12675,703,2025-09-28 19:31:36,Mobile,258671.0
12676,227,2024-01-25 10:51:24,Smart TV,179340.0
12677,845,2025-11-16 03:58:20,Web,307041.0
12678,409,2024-10-29 00:28:36,Smart TV,171069.0
12679,1025,2024-04-13 21:57:35,Unknown,108045.0
12680,760,2025-04-10 11:27:27,Web,174634.0
12681,345,2024-08-13 11:30:08,Smart TV,121718.0
12682,258,2025-08-19 11:29:48,Web,80344.0
12683,302,2024-10-14 02:29:39,Unknown,61049.0
12684,180,2024-11-28 11:07:18,Tablet,33045.0
12685,348,2024-06-25 22:28:53,Web,307329.0
12686,839,2025-02-12 06:06:47,Unknown,149350.0
12687,604,2025-07-20 08:08:55,Unknown,134792.0
12688,649,2025-04-10 06:48:22,Unknown,141886.0
12689,768,2026-04-11 12:13:29,Desktop,128073.0
12690,63,2025-09-15 23:44:05,Smart TV,139444.0
12691,936,2026-03-04 19:36:36,Smart TV,241235.0
12692,163,2025-08-09 18:27:50,Tablet,55923.0
12693,51,2024-10-02 01:30:28,Unknown,187734.0
12694,627,2026-06-01 07:58:22,Desktop,258884.0
12695,479,2026-01-05 00:37:32,Desktop,65532.0
12696,105,2026-01-29 04:00:48,Smart TV,230955.0
12697,496,2024-09-09 21:45:44,Web,188625.0
12698,836,2025-03-12 15:10:13,Web,116379.0
12699,1049,2024-05-07 12:56:37,Mobile,296323.0
12700,375,2024-06-21 02:58:51,Unknown,221923.0
12701,821,2024-02-03 11:31:51,Desktop,90550.0
12702,846,2026-03-18 11:02:11,Unknown,222404.0
12703,780,2026-02-09 22:26:44,Mobile,74678.0
12704,156,2024-01-15 14:56:13,Unknown,154778.0
12705,92,2026-09-01 13:06:20,Desktop,66013.0
12706,351,2025-02-23 22:49:03,Unknown,84352.0
12707,1138,2025-04-17 03:44:01,Web,154616.0
12708,568,2026-08-10 15:35:00,Smart TV,148188.0
12709,469,2025-06-28 21:00:16,Tablet,109950.0
12710,633,2024-02-09 02:23:21,Unknown,171405.0
12711,994,2025-08-08 01:39:50,Web,149817.0
12712,1012,2026-09-05 23:22:32,Web,115969.0
12713,552,2024-04-22 15:41:58,Unknown,78246.0
12714,328,2026-07-16 16:08:54,Mobile,311477.0
12715,847,2025-11-05 20:35:48,Desktop,242697.0
12716,211,2024-12-08 06:54:10,Mobile,157416.0
12717,668,2026-07-30 00:51:23,Smart TV,259762.0
12718,585,2026-02-24 18:20:14,Mobile,307776.0
12719,913,2025-09-20 19:33:40,Unknown,237981.0
12720,480,2026-08-12 01:11:17,Desktop,304641.0
12721,989,2025-01-01 23:20:22,Mobile,240519.0
12722,441,2025-12-20 00:02:38,Mobile,197449.0
12723,941,2024-01-24 22:14:13,Tablet,146390.0
12724,662,2026-06-17 16:50:42,Web,76555.0
12725,234,2024-03-03 06:43:02,Mobile,356509.0
12726,796,2025-08-03 03:35:05,Web,154616.0
12727,436,2025-03-01 02:47:30,Smart TV,49074.0
12728,812,2026-06-11 21:26:14,Desktop,121355.0
12729,665,2025-12-25 19:15:17,Smart TV,194541.0
12730,216,2025-04-26 17:31:38,Smart TV,101301.0
12731,1104,2025-10-31 11:54:32,Smart TV,174338.0
12732,1095,2026-02-22 02:34:46,Desktop,68374.0
12733,1030,2025-08-30 10:34:16,Unknown,62958.0
12734,1130,2026-04-01 15:26:12,Tablet,194274.0
12735,729,2025-01-15 04:36:49,Smart TV,268944.0
12736,993,2025-07-06 15:57:58,Web,199955.0
12737,616,2026-08-02 04:28:14,Unknown,337204.0
12738,780,2025-09-02 03:24:40,Web,43028.0
12739,43,2026-09-13 23:14:14,Web,224713.0
12740,285,2025-03-10 21:54:32,Tablet,247998.0
12741,883,2025-08-06 16:14:25,Tablet,170592.0
12742,21,2024-02-22 17:00:57,Mobile,209461.0
12743,820,2026-04-21 00:25:46,Smart TV,115214.0
12744,869,2024-10-04 01:30:56,Smart TV,108690.0
12745,88,2024-08-03 20:05:01,Desktop,88917.0
12746,144,2026-06-15 03:40:17,Unknown,68577.0
12747,986,2024-02-25 02:31:58,Unknown,154616.0
12748,968,2025-06-03 11:07:51,Desktop,154012.0
12749,514,2024-12-20 13:43:36,Tablet,56633.0
12750,594,2026-07-31 08:24:45,Desktop,366200.0
12751,91,2024-06-03 04:40:27,Desktop,56865.0
12752,712,2024-10-04 01:52:22,Desktop,115804.0
12753,407,2026-02-22 20:23:25,Smart TV,105069.0
12754,329,2025-10-03 16:59:53,Mobile,129880.0
12755,799,2026-07-20 23:38:59,Unknown,177508.0
12756,984,2024-08-25 13:27:59,Web,187289.0
12757,1162,2025-01-24 01:45:06,Smart TV,166090.0
12758,891,2025-02-23 09:41:44,Desktop,187935.0
12759,593,2026-01-18 14:44:30,Desktop,155193.0
12760,538,2025-06-23 11:54:17,Mobile,114187.0
12761,673,2026-05-06 17:48:53,Mobile,117885.0
12762,643,2026-05-12 18:32:55,Tablet,69906.0
12763,966,2025-10-13 08:40:21,Desktop,145430.0
12764,121,2024-03-13 15:59:04,Unknown,192434.0
12765,318,2026-04-18 03:17:42,Tablet,148360.0
12766,364,2025-05-26 20:10:07,Unknown,308034.0
12767,478,2024-07-02 19:25:28,Smart TV,133610.0
12768,1149,2024-08-23 09:31:47,Unknown,113785.0
12769,159,2025-12-13 02:01:30,Mobile,208274.0
12770,643,2025-10-31 03:25:01,Desktop,67108.0
12771,338,2025-03-01 05:35:38,Web,227140.0
12772,1047,2025-07-15 08:21:13,Tablet,276454.0
12773,792,2026-05-16 01:43:36,Unknown,95335.0
12774,620,2025-07-13 19:50:23,Smart TV,70566.0
12775,956,2025-11-28 21:53:43,Tablet,59520.0
12776,1027,2025-01-18 03:18:59,Web,129676.0
12777,78,2025-09-19 10:52:19,Smart TV,164238.0
12778,159,2025-06-25 19:19:57,Mobile,174786.0
12779,957,2025-06-30 00:12:58,Smart TV,198193.0
12780,859,2024-04-11 13:11:54,Unknown,113167.0
12781,17,2025-11-04 22:56:36,Smart TV,114887.0
12782,108,2024-01-28 02:55:46,Mobile,226077.0
12783,302,2024-07-08 00:18:16,Smart TV,52286.0
12784,807,2025-09-09 03:49:37,Smart TV,113798.0
12785,374,2026-05-23 12:05:12,Smart TV,164959.0
12786,1114,2024-10-03 06:26:17,Desktop,250880.0
12787,1049,2026-07-11 21:54:18,Web,241269.0
12788,515,2026-04-17 03:42:59,Unknown,99873.0
12789,1180,2024-09-13 06:30:17,Smart TV,217561.0
12790,477,2025-02-13 07:01:11,Mobile,345165.0
12791,726,2024-08-31 03:19:06,Unknown,60676.0
12792,459,2024-01-24 19:44:21,Mobile,53451.0
12793,69,2026-03-01 01:19:52,Web,79205.0
12794,919,2025-01-15 10:41:48,Tablet,258499.0
12795,180,2025-04-21 03:58:22,Web,227289.0
12796,139,2025-10-19 18:28:44,Tablet,266586.0
12797,212,2025-04-29 05:27:28,Mobile,193624.0
12798,295,2025-04-07 04:03:48,Smart TV,219524.0
12799,351,2026-03-18 11:04:09,Unknown,83046.0
12800,997,2025-07-05 07:19:22,Mobile,307081.0
12801,868,2025-01-07 12:34:49,Smart TV,264282.0
12802,814,2024-03-12 08:48:30,Desktop,117348.0
12803,10,2025-12-15 05:36:14,Smart TV,77651.0
12804,890,2024-04-11 23:59:06,Mobile,158059.0
12805,70,2024-03-30 06:16:04,Unknown,221585.0
12806,702,2025-12-08 02:28:16,Web,95245.0
12807,1119,2025-07-14 21:42:56,Unknown,124656.0
12808,236,2024-04-04 20:30:47,Desktop,155918.0
12809,743,2024-11-05 01:13:37,Unknown,156539.0
12810,813,2026-03-15 09:15:01,Mobile,43592.0
12811,700,2025-02-09 11:11:13,Tablet,294564.0
12812,23,2024-02-20 18:35:48,Mobile,155991.0
12813,1179,2024-03-11 12:09:51,Web,224728.0
12814,7,2026-02-22 15:40:57,Smart TV,284895.0
12815,349,2024-06-05 21:57:54,Desktop,219067.0
12816,674,2024-01-13 12:35:06,Desktop,82411.0
12817,192,2024-05-12 07:07:41,Unknown,93224.0
12818,544,2024-06-06 02:13:15,Web,232383.0
12819,606,2024-10-09 15:42:14,Mobile,159438.0
12820,549,2026-05-27 06:49:18,Smart TV,159745.0
12821,1199,2025-04-24 06:47:55,Desktop,162040.0
12822,333,2026-04-25 03:12:10,Tablet,56428.0
12823,328,2025-11-11 21:31:23,Mobile,107884.0
12824,938,2024-10-08 07:48:21,Unknown,154767.0
12825,939,2026-05-04 06:15:57,Desktop,114475.0
12826,173,2025-11-05 15:38:58,Web,158347.0
12827,750,2025-03-13 23:19:04,Unknown,302458.0
12828,389,2025-03-25 13:41:11,Desktop,62873.0
12829,900,2025-04-24 23:59:57,Unknown,307373.0
12830,993,2026-01-15 15:12:45,Unknown,205192.0
12831,1002,2024-08-28 05:31:28,Unknown,80223.0
12832,976,2026-02-08 01:17:43,Unknown,172326.0
12833,186,2024-04-07 21:47:05,Web,154616.0
12834,1047,2026-04-27 07:57:44,Desktop,156262.0
12835,675,2026-02-27 02:22:00,Unknown,250408.0
12836,304,2024-10-13 23:40:19,Unknown,317145.0
12837,759,2025-10-26 05:22:13,Web,206774.0
12838,892,2025-08-04 08:36:07,Desktop,366831.0
12839,366,2026-02-14 04:47:36,Smart TV,371436.0
12840,350,2026-04-27 02:42:17,Unknown,154616.0
12841,1013,2024-08-03 06:47:26,Web,90376.0
12842,1121,2024-10-22 00:20:26,Web,154616.0
12843,444,2024-11-03 10:30:57,Desktop,76380.0
12844,347,2025-05-26 22:00:19,Smart TV,185790.0
12845,315,2025-05-10 06:24:52,Web,82652.0
12846,958,2025-04-03 06:05:37,Tablet,236582.0
12847,540,2024-10-20 08:43:30,Smart TV,272480.0
12848,299,2025-10-15 20:07:10,Web,275948.0
12849,1170,2025-09-10 11:11:23,Desktop,204733.0
12850,1017,2024-12-23 21:01:15,Tablet,117091.0
12851,1009,2025-03-20 22:59:14,Tablet,169610.0
12852,513,2026-09-04 03:52:20,Mobile,181780.0
12853,1038,2026-03-30 15:58:17,Desktop,87577.0
12854,688,2026-02-25 22:08:37,Desktop,165961.0
12855,222,2025-06-01 06:41:35,Web,242332.0
12856,792,2025-11-20 10:27:50,Smart TV,144654.0
12857,786,2025-11-18 12:09:31,Desktop,121432.0
12858,58,2025-05-20 15:31:36,Unknown,160214.0
12859,641,2024-03-22 08:39:20,Mobile,246472.0
12860,289,2025-04-16 08:13:08,Web,72139.0
12861,985,2026-04-04 21:48:46,Tablet,290051.0
12862,612,2024-03-17 20:16:15,Smart TV,152302.0
12863,657,2025-11-23 10:05:44,Smart TV,138215.0
12864,83,2025-01-11 17:09:31,Tablet,311364.0
12865,606,2024-03-25 12:02:07,Tablet,122515.0
12866,251,2024-12-15 00:25:46,Tablet,60099.0
12867,675,2024-03-09 19:49:45,Tablet,205499.0
12868,899,2026-08-18 13:41:20,Unknown,209441.0
12869,647,2024-12-26 00:11:59,Tablet,311414.0
12870,232,2024-11-13 21:40:56,Smart TV,49286.0
12871,1156,2024-04-30 13:30:50,Mobile,111342.0
12872,123,2024-11-05 18:21:58,Tablet,197227.0
12873,90,2025-06-21 00:28:52,Smart TV,210080.0
12874,1054,2024-05-27 05:51:28,Tablet,154616.0
12875,487,2024-11-13 04:46:54,Tablet,242980.0
12876,921,2025-05-31 10:45:49,Tablet,185823.0
12877,131,2025-01-14 12:17:15,Unknown,74361.0
12878,611,2025-09-20 22:26:06,Tablet,133661.0
12879,647,2026-04-02 04:56:18,Mobile,58676.0
12880,830,2024-02-28 10:30:08,Desktop,87925.0
12881,1013,2025-01-14 22:43:16,Smart TV,245938.0
12882,375,2025-08-08 18:26:28,Web,134969.0
12883,1042,2026-04-07 12:26:29,Web,162793.0
12884,36,2025-11-05 11:43:31,Tablet,122172.0
12885,966,2025-01-04 07:09:54,Tablet,232002.0
12886,170,2025-06-29 19:14:21,Unknown,208974.0
12887,220,2025-09-28 09:14:54,Web,58391.0
12888,848,2026-01-13 13:01:56,Mobile,174309.0
12889,1095,2025-08-22 07:06:20,Tablet,166028.0
12890,405,2024-02-21 16:09:38,Unknown,175615.0
12891,4,2026-07-14 11:35:12,Smart TV,141624.0
12892,49,2024-05-24 10:08:23,Mobile,139172.0
12893,991,2026-01-04 08:19:01,Tablet,298998.0
12894,789,2024-06-06 16:24:25,Unknown,114980.0
12895,843,2025-07-27 11:13:54,Mobile,165307.0
12896,137,2024-09-02 11:00:37,Web,71974.0
12897,650,2026-02-02 00:51:17,Unknown,151414.0
12898,52,2025-01-15 18:11:55,Mobile,196089.0
12899,884,2024-05-12 01:10:31,Desktop,164262.0
12900,7,2024-04-26 23:39:25,Mobile,84399.0
12901,296,2026-09-05 13:10:17,Tablet,277335.0
12902,842,2025-12-05 01:36:09,Mobile,131253.0
12903,280,2025-10-20 05:52:55,Unknown,137603.0
12904,64,2024-05-07 03:49:36,Web,114887.0
12905,335,2025-02-08 03:05:46,Unknown,172756.0
12906,279,2025-05-16 01:27:49,Mobile,71979.0
12907,265,2025-01-17 20:32:07,Tablet,76651.0
12908,1007,2026-06-28 14:46:27,Desktop,220141.0
12909,924,2024-04-22 19:24:10,Mobile,250859.0
12910,239,2024-01-12 01:48:27,Tablet,126463.0
12911,717,2024-05-30 12:27:31,Mobile,187397.0
12912,433,2025-01-08 04:05:02,Tablet,298377.0
12913,435,2024-10-10 11:30:51,Web,217245.0
12914,1156,2024-11-02 16:06:53,Smart TV,118672.0
12915,318,2025-01-30 21:07:10,Unknown,129157.0
12916,163,2025-02-24 09:23:56,Unknown,105148.0
12917,444,2024-07-07 15:51:17,Unknown,104460.0
12918,165,2025-06-09 19:45:56,Tablet,66556.0
12919,942,2025-01-26 19:46:20,Web,230662.0
12920,1065,2025-10-15 11:01:45,Smart TV,200831.0
12921,882,2026-06-28 06:38:07,Web,354157.0
12922,901,2026-03-13 11:47:01,Web,113827.0
12923,676,2024-06-26 10:54:19,Web,62962.0
12924,231,2025-02-26 19:29:48,Web,118340.0
12925,365,2024-04-27 11:12:53,Tablet,108046.0
12926,67,2026-06-05 06:55:35,Web,78039.0
12927,681,2024-11-02 10:08:48,Web,34241.0
12928,192,2026-07-16 06:18:37,Mobile,80002.0
12929,680,2025-06-25 21:34:34,Unknown,155400.0
12930,976,2025-09-16 00:33:26,Smart TV,274413.0
12931,894,2024-04-08 08:54:30,Desktop,149286.0
12932,629,2025-10-02 18:59:26,Web,160786.0
12933,300,2025-09-15 11:27:04,Unknown,154616.0
12934,196,2026-08-10 05:26:50,Desktop,31444.0
12935,989,2026-01-23 22:01:19,Tablet,161545.0
12936,829,2024-11-25 22:59:14,Smart TV,55272.0
12937,1004,2026-06-13 20:04:07,Tablet,154616.0
12938,231,2026-06-05 01:59:30,Desktop,160331.0
12939,44,2026-04-03 08:57:19,Unknown,57475.0
12940,252,2025-01-20 18:10:59,Unknown,258025.0
12941,170,2024-11-04 20:35:18,Tablet,76268.0
12942,113,2026-03-26 17:00:58,Mobile,188345.0
12943,206,2024-01-21 16:48:51,Unknown,161426.0
12944,28,2024-05-13 04:26:35,Web,156323.0
12945,1196,2024-08-10 02:03:20,Tablet,278240.0
12946,558,2024-07-20 18:29:28,Mobile,232336.0
12947,500,2025-01-17 06:57:39,Web,304233.0
12948,185,2025-12-01 23:37:45,Smart TV,252279.0
12949,293,2025-04-23 09:53:17,Desktop,109826.0
12950,473,2026-03-27 03:00:35,Mobile,187608.0
12951,389,2025-03-18 07:12:46,Tablet,283525.0
12952,780,2025-10-25 22:08:02,Web,172918.0
12953,155,2026-01-22 16:41:30,Tablet,158922.0
12954,702,2026-07-22 12:27:13,Mobile,101726.0
12955,887,2024-07-07 13:34:56,Web,61875.0
12956,59,2025-10-25 06:17:17,Tablet,240021.0
12957,446,2026-09-09 01:57:24,Unknown,281824.0
12958,948,2026-09-17 10:09:48,Tablet,87198.0
12959,878,2024-01-22 09:03:56,Mobile,159285.0
12960,687,2024-09-22 05:40:52,Mobile,101296.0
12961,976,2025-10-13 00:51:21,Smart TV,380617.0
12962,354,2024-04-10 22:54:57,Smart TV,359643.0
12963,1054,2025-07-29 23:51:00,Desktop,183911.0
12964,1106,2026-03-08 16:31:37,Smart TV,104689.0
12965,697,2024-01-10 01:43:48,Unknown,347940.0
12966,351,2026-08-13 07:36:16,Unknown,184113.0
12967,473,2025-03-21 15:20:14,Smart TV,93505.0
12968,1005,2024-04-25 20:01:22,Desktop,176762.0
12969,673,2024-07-21 00:11:44,Tablet,47028.0
12970,714,2024-07-09 05:41:05,Tablet,55230.0
12971,480,2026-08-18 03:50:41,Unknown,144561.0
12972,163,2026-09-11 01:16:38,Unknown,98882.0
12973,687,2024-02-13 23:50:43,Smart TV,136960.0
12974,257,2024-06-16 18:29:59,Tablet,186940.0
12975,1186,2024-04-24 20:18:58,Tablet,173916.0
12976,1145,2024-12-07 01:46:06,Tablet,55190.0
12977,1121,2026-05-05 22:57:02,Desktop,127995.0
12978,264,2026-07-03 01:08:40,Smart TV,131636.0
12979,60,2024-07-14 08:15:17,Smart TV,176881.0
12980,147,2024-06-21 14:38:04,Desktop,154616.0
12981,1029,2024-03-02 17:07:13,Web,221548.0
12982,880,2025-09-12 13:45:01,Mobile,231648.0
12983,99,2024-06-09 07:52:08,Smart TV,78194.0
12984,1191,2026-01-18 23:12:24,Mobile,207575.0
12985,555,2024-10-01 14:41:03,Tablet,29047.0
12986,167,2026-06-20 22:00:39,Desktop,367463.0
12987,677,2025-09-26 05:47:55,Desktop,42231.0
12988,112,2026-03-19 11:14:31,Tablet,289978.0
12989,1004,2025-06-26 01:14:21,Mobile,172147.0
12990,609,2026-08-03 10:07:15,Mobile,127752.0
12991,880,2025-05-13 01:00:42,Desktop,287271.0
12992,151,2024-02-28 17:15:47,Desktop,139975.0
12993,726,2026-02-17 10:41:10,Desktop,260508.0
12994,875,2025-01-14 07:39:36,Web,316978.0
12995,1091,2024-09-28 22:06:21,Desktop,56064.0
12996,787,2026-03-22 11:17:22,Web,95055.0
12997,1057,2024-12-08 22:34:56,Web,99300.0
12998,831,2024-11-26 23:49:42,Unknown,266744.0
12999,902,2024-08-16 22:30:58,Desktop,337457.0
13000,32,2024-03-26 15:30:24,Smart TV,84706.0
13001,292,2024-11-01 06:34:33,Mobile,128853.0
13002,136,2026-04-25 11:40:15,Mobile,154616.0
13003,861,2025-06-28 20:38:34,Desktop,194760.0
13004,242,2026-07-05 17:42:52,Smart TV,64138.0
13005,649,2024-08-02 01:11:25,Smart TV,58867.0
13006,117,2024-12-04 12:55:51,Mobile,191434.0
13007,564,2024-09-07 23:59:19,Smart TV,347405.0
13008,802,2025-04-08 23:48:36,Mobile,197181.0
13009,1048,2024-05-10 09:59:11,Web,290101.0
13010,290,2026-01-07 19:22:42,Mobile,62641.0
13011,85,2025-09-11 12:02:29,Tablet,94017.0
13012,603,2024-05-09 21:47:43,Smart TV,149585.0
13013,803,2024-10-30 05:04:27,Unknown,122279.0
13014,429,2024-05-05 07:22:06,Desktop,84033.0
13015,175,2026-06-20 06:18:30,Unknown,133716.0
13016,637,2024-01-14 12:06:18,Unknown,203338.0
13017,264,2026-02-03 22:01:36,Desktop,213327.0
13018,141,2025-02-18 04:30:14,Smart TV,129197.0
13019,452,2026-08-10 10:09:18,Smart TV,140008.0
13020,633,2025-02-09 09:10:53,Unknown,297081.0
13021,1032,2024-07-10 02:03:02,Web,173690.0
13022,307,2024-03-01 18:09:10,Unknown,154616.0
13023,788,2024-10-08 19:22:59,Unknown,238194.0
13024,947,2024-03-23 11:34:46,Smart TV,55474.0
13025,856,2024-07-13 04:05:06,Tablet,201910.0
13026,215,2026-01-04 14:51:45,Desktop,97352.0
13027,249,2026-01-23 19:42:29,Tablet,80582.0
13028,857,2025-04-10 08:06:35,Web,245907.0
13029,391,2025-10-22 03:48:30,Unknown,125185.0
13030,168,2026-04-24 15:28:39,Unknown,210466.0
13031,694,2026-01-25 13:41:55,Mobile,34998.0
13032,677,2025-04-24 13:22:58,Smart TV,85731.0
13033,879,2024-05-02 09:30:07,Desktop,179284.0
13034,473,2024-10-08 05:00:25,Tablet,259015.0
13035,897,2025-06-23 18:18:18,Desktop,127706.0
13036,510,2025-11-21 11:51:33,Unknown,255310.0
13037,368,2024-06-02 04:20:35,Unknown,62627.0
13038,1141,2025-03-05 19:29:09,Smart TV,119028.0
13039,448,2024-06-17 11:56:08,Tablet,211820.0
13040,795,2024-02-22 22:13:37,Desktop,117014.0
13041,577,2025-05-21 12:59:26,Tablet,135872.0
13042,502,2024-11-05 09:28:30,Mobile,122052.0
13043,204,2025-09-02 09:19:32,Web,236567.0
13044,151,2025-03-25 16:31:24,Smart TV,224042.0
13045,153,2024-12-21 10:18:35,Tablet,324327.0
13046,655,2024-02-25 13:34:50,Smart TV,71962.0
13047,259,2026-08-03 08:41:42,Smart TV,154616.0
13048,1138,2024-06-15 15:45:12,Unknown,79746.0
13049,39,2025-01-25 18:17:05,Tablet,182268.0
13050,895,2024-09-13 15:03:29,Mobile,145210.0
13051,673,2026-06-05 17:37:06,Tablet,162707.0
13052,679,2025-01-25 14:19:20,Web,113591.0
13053,440,2025-09-03 18:33:54,Smart TV,310141.0
13054,445,2024-01-05 16:04:03,Web,180618.0
13055,814,2025-02-23 15:11:26,Unknown,48557.0
13056,741,2025-11-28 05:57:53,Unknown,76227.0
13057,209,2026-05-01 04:58:28,Desktop,252217.0
13058,45,2024-12-04 05:51:34,Mobile,30296.0
13059,1154,2024-03-06 22:33:55,Smart TV,221457.0
13060,29,2025-02-11 15:44:26,Tablet,124704.0
13061,219,2025-12-22 23:50:36,Unknown,36361.0
13062,179,2026-05-19 04:27:14,Tablet,141578.0
13063,177,2024-11-17 11:23:45,Smart TV,304588.0
13064,398,2025-06-19 07:51:48,Smart TV,67611.0
13065,4,2026-05-09 10:38:18,Smart TV,281285.0
13066,486,2024-07-07 17:18:12,Mobile,114796.0
13067,1198,2024-08-13 05:26:51,Unknown,196307.0
13068,1010,2024-12-15 04:59:17,Tablet,78450.0
13069,966,2024-12-22 06:35:02,Tablet,145616.0
13070,1018,2026-08-01 21:33:34,Web,101388.0
13071,623,2024-05-13 03:38:42,Tablet,236858.0
13072,244,2025-03-01 19:08:32,Unknown,72096.0
13073,682,2025-08-05 20:16:17,Smart TV,180145.0
13074,447,2026-07-31 11:17:51,Web,158461.0
13075,87,2024-11-29 07:41:13,Unknown,164706.0
13076,555,2025-07-30 22:08:06,Web,39138.0
13077,245,2026-02-19 02:24:20,Mobile,145418.0
13078,162,2024-01-07 20:06:41,Smart TV,232698.0
13079,344,2025-01-19 20:47:29,Tablet,253260.0
13080,630,2025-04-05 03:32:12,Desktop,84792.0
13081,771,2026-04-24 13:55:21,Unknown,166936.0
13082,1043,2024-03-13 23:38:52,Unknown,232543.0
13083,9,2024-07-14 21:06:07,Unknown,135374.0
13084,223,2026-03-04 06:44:55,Web,173990.0
13085,1015,2024-02-16 18:02:38,Unknown,124171.0
13086,1013,2025-03-05 18:01:47,Desktop,150808.0
13087,1092,2025-02-19 17:40:30,Mobile,77210.0
13088,929,2024-09-01 03:17:17,Web,245842.0
13089,93,2026-05-05 09:48:50,Tablet,329729.0
13090,288,2026-05-21 12:19:19,Mobile,86614.0
13091,380,2026-06-19 19:40:56,Web,248465.0
13092,101,2026-05-09 18:56:50,Smart TV,63045.0
13093,272,2025-03-28 23:15:05,Mobile,237864.0
13094,775,2024-11-14 18:10:07,Tablet,241022.0
13095,913,2024-02-04 09:16:52,Unknown,314110.0
13096,834,2025-11-11 00:51:04,Mobile,190870.0
13097,309,2025-05-05 13:12:27,Web,213066.0
13098,392,2026-06-19 05:12:09,Mobile,232820.0
13099,80,2026-03-08 21:37:56,Desktop,151545.0
13100,798,2024-12-10 21:45:16,Smart TV,154616.0
13101,691,2024-10-12 12:33:44,Desktop,80654.0
13102,434,2024-08-05 15:55:14,Unknown,35666.0
13103,513,2024-07-16 10:50:18,Smart TV,96726.0
13104,1187,2025-12-05 07:57:53,Web,93769.0
13105,266,2025-08-10 21:03:52,Mobile,84279.0
13106,925,2025-10-03 01:16:50,Web,181241.0
13107,1113,2026-01-23 04:06:18,Web,114272.0
13108,30,2026-08-03 21:28:06,Web,76118.0
13109,630,2025-05-10 05:03:27,Mobile,108432.0
13110,404,2024-11-05 12:21:36,Mobile,243025.0
13111,564,2024-07-15 01:31:26,Desktop,224472.0
13112,893,2026-06-03 14:57:51,Unknown,151670.0
13113,80,2024-12-06 11:16:19,Tablet,134577.0
13114,1170,2025-02-12 04:17:23,Unknown,80976.0
13115,95,2025-03-23 21:42:29,Smart TV,125613.0
13116,254,2024-08-16 00:41:24,Desktop,235653.0
13117,1042,2025-05-05 19:20:08,Desktop,125994.0
13118,547,2024-11-14 01:08:14,Desktop,246489.0
13119,760,2026-07-13 02:40:10,Mobile,117967.0
13120,1135,2025-06-05 04:38:44,Mobile,73246.0
13121,909,2024-05-28 08:25:44,Desktop,98258.0
13122,1116,2026-05-02 01:22:42,Tablet,60108.0
13123,685,2025-09-14 10:53:16,Unknown,293664.0
13124,971,2024-09-15 22:36:21,Web,81751.0
13125,846,2025-03-30 01:03:35,Desktop,135648.0
13126,805,2025-11-17 09:42:33,Desktop,87987.0
13127,376,2025-02-01 21:59:35,Desktop,192613.0
13128,10,2025-10-01 09:53:25,Unknown,277255.0
13129,804,2024-03-22 20:17:43,Desktop,34835.0
13130,446,2025-07-30 18:16:12,Smart TV,223281.0
13131,962,2026-05-27 04:34:01,Desktop,360764.0
13132,144,2025-07-22 12:29:52,Web,320393.0
13133,494,2024-02-04 22:37:00,Unknown,155267.0
13134,37,2024-09-21 18:12:53,Tablet,130316.0
13135,201,2025-07-15 05:24:17,Mobile,42928.0
13136,257,2026-02-19 21:41:57,Mobile,151513.0
13137,851,2026-05-19 21:21:20,Desktop,143279.0
13138,131,2026-08-03 09:18:23,Web,278709.0
13139,860,2026-05-23 22:57:31,Desktop,194088.0
13140,169,2024-11-12 14:54:37,Mobile,388819.0
13141,566,2026-01-30 02:50:51,Smart TV,222285.0
13142,858,2025-08-20 12:18:36,Mobile,71405.0
13143,1097,2024-04-11 03:55:53,Smart TV,194870.0
13144,514,2025-11-03 19:02:09,Smart TV,381318.0
13145,1104,2026-06-09 19:33:54,Mobile,151425.0
13146,952,2025-05-19 08:32:52,Desktop,39535.0
13147,341,2026-08-08 06:27:56,Unknown,79248.0
13148,14,2024-05-21 04:16:42,Desktop,287237.0
13149,402,2024-10-02 19:09:07,Unknown,106403.0
13150,224,2025-08-02 08:35:29,Web,59985.0
13151,917,2024-04-02 15:59:21,Web,122426.0
13152,88,2025-02-13 11:08:58,Unknown,59899.0
13153,1020,2024-08-18 04:44:59,Smart TV,32385.0
13154,240,2026-04-30 10:35:11,Smart TV,237401.0
13155,78,2026-05-02 07:24:16,Tablet,100605.0
13156,542,2026-03-06 10:07:03,Smart TV,97903.0
13157,955,2026-09-07 15:47:46,Web,202643.0
13158,247,2025-12-20 07:35:43,Desktop,212697.0
13159,430,2024-07-09 06:27:46,Unknown,193875.0
13160,1009,2026-03-08 19:25:58,Mobile,35155.0
13161,722,2024-01-31 15:34:47,Smart TV,185674.0
13162,829,2024-08-03 14:00:08,Tablet,122863.0
13163,1078,2025-11-11 02:14:27,Unknown,211301.0
13164,1008,2026-03-05 07:28:17,Tablet,120658.0
13165,98,2024-10-10 13:07:12,Desktop,24584.0
13166,262,2026-01-26 14:53:15,Web,119916.0
13167,852,2024-06-04 12:59:04,Desktop,254602.0
13168,418,2025-05-03 00:53:03,Web,157701.0
13169,637,2024-06-12 23:40:22,Web,291358.0
13170,1109,2026-07-05 07:41:27,Smart TV,42348.0
13171,15,2024-10-22 21:48:26,Mobile,153833.0
13172,223,2024-07-11 07:26:00,Smart TV,30567.0
13173,351,2026-06-16 14:13:29,Tablet,311450.0
13174,936,2024-12-22 01:59:19,Unknown,252911.0
13175,301,2026-07-07 19:16:41,Tablet,60715.0
13176,760,2026-04-07 18:38:03,Web,194647.0
13177,941,2025-02-18 22:42:20,Tablet,145703.0
13178,1199,2024-07-15 21:56:44,Mobile,302529.0
13179,60,2025-07-02 21:46:23,Smart TV,157013.0
13180,348,2025-07-13 19:58:04,Mobile,134233.0
13181,1094,2026-08-31 20:33:05,Tablet,103994.0
13182,575,2024-12-20 07:23:25,Tablet,71705.0
13183,749,2024-06-22 04:00:03,Mobile,163648.0
13184,158,2026-07-28 02:54:43,Web,57409.0
13185,947,2026-01-23 20:41:37,Desktop,137859.0
13186,505,2026-03-18 10:02:48,Desktop,69931.0
13187,848,2025-12-08 05:58:49,Tablet,107291.0
13188,435,2025-01-19 11:33:38,Web,89573.0
13189,568,2024-12-31 14:49:55,Smart TV,402748.0
13190,783,2024-05-05 22:37:16,Tablet,137578.0
13191,771,2026-04-07 09:29:47,Smart TV,62155.0
13192,694,2025-04-23 00:08:36,Tablet,127992.0
13193,544,2025-08-18 03:30:29,Desktop,103686.0
13194,754,2026-06-28 18:38:59,Smart TV,226550.0
13195,64,2024-06-29 02:53:26,Tablet,84314.0
13196,976,2024-01-29 20:29:45,Unknown,74300.0
13197,892,2025-03-03 16:51:05,Desktop,85699.0
13198,1134,2024-05-19 07:49:31,Mobile,119671.0
13199,438,2026-06-12 00:52:30,Unknown,180011.0
13200,988,2024-03-13 12:52:21,Desktop,56471.0
13201,299,2025-03-18 21:19:43,Unknown,54151.0
13202,391,2026-03-11 15:18:15,Desktop,78717.0
13203,987,2026-02-25 10:52:01,Smart TV,90112.0
13204,99,2024-02-08 06:29:54,Desktop,85790.0
13205,615,2026-04-24 02:49:15,Web,102525.0
13206,934,2025-09-25 14:52:17,Web,158388.0
13207,1117,2025-09-06 08:46:12,Smart TV,59342.0
13208,534,2026-05-06 19:38:12,Smart TV,284283.0
13209,540,2024-04-25 13:38:47,Desktop,154616.0
13210,198,2024-11-02 16:54:58,Tablet,125240.0
13211,1071,2024-01-26 13:48:41,Smart TV,77397.0
13212,624,2025-05-16 08:56:20,Smart TV,210628.0
13213,583,2025-05-14 04:06:19,Web,233002.0
13214,576,2025-09-22 22:16:45,Web,226293.0
13215,950,2024-06-07 12:54:39,Unknown,99282.0
13216,869,2024-11-19 13:24:41,Web,154616.0
13217,364,2024-07-13 07:20:20,Desktop,184291.0
13218,656,2024-04-20 15:16:32,Desktop,343655.0
13219,52,2025-03-02 19:44:57,Unknown,253841.0
13220,374,2025-08-31 05:06:14,Desktop,235413.0
13221,524,2026-04-15 03:07:14,Mobile,102833.0
13222,1024,2026-02-02 01:38:47,Web,291192.0
13223,179,2024-11-22 05:45:03,Unknown,344650.0
13224,1126,2026-01-20 14:00:08,Mobile,89263.0
13225,31,2025-06-01 17:05:01,Desktop,216076.0
13226,358,2025-09-18 21:19:25,Mobile,184752.0
13227,232,2026-03-07 19:28:48,Unknown,240414.0
13228,944,2025-09-12 19:49:12,Unknown,248868.0
13229,1027,2024-05-23 17:54:48,Tablet,98739.0
13230,1072,2025-01-28 12:54:44,Tablet,241353.0
13231,1196,2026-08-05 06:28:43,Tablet,291819.0
13232,371,2024-10-01 11:33:42,Mobile,181924.0
13233,386,2025-10-03 03:26:22,Mobile,144782.0
13234,992,2026-08-28 08:38:08,Tablet,107971.0
13235,1106,2024-11-27 16:32:07,Mobile,170389.0
13236,271,2026-06-09 06:26:04,Desktop,217521.0
13237,1013,2025-03-05 23:23:05,Tablet,241530.0
13238,293,2026-07-01 20:01:14,Mobile,100112.0
13239,127,2025-12-13 09:56:29,Smart TV,154616.0
13240,189,2026-05-02 23:31:55,Unknown,55024.0
13241,710,2025-03-04 08:04:13,Unknown,72885.0
13242,85,2025-10-08 17:12:32,Smart TV,112554.0
13243,570,2024-10-21 22:35:47,Tablet,70484.0
13244,402,2024-07-11 01:11:59,Web,190819.0
13245,333,2026-07-02 06:57:18,Mobile,65473.0
13246,81,2024-11-14 20:54:02,Mobile,313280.0
13247,859,2025-08-01 10:51:56,Desktop,117747.0
13248,945,2024-05-21 02:49:03,Smart TV,268360.0
13249,241,2026-01-25 13:31:55,Desktop,166249.0
13250,371,2024-10-04 21:26:15,Web,111987.0
13251,773,2025-09-06 16:03:31,Mobile,50268.0
13252,929,2026-06-27 11:34:53,Mobile,173333.0
13253,497,2024-08-09 01:09:45,Mobile,110314.0
13254,142,2025-10-26 08:17:37,Unknown,43589.0
13255,682,2025-07-19 22:54:18,Mobile,123878.0
13256,221,2026-05-26 09:13:59,Web,334306.0
13257,282,2024-09-14 20:57:19,Web,154485.0
13258,793,2024-05-06 07:02:11,Smart TV,197293.0
13259,772,2024-07-20 20:28:56,Tablet,37564.0
13260,943,2024-12-10 15:51:19,Tablet,126567.0
13261,149,2026-05-10 03:23:30,Web,242156.0
13262,1182,2024-01-06 10:47:03,Smart TV,308139.0
13263,282,2026-09-09 11:08:07,Smart TV,158730.0
13264,724,2024-01-31 05:31:25,Smart TV,222675.0
13265,406,2024-09-06 20:09:29,Web,73267.0
13266,1099,2025-12-18 12:53:16,Web,147601.0
13267,903,2025-04-30 16:25:12,Desktop,141178.0
13268,345,2024-03-14 23:14:30,Smart TV,207349.0
13269,928,2026-06-28 07:25:04,Smart TV,119305.0
13270,648,2026-07-09 15:43:34,Desktop,290179.0
13271,112,2024-03-03 10:31:11,Web,134272.0
13272,731,2026-04-22 22:15:34,Unknown,60569.0
13273,1110,2026-02-21 05:18:35,Web,158036.0
13274,110,2024-07-10 04:08:18,Desktop,164240.0
13275,180,2025-09-23 21:38:24,Tablet,138453.0
13276,267,2024-08-13 16:06:51,Tablet,88931.0
13277,292,2024-07-20 10:40:19,Tablet,99295.0
13278,117,2026-07-17 15:58:56,Unknown,86632.0
13279,489,2024-02-01 05:43:12,Mobile,234477.0
13280,8,2026-03-31 17:05:11,Desktop,349849.0
13281,584,2026-05-23 19:54:16,Web,206889.0
13282,570,2024-03-02 12:20:59,Smart TV,50056.0
13283,577,2025-10-09 19:48:22,Web,134326.0
13284,523,2026-03-26 19:14:41,Unknown,52165.0
13285,369,2026-06-05 11:58:55,Unknown,154731.0
13286,520,2024-11-09 22:25:20,Unknown,116219.0
13287,1167,2025-06-15 05:53:21,Unknown,297791.0
13288,288,2026-06-30 03:11:45,Desktop,84409.0
13289,1061,2026-06-10 06:39:40,Desktop,320210.0
13290,100,2024-03-27 18:23:57,Smart TV,185452.0
13291,352,2025-02-09 23:15:26,Mobile,84706.0
13292,1054,2024-02-13 16:39:56,Mobile,117478.0
13293,131,2024-08-16 23:52:43,Web,308500.0
13294,996,2025-10-11 02:14:11,Desktop,84567.0
13295,1000,2024-09-25 22:33:07,Mobile,90549.0
13296,470,2025-06-09 05:57:44,Unknown,233250.0
13297,756,2026-06-24 13:24:11,Mobile,62862.0
13298,712,2026-09-02 16:50:13,Mobile,231260.0
13299,456,2025-07-23 19:30:07,Unknown,74792.0
13300,853,2024-01-04 07:25:59,Mobile,122575.0
13301,867,2024-07-17 12:33:14,Tablet,114245.0
13302,57,2026-03-13 13:56:23,Desktop,104715.0
13303,452,2026-02-06 03:41:20,Mobile,198686.0
13304,1080,2024-04-11 00:35:49,Mobile,83289.0
13305,890,2026-09-10 06:27:50,Web,68708.0
13306,271,2024-06-10 03:47:08,Tablet,235810.0
13307,857,2024-11-15 09:53:00,Desktop,136836.0
13308,569,2024-03-27 18:54:51,Unknown,68389.0
13309,771,2026-02-16 19:43:00,Smart TV,321729.0
13310,371,2024-11-28 07:47:18,Mobile,219741.0
13311,423,2025-11-10 18:54:06,Web,74974.0
13312,1053,2025-04-08 19:08:18,Smart TV,209126.0
13313,952,2024-03-16 02:42:34,Mobile,41448.0
13314,1200,2024-09-05 07:13:36,Mobile,241675.0
13315,928,2025-10-04 14:29:08,Smart TV,384279.0
13316,437,2024-03-29 14:03:16,Desktop,235935.0
13317,1135,2024-11-25 20:29:26,Smart TV,202583.0
13318,142,2025-01-02 19:47:41,Tablet,193969.0
13319,189,2024-01-18 00:24:27,Smart TV,112164.0
13320,958,2026-03-24 11:55:07,Tablet,312177.0
13321,371,2026-08-13 17:23:54,Tablet,72905.0
13322,923,2026-03-08 23:17:20,Desktop,166734.0
13323,145,2025-12-21 12:37:19,Unknown,177392.0
13324,389,2025-02-19 11:48:39,Web,175543.0
13325,1050,2025-02-18 18:58:17,Unknown,169903.0
13326,468,2025-11-01 06:44:23,Web,155633.0
13327,472,2024-08-15 19:34:06,Desktop,303218.0
13328,389,2024-09-14 03:44:36,Desktop,256186.0
13329,1182,2025-09-20 03:58:01,Unknown,78881.0
13330,1028,2026-09-17 15:13:51,Desktop,53493.0
13331,1003,2025-01-07 21:59:26,Smart TV,167757.0
13332,359,2024-02-04 13:43:53,Unknown,109240.0
13333,344,2024-07-23 20:27:23,Mobile,131162.0
13334,1052,2024-06-26 14:27:28,Web,361216.0
13335,592,2025-08-17 00:42:24,Mobile,43397.0
13336,462,2026-07-18 19:05:30,Mobile,193199.0
13337,1154,2024-05-18 09:21:40,Unknown,217436.0
13338,428,2024-07-23 02:09:03,Tablet,96546.0
13339,1190,2024-12-15 21:21:01,Smart TV,124851.0
13340,625,2024-02-17 07:19:09,Mobile,92836.0
13341,478,2024-06-04 19:11:53,Unknown,99185.0
13342,87,2025-02-24 19:21:24,Mobile,66626.0
13343,653,2024-04-03 11:53:37,Web,91496.0
13344,255,2026-04-17 08:36:42,Tablet,208539.0
13345,628,2026-04-27 20:44:36,Mobile,53417.0
13346,389,2026-06-06 06:51:11,Web,226663.0
13347,307,2024-06-22 19:45:42,Mobile,122307.0
13348,1134,2025-11-08 05:56:53,Web,328272.0
13349,787,2024-12-13 00:33:05,Tablet,245112.0
13350,603,2025-02-23 10:41:58,Web,228489.0
13351,739,2025-03-07 21:35:48,Desktop,154616.0
13352,817,2026-05-21 12:46:55,Unknown,95411.0
13353,700,2025-05-04 11:10:38,Smart TV,110810.0
13354,759,2025-03-05 10:42:41,Desktop,138921.0
13355,404,2024-06-06 21:15:35,Mobile,270737.0
13356,569,2026-05-28 08:45:14,Mobile,85179.0
13357,186,2024-06-06 04:22:47,Mobile,294548.0
13358,555,2026-02-19 07:45:46,Web,119150.0
13359,53,2026-08-27 20:19:52,Smart TV,117493.0
13360,270,2024-09-13 03:54:37,Tablet,161528.0
13361,90,2025-09-20 16:04:08,Tablet,144915.0
13362,1115,2024-04-11 17:30:08,Smart TV,283795.0
13363,589,2024-05-28 01:58:28,Smart TV,243008.0
13364,518,2024-08-19 17:03:27,Smart TV,114062.0
13365,973,2025-05-17 18:32:45,Desktop,282138.0
13366,749,2024-04-30 01:36:32,Unknown,56514.0
13367,1031,2025-07-13 17:35:20,Tablet,219127.0
13368,807,2026-06-17 17:21:57,Smart TV,119683.0
13369,699,2026-05-05 07:53:20,Unknown,306761.0
13370,958,2025-09-20 17:29:29,Tablet,54733.0
13371,758,2024-12-25 03:03:30,Desktop,133951.0
13372,310,2025-07-18 22:33:49,Web,103732.0
13373,930,2024-12-06 08:46:19,Smart TV,217733.0
13374,1148,2025-11-25 00:17:15,Web,55673.0
13375,839,2024-04-13 10:28:56,Web,192336.0
13376,151,2026-06-02 04:05:14,Web,289175.0
13377,652,2026-03-09 21:11:25,Tablet,95303.0
13378,1081,2024-06-04 03:23:57,Tablet,348323.0
13379,740,2025-10-15 15:19:55,Unknown,145634.0
13380,727,2025-02-16 15:59:39,Tablet,102292.0
13381,672,2024-11-25 10:02:25,Smart TV,164453.0
13382,614,2026-09-15 10:13:00,Smart TV,111440.0
13383,1185,2024-01-13 20:16:23,Unknown,190642.0
13384,880,2025-07-07 19:57:04,Unknown,284677.0
13385,554,2026-05-10 21:10:52,Mobile,39720.0
13386,750,2025-03-24 14:26:45,Tablet,270311.0
13387,620,2025-07-24 01:04:20,Desktop,132628.0
13388,690,2026-01-14 03:13:24,Smart TV,164897.0
13389,290,2026-01-01 14:43:55,Smart TV,156105.0
13390,1147,2026-08-20 19:59:31,Unknown,33321.0
13391,892,2026-03-29 16:35:07,Smart TV,175613.0
13392,357,2024-03-03 22:54:29,Unknown,239295.0
13393,230,2025-09-24 08:35:22,Mobile,127452.0
13394,187,2026-03-26 10:08:04,Smart TV,154346.0
13395,278,2024-10-16 10:49:03,Mobile,179617.0
13396,65,2024-08-21 17:02:06,Smart TV,71697.0
13397,331,2024-11-05 05:28:21,Web,319932.0
13398,820,2026-07-02 21:21:21,Mobile,158820.0
13399,653,2025-10-23 19:35:56,Desktop,36217.0
13400,120,2024-01-30 14:30:27,Unknown,94762.0
13401,1030,2024-10-19 14:17:59,Web,103758.0
13402,700,2025-01-26 09:13:10,Mobile,273177.0
13403,1091,2024-04-27 16:17:19,Smart TV,218495.0
13404,8,2026-09-14 04:15:56,Tablet,302598.0
13405,9,2025-06-01 01:32:03,Smart TV,320426.0
13406,613,2025-08-17 23:22:21,Web,53842.0
13407,1066,2024-10-16 18:49:29,Web,304441.0
13408,1038,2026-05-15 02:30:30,Mobile,373840.0
13409,383,2026-09-01 17:00:41,Tablet,68395.0
13410,251,2025-10-21 02:38:54,Tablet,79321.0
13411,697,2024-02-08 14:40:59,Desktop,172490.0
13412,221,2024-08-23 06:19:13,Web,240749.0
13413,284,2025-07-31 16:56:43,Smart TV,62236.0
13414,843,2025-05-01 17:02:44,Mobile,63742.0
13415,356,2024-07-17 06:51:06,Tablet,249307.0
13416,306,2025-07-19 16:15:09,Tablet,229965.0
13417,1164,2025-04-15 00:54:25,Smart TV,166485.0
13418,323,2026-07-17 01:57:48,Tablet,132129.0
13419,183,2026-01-20 17:59:50,Tablet,104943.0
13420,791,2024-08-23 22:33:45,Smart TV,48803.0
13421,1152,2024-09-14 06:51:00,Unknown,81681.0
13422,95,2025-09-18 23:54:51,Tablet,213371.0
13423,793,2026-04-09 00:12:46,Smart TV,151653.0
13424,1086,2025-09-03 20:31:04,Mobile,154616.0
13425,216,2025-06-12 13:23:44,Desktop,97313.0
13426,468,2024-03-15 14:20:42,Unknown,309154.0
13427,251,2025-09-23 15:52:23,Unknown,73030.0
13428,162,2026-02-13 00:21:05,Smart TV,251204.0
13429,655,2025-12-03 20:37:12,Tablet,120795.0
13430,854,2026-08-15 08:37:17,Desktop,366815.0
13431,581,2024-02-06 11:39:48,Unknown,210404.0
13432,1200,2026-08-27 05:34:40,Unknown,306788.0
13433,552,2025-06-04 08:37:40,Smart TV,123862.0
13434,107,2025-02-07 02:23:42,Mobile,303460.0
13435,435,2026-05-31 11:55:55,Smart TV,78380.0
13436,455,2024-02-08 00:01:58,Web,116052.0
13437,272,2024-10-12 18:56:36,Unknown,99688.0
13438,175,2024-03-23 11:16:05,Web,89040.0
13439,646,2024-08-26 07:45:21,Tablet,128564.0
13440,672,2025-02-21 21:24:58,Mobile,89817.0
13441,211,2024-08-18 18:49:26,Web,230150.0
13442,1146,2026-09-06 15:46:14,Smart TV,180084.0
13443,1081,2026-07-07 10:25:12,Unknown,208653.0
13444,1040,2026-01-23 13:03:42,Desktop,203061.0
13445,1114,2026-08-02 06:01:58,Unknown,117785.0
13446,389,2024-05-25 08:09:35,Unknown,158559.0
13447,1039,2025-10-21 06:01:02,Unknown,160778.0
13448,674,2024-03-27 03:30:30,Mobile,230656.0
13449,771,2025-06-18 09:55:48,Unknown,261628.0
13450,10,2025-02-03 17:15:17,Mobile,159269.0
13451,1174,2025-09-16 02:33:52,Unknown,197374.0
13452,222,2024-03-09 03:55:41,Unknown,295373.0
13453,300,2026-04-28 19:00:40,Unknown,62664.0
13454,714,2025-01-15 14:14:39,Unknown,65479.0
13455,1196,2025-11-02 00:11:16,Tablet,284643.0
13456,933,2024-01-10 22:21:33,Mobile,131362.0
13457,613,2025-09-18 05:08:28,Web,154616.0
13458,846,2024-03-09 23:53:38,Unknown,81514.0
13459,1153,2025-08-15 17:29:48,Web,290364.0
13460,514,2025-05-11 02:13:17,Web,204314.0
13461,594,2024-10-05 16:32:51,Desktop,94969.0
13462,248,2026-05-28 04:49:57,Unknown,42239.0
13463,741,2025-12-17 11:40:00,Smart TV,41810.0
13464,79,2024-04-16 22:26:48,Unknown,154616.0
13465,1112,2024-11-06 16:12:28,Web,63414.0
13466,530,2024-05-03 11:35:43,Smart TV,60905.0
13467,199,2026-04-09 05:37:46,Mobile,312108.0
13468,415,2025-03-11 00:56:58,Unknown,76285.0
13469,1080,2024-07-04 16:40:45,Smart TV,27521.0
13470,873,2024-02-16 05:59:19,Web,244405.0
13471,19,2024-05-14 14:39:55,Web,127446.0
13472,866,2025-07-16 19:47:44,Web,100575.0
13473,699,2024-06-11 20:54:23,Smart TV,218721.0
13474,280,2026-03-23 21:45:28,Smart TV,341075.0
13475,985,2026-07-06 01:31:11,Desktop,215409.0
13476,1112,2025-04-13 20:09:22,Mobile,298415.0
13477,1122,2024-07-16 10:46:50,Mobile,47725.0
13478,961,2024-02-17 11:16:20,Mobile,169305.0
13479,511,2026-05-31 23:41:29,Smart TV,122923.0
13480,54,2024-07-16 05:09:07,Web,162298.0
13481,535,2024-07-18 08:08:49,Tablet,200277.0
13482,709,2025-03-05 18:25:53,Tablet,162957.0
13483,339,2025-05-07 08:13:58,Mobile,214640.0
13484,909,2024-05-22 10:15:11,Tablet,109033.0
13485,1193,2025-05-18 21:17:08,Smart TV,172875.0
13486,269,2026-05-25 02:09:07,Mobile,92024.0
13487,775,2025-05-10 05:05:52,Mobile,165739.0
13488,1071,2024-08-29 12:16:41,Desktop,363844.0
13489,168,2025-08-31 22:00:09,Smart TV,253892.0
13490,284,2026-07-22 23:43:18,Smart TV,125004.0
13491,64,2024-05-21 20:14:31,Tablet,96771.0
13492,1199,2026-02-21 06:19:40,Mobile,186700.0
13493,392,2024-03-22 21:15:46,Tablet,275959.0
13494,195,2024-05-20 08:45:09,Unknown,60879.0
13495,712,2026-06-01 07:00:22,Web,101483.0
13496,1196,2025-01-21 10:44:35,Unknown,348156.0
13497,881,2025-05-17 03:48:40,Mobile,269326.0
13498,623,2026-08-12 08:15:14,Tablet,175581.0
13499,763,2024-04-03 15:11:33,Desktop,87241.0
13500,546,2026-02-28 00:09:41,Smart TV,164960.0
13501,923,2024-05-29 23:11:49,Desktop,54612.0
13502,413,2025-01-19 03:35:55,Unknown,92352.0
13503,651,2025-03-15 10:57:59,Smart TV,242269.0
13504,157,2025-10-24 03:24:24,Unknown,82873.0
13505,984,2026-09-06 08:11:47,Desktop,149802.0
13506,526,2026-07-06 02:21:04,Smart TV,158711.0
13507,343,2025-08-19 01:50:36,Web,151432.0
13508,78,2024-03-19 10:07:01,Unknown,48340.0
13509,349,2025-02-18 08:32:03,Web,164788.0
13510,1020,2026-03-27 01:03:11,Desktop,43162.0
13511,842,2024-09-11 06:12:16,Tablet,339070.0
13512,559,2025-12-19 12:01:00,Smart TV,141465.0
13513,843,2025-12-07 20:41:34,Tablet,179646.0
13514,1125,2024-05-15 12:26:12,Smart TV,61221.0
13515,218,2025-05-04 02:48:08,Mobile,62887.0
13516,568,2026-03-25 17:53:52,Smart TV,92874.0
13517,493,2026-09-13 00:32:40,Smart TV,171365.0
13518,891,2025-10-21 03:04:19,Desktop,102035.0
13519,1190,2025-07-23 18:50:59,Unknown,104536.0
13520,777,2026-05-18 18:52:17,Smart TV,66562.0
13521,163,2024-05-16 06:55:35,Unknown,84397.0
13522,238,2024-03-20 20:56:13,Tablet,88749.0
13523,394,2024-02-08 21:09:46,Unknown,55108.0
13524,712,2025-06-16 23:32:35,Mobile,85113.0
13525,14,2025-08-13 09:48:46,Tablet,152236.0
13526,168,2025-07-20 15:10:32,Tablet,286665.0
13527,865,2026-08-11 03:10:38,Tablet,236723.0
13528,166,2024-09-29 20:45:36,Tablet,56510.0
13529,260,2024-03-05 06:14:23,Unknown,161686.0
13530,26,2025-07-21 06:21:03,Smart TV,154523.0
13531,411,2025-11-02 13:54:01,Web,136218.0
13532,825,2025-08-24 13:56:41,Mobile,97569.0
13533,670,2025-07-21 05:35:45,Web,78848.0
13534,16,2026-07-10 23:26:46,Web,151307.0
13535,781,2025-04-05 01:13:25,Desktop,82459.0
13536,1129,2025-05-30 12:59:25,Unknown,216188.0
13537,148,2025-02-19 13:01:10,Web,231639.0
13538,129,2026-06-27 10:13:02,Smart TV,138650.0
13539,38,2024-12-20 06:36:08,Unknown,112049.0
13540,563,2025-09-11 20:34:32,Web,303706.0
13541,25,2024-08-08 01:29:19,Desktop,191968.0
13542,534,2024-10-02 21:08:38,Mobile,295032.0
13543,18,2025-09-05 02:23:01,Web,224111.0
13544,321,2024-06-16 02:58:37,Desktop,223136.0
13545,328,2024-08-03 00:09:21,Tablet,180150.0
13546,949,2024-10-21 12:47:32,Unknown,53017.0
13547,15,2024-05-06 02:00:39,Unknown,280126.0
13548,594,2025-08-05 22:55:09,Unknown,336670.0
13549,763,2026-07-16 17:56:53,Tablet,111580.0
13550,937,2025-10-04 05:56:14,Smart TV,138861.0
13551,839,2025-03-30 10:44:02,Desktop,113234.0
13552,276,2024-12-31 03:57:48,Tablet,125314.0
13553,1048,2025-05-09 09:21:13,Mobile,105530.0
13554,152,2025-12-17 18:39:01,Desktop,117266.0
13555,1025,2026-08-02 12:04:41,Tablet,158112.0
13556,101,2025-02-14 15:49:24,Web,118004.0
13557,1058,2025-07-29 13:07:30,Web,342962.0
13558,876,2025-07-18 15:34:12,Mobile,276738.0
13559,519,2026-05-08 01:55:48,Tablet,154616.0
13560,760,2024-08-04 13:39:33,Smart TV,90634.0
13561,409,2025-05-25 06:49:13,Tablet,259442.0
13562,1008,2025-01-29 02:36:46,Tablet,335575.0
13563,1110,2024-10-02 09:53:30,Desktop,69529.0
13564,474,2025-03-06 00:40:17,Smart TV,186686.0
13565,48,2026-01-05 20:14:37,Smart TV,221661.0
13566,1089,2025-05-14 07:14:50,Web,167682.0
13567,597,2025-02-24 08:48:30,Unknown,204571.0
13568,759,2026-08-08 08:23:12,Smart TV,194051.0
13569,320,2026-08-19 01:44:59,Web,241529.0
13570,316,2025-05-16 08:14:50,Smart TV,140120.0
13571,663,2024-12-30 05:37:47,Mobile,216244.0
13572,164,2026-07-02 18:09:38,Smart TV,280495.0
13573,807,2026-05-31 15:36:18,Mobile,227593.0
13574,657,2025-02-23 22:56:45,Unknown,154616.0
13575,899,2026-06-29 13:17:44,Smart TV,227854.0
13576,940,2025-04-24 23:35:48,Tablet,358150.0
13577,100,2026-03-03 01:13:54,Mobile,310365.0
13578,349,2025-04-04 07:33:56,Desktop,293818.0
13579,953,2024-05-21 15:16:40,Desktop,250369.0
13580,664,2024-11-16 20:25:26,Desktop,161397.0
13581,766,2026-07-25 04:44:57,Mobile,84809.0
13582,372,2026-04-24 03:04:42,Mobile,47352.0
13583,821,2024-10-20 07:39:38,Smart TV,164482.0
13584,938,2026-01-28 21:02:41,Unknown,99151.0
13585,954,2024-10-20 21:37:18,Mobile,70919.0
13586,716,2024-02-09 07:47:33,Smart TV,57122.0
13587,484,2025-01-21 21:04:22,Desktop,202887.0
13588,217,2025-09-14 03:41:33,Smart TV,132651.0
13589,949,2024-03-25 01:04:48,Tablet,105872.0
13590,568,2025-04-03 21:54:22,Unknown,143080.0
13591,113,2024-05-10 20:15:48,Smart TV,98575.0
13592,1114,2024-04-15 17:07:45,Unknown,175994.0
13593,360,2025-04-28 18:43:06,Mobile,100333.0
13594,401,2024-02-01 23:04:38,Desktop,38543.0
13595,905,2026-04-05 22:25:30,Unknown,141057.0
13596,849,2026-01-26 16:41:50,Smart TV,87218.0
13597,79,2024-04-14 18:20:06,Mobile,266780.0
13598,200,2024-01-24 16:10:17,Desktop,105810.0
13599,1011,2025-06-10 09:20:01,Smart TV,141746.0
13600,130,2024-01-03 13:28:56,Unknown,296827.0
13601,1026,2025-12-15 19:29:46,Unknown,99341.0
13602,1113,2025-04-01 16:54:26,Unknown,111991.0
13603,557,2024-04-21 12:38:04,Tablet,266117.0
13604,909,2025-11-29 18:50:45,Web,32152.0
13605,954,2025-02-21 04:34:17,Tablet,111182.0
13606,823,2025-04-05 06:01:20,Web,321840.0
13607,792,2026-05-31 23:40:42,Tablet,44118.0
13608,200,2026-06-16 17:53:22,Unknown,188621.0
13609,322,2024-03-02 07:30:14,Mobile,109919.0
13610,255,2025-07-09 22:24:21,Smart TV,154422.0
13611,160,2025-04-13 20:31:02,Smart TV,222292.0
13612,1056,2024-09-14 19:27:15,Desktop,196061.0
13613,1141,2024-06-14 09:49:47,Mobile,99960.0
13614,842,2025-06-30 12:47:29,Desktop,271889.0
13615,175,2024-06-16 17:39:11,Mobile,133923.0
13616,676,2026-05-04 04:39:16,Mobile,330141.0
13617,734,2025-09-14 00:01:46,Smart TV,107604.0
13618,194,2026-01-27 05:06:29,Unknown,265472.0
13619,668,2025-12-12 04:17:25,Unknown,250921.0
13620,588,2024-12-14 03:07:22,Web,242094.0
13621,1061,2025-07-31 02:42:14,Tablet,154616.0
13622,1059,2026-05-17 03:00:57,Mobile,159757.0
13623,245,2026-05-20 11:52:55,Desktop,127967.0
13624,540,2026-09-12 19:12:03,Mobile,220204.0
13625,839,2025-04-26 10:48:14,Mobile,43074.0
13626,259,2024-08-29 21:36:08,Desktop,205656.0
13627,1022,2025-09-18 14:13:08,Tablet,208439.0
13628,1015,2026-03-12 06:26:43,Smart TV,232478.0
13629,257,2024-11-13 23:15:26,Smart TV,190095.0
13630,956,2026-07-26 12:15:01,Web,72768.0
13631,851,2024-09-04 16:59:47,Unknown,50861.0
13632,1048,2025-11-28 20:31:52,Desktop,338414.0
13633,701,2026-01-26 15:11:15,Unknown,200168.0
13634,19,2025-06-29 12:09:30,Tablet,95942.0
13635,767,2026-05-12 08:19:45,Unknown,166161.0
13636,933,2025-04-05 04:43:44,Smart TV,203230.0
13637,218,2025-01-21 07:08:30,Unknown,76039.0
13638,997,2026-04-17 18:40:36,Tablet,132549.0
13639,966,2024-10-23 04:17:17,Unknown,95752.0
13640,267,2024-07-12 09:28:12,Unknown,172789.0
13641,1156,2025-05-17 18:38:00,Mobile,178064.0
13642,147,2024-05-14 10:11:59,Mobile,199071.0
13643,189,2024-02-18 08:10:35,Desktop,191982.0
13644,452,2024-03-26 02:56:42,Tablet,59232.0
13645,959,2025-10-23 09:14:21,Smart TV,172196.0
13646,877,2025-11-14 21:58:14,Desktop,105215.0
13647,623,2024-06-02 18:30:33,Smart TV,70756.0
13648,449,2025-04-04 18:36:53,Desktop,230567.0
13649,76,2026-04-17 15:36:52,Unknown,113076.0
13650,418,2025-12-10 17:46:17,Web,147264.0
13651,460,2024-07-24 20:27:29,Unknown,77189.0
13652,537,2026-05-04 12:58:06,Tablet,237901.0
13653,310,2025-03-30 08:54:43,Tablet,271381.0
13654,203,2025-02-28 14:28:33,Smart TV,72479.0
13655,199,2024-01-28 18:45:16,Desktop,318609.0
13656,888,2025-06-01 23:16:54,Unknown,82012.0
13657,713,2025-09-03 02:11:33,Mobile,261033.0
13658,702,2026-05-22 12:31:17,Unknown,83126.0
13659,692,2024-05-31 13:36:34,Tablet,300907.0
13660,1053,2025-01-09 23:35:04,Mobile,277564.0
13661,292,2025-11-04 10:30:43,Tablet,51108.0
13662,235,2024-09-13 00:48:21,Web,190823.0
13663,97,2025-09-02 19:29:08,Desktop,124935.0
13664,221,2025-11-10 05:36:40,Smart TV,287148.0
13665,1133,2024-01-04 21:23:25,Web,80720.0
13666,1029,2025-09-11 08:37:06,Web,166286.0
13667,764,2025-10-04 12:42:09,Unknown,154616.0
13668,946,2024-06-18 17:10:31,Tablet,149085.0
13669,1084,2025-12-29 16:56:32,Unknown,147054.0
13670,1020,2024-08-05 15:41:46,Desktop,77510.0
13671,1095,2025-02-17 10:14:59,Mobile,263541.0
13672,35,2024-03-24 23:56:42,Mobile,50119.0
13673,379,2026-01-15 03:00:48,Unknown,31826.0
13674,500,2026-08-08 13:42:49,Desktop,154616.0
13675,9,2024-12-08 03:27:54,Unknown,53004.0
13676,402,2024-07-08 19:14:39,Unknown,222196.0
13677,728,2024-05-16 20:24:01,Mobile,118001.0
13678,266,2026-03-10 21:21:41,Desktop,179877.0
13679,687,2024-05-16 20:07:39,Tablet,173057.0
13680,280,2025-07-09 12:16:23,Unknown,139217.0
13681,995,2025-07-29 15:18:02,Desktop,197738.0
13682,112,2024-06-12 08:23:25,Tablet,284532.0
13683,1072,2025-11-25 14:27:45,Mobile,42591.0
13684,574,2025-11-11 14:19:47,Desktop,356493.0
13685,623,2026-06-07 03:27:04,Smart TV,172326.0
13686,736,2024-06-11 07:44:02,Mobile,252914.0
13687,230,2025-08-16 03:42:59,Desktop,96152.0
13688,1067,2026-06-19 01:58:01,Mobile,98034.0
13689,718,2024-05-16 16:19:09,Unknown,246345.0
13690,312,2025-12-14 17:36:54,Desktop,139740.0
13691,870,2025-10-17 17:01:01,Desktop,338521.0
13692,545,2025-09-04 11:32:11,Smart TV,131986.0
13693,174,2025-08-21 05:30:07,Web,315937.0
13694,930,2025-07-07 05:29:52,Desktop,72903.0
13695,286,2024-12-20 19:50:51,Smart TV,106867.0
13696,829,2024-04-08 04:38:31,Smart TV,132575.0
13697,2,2025-03-15 13:38:28,Unknown,209342.0
13698,788,2026-08-09 14:25:15,Mobile,73524.0
13699,236,2026-03-20 04:59:02,Tablet,86414.0
13700,313,2025-05-29 03:16:39,Mobile,96770.0
13701,318,2024-06-17 22:42:34,Web,109360.0
13702,1051,2025-04-20 09:36:01,Mobile,181379.0
13703,261,2026-05-10 10:32:49,Web,29513.0
13704,383,2025-12-31 19:12:47,Tablet,240569.0
13705,481,2024-09-02 12:42:35,Mobile,250987.0
13706,166,2024-12-26 19:45:24,Unknown,236715.0
13707,18,2024-06-09 09:17:21,Web,161395.0
13708,339,2025-06-18 13:25:44,Web,138420.0
13709,580,2025-03-06 08:19:12,Mobile,213620.0
13710,154,2024-03-17 22:27:59,Mobile,175864.0
13711,145,2025-05-21 05:23:17,Tablet,138023.0
13712,783,2024-08-16 23:13:39,Tablet,244013.0
13713,35,2026-07-16 03:50:39,Mobile,134250.0
13714,939,2025-10-09 15:49:19,Tablet,45712.0
13715,767,2024-12-20 15:31:04,Unknown,202957.0
13716,95,2024-03-18 15:51:40,Desktop,159366.0
13717,69,2024-06-05 03:46:58,Smart TV,223426.0
13718,827,2024-08-28 06:11:49,Desktop,316924.0
13719,762,2026-09-05 18:57:21,Desktop,176953.0
13720,1066,2025-12-13 13:40:29,Web,128785.0
13721,256,2024-05-08 14:09:11,Tablet,131438.0
13722,844,2025-06-01 23:26:31,Desktop,57682.0
13723,1075,2024-06-04 08:31:26,Smart TV,106205.0
13724,474,2025-03-18 10:44:29,Desktop,158528.0
13725,431,2024-11-20 09:27:44,Unknown,153608.0
13726,703,2026-04-25 23:50:02,Tablet,345886.0
13727,655,2025-07-22 18:09:04,Smart TV,143951.0
13728,1038,2025-11-01 13:45:32,Smart TV,190101.0
13729,1136,2026-01-15 12:53:12,Web,218449.0
13730,797,2026-08-22 15:15:45,Desktop,56851.0
13731,464,2024-07-18 19:26:57,Mobile,145444.0
13732,148,2025-04-23 20:47:34,Mobile,373453.0
13733,561,2025-09-12 13:27:42,Desktop,143007.0
13734,648,2025-03-12 06:34:51,Mobile,361720.0
13735,316,2024-12-13 11:45:53,Mobile,152363.0
13736,989,2025-08-28 10:24:56,Unknown,307206.0
13737,708,2024-04-29 10:09:55,Smart TV,224416.0
13738,113,2025-10-29 05:28:00,Smart TV,320335.0
13739,221,2025-09-26 01:28:41,Web,401133.0
13740,830,2024-05-09 11:04:05,Unknown,272592.0
13741,1021,2024-10-05 20:59:01,Tablet,213582.0
13742,733,2026-03-11 20:00:03,Web,129298.0
13743,1039,2024-07-25 04:05:00,Mobile,230123.0
13744,219,2025-07-13 04:26:24,Mobile,94141.0
13745,868,2024-04-17 20:26:44,Desktop,139404.0
13746,519,2025-11-05 10:13:21,Unknown,47804.0
13747,1076,2025-07-28 06:29:10,Desktop,104492.0
13748,290,2024-06-17 22:20:05,Desktop,173080.0
13749,43,2025-10-03 21:04:50,Tablet,222085.0
13750,359,2025-11-27 06:36:23,Desktop,146429.0
13751,1199,2025-07-07 21:41:21,Mobile,275520.0
13752,1049,2024-12-26 12:37:43,Smart TV,356404.0
13753,956,2025-04-30 01:11:55,Mobile,133259.0
13754,431,2026-07-30 16:55:45,Unknown,68005.0
13755,783,2024-05-26 11:12:13,Smart TV,223919.0
13756,648,2025-12-25 21:28:33,Desktop,54909.0
13757,548,2026-02-16 21:40:39,Smart TV,122521.0
13758,516,2024-10-24 11:54:56,Unknown,72093.0
13759,731,2025-08-06 20:19:07,Web,113609.0
13760,685,2026-08-11 15:06:08,Mobile,78086.0
13761,933,2025-08-06 03:34:13,Mobile,88808.0
13762,213,2026-04-28 18:54:47,Unknown,141886.0
13763,707,2026-01-08 17:05:22,Mobile,47183.0
13764,297,2025-09-06 17:10:38,Desktop,300702.0
13765,113,2026-05-11 04:52:01,Web,205156.0
13766,591,2025-03-20 21:00:09,Mobile,283283.0
13767,542,2024-05-25 09:47:04,Tablet,85712.0
13768,523,2024-04-12 16:27:45,Desktop,165300.0
13769,104,2025-07-23 22:20:46,Unknown,181558.0
13770,844,2026-07-19 21:22:32,Web,67433.0
13771,742,2024-04-04 16:55:42,Desktop,259750.0
13772,583,2024-05-17 08:28:19,Tablet,402428.0
13773,317,2024-12-07 14:52:50,Smart TV,86464.0
13774,406,2025-05-08 14:49:21,Tablet,289223.0
13775,968,2024-10-07 23:31:06,Tablet,61279.0
13776,574,2024-07-22 17:28:38,Tablet,348161.0
13777,240,2026-09-03 19:22:20,Tablet,69666.0
13778,3,2026-06-17 18:16:03,Unknown,262927.0
13779,564,2025-05-17 15:30:36,Smart TV,266317.0
13780,462,2025-07-10 16:57:05,Smart TV,51662.0
13781,391,2024-11-23 21:26:39,Smart TV,59249.0
13782,1182,2026-08-08 08:16:03,Unknown,128490.0
13783,386,2025-02-19 02:59:42,Smart TV,103675.0
13784,760,2024-08-11 17:04:54,Unknown,183050.0
13785,316,2024-10-25 01:58:44,Tablet,222079.0
13786,545,2025-10-04 04:15:22,Tablet,333262.0
13787,661,2026-01-30 10:26:32,Web,330140.0
13788,1129,2026-04-21 22:02:01,Mobile,157653.0
13789,380,2025-02-13 11:14:14,Unknown,244553.0
13790,339,2025-07-20 20:51:33,Desktop,188602.0
13791,183,2025-04-10 09:08:40,Web,159172.0
13792,1041,2026-09-17 14:25:17,Desktop,137326.0
13793,199,2024-04-19 05:05:31,Tablet,92962.0
13794,955,2024-07-10 01:07:18,Tablet,154616.0
13795,379,2025-04-23 03:59:29,Unknown,123213.0
13796,30,2025-08-17 11:05:26,Web,78627.0
13797,45,2026-09-12 17:44:28,Web,101720.0
13798,827,2026-04-26 02:36:13,Desktop,306031.0
13799,517,2025-05-19 03:57:28,Smart TV,134237.0
13800,420,2026-04-02 22:18:04,Unknown,160738.0
13801,628,2024-12-14 01:35:40,Mobile,100952.0
13802,630,2025-02-19 04:00:00,Smart TV,274661.0
13803,780,2026-07-29 20:47:49,Mobile,96225.0
13804,231,2024-01-31 22:13:58,Tablet,240556.0
13805,1115,2024-07-19 22:50:28,Unknown,257240.0
13806,392,2025-08-04 12:16:33,Smart TV,79361.0
13807,985,2024-11-03 03:29:26,Web,107559.0
13808,2,2024-09-24 16:33:56,Web,91116.0
13809,390,2025-06-21 08:17:35,Desktop,269260.0
13810,1197,2024-01-03 00:30:34,Unknown,276930.0
13811,430,2025-03-03 11:33:12,Mobile,203184.0
13812,116,2026-09-12 15:44:04,Web,71102.0
13813,532,2025-09-11 15:52:52,Web,335549.0
13814,960,2026-08-15 04:05:54,Tablet,30916.0
13815,321,2026-04-15 08:48:13,Web,206950.0
13816,658,2024-05-01 01:51:59,Web,173291.0
13817,762,2025-04-10 00:16:38,Tablet,72565.0
13818,377,2025-12-05 21:31:09,Smart TV,94141.0
13819,780,2024-05-12 05:45:46,Tablet,121552.0
13820,384,2025-12-05 10:13:29,Mobile,154616.0
13821,90,2026-06-10 18:38:59,Mobile,90703.0
13822,909,2024-12-22 20:50:04,Web,200960.0
13823,1166,2025-08-24 07:53:53,Unknown,209059.0
13824,918,2025-10-17 18:37:39,Web,163661.0
13825,1148,2025-07-10 23:47:22,Mobile,150268.0
13826,1061,2025-07-23 21:22:31,Desktop,188140.0
13827,900,2024-04-24 18:47:26,Mobile,380689.0
13828,1031,2025-12-22 03:06:34,Web,142439.0
13829,1105,2024-02-26 19:56:33,Smart TV,253657.0
13830,157,2025-03-21 07:30:00,Desktop,65619.0
13831,1120,2024-06-17 22:17:32,Smart TV,172060.0
13832,352,2024-10-01 07:36:27,Mobile,132246.0
13833,191,2026-01-01 18:24:35,Desktop,63795.0
13834,1081,2025-11-09 14:18:49,Mobile,150910.0
13835,795,2025-10-12 13:47:53,Web,89273.0
13836,1017,2024-12-13 03:33:22,Desktop,153519.0
13837,412,2025-06-22 23:13:00,Mobile,154495.0
13838,29,2025-02-16 14:43:32,Unknown,182361.0
13839,283,2024-05-13 13:21:45,Mobile,223211.0
13840,264,2026-08-25 05:28:25,Smart TV,123235.0
13841,1193,2025-10-03 21:11:09,Web,107250.0
13842,524,2026-07-11 21:28:26,Desktop,151015.0
13843,519,2025-10-07 20:52:26,Smart TV,193467.0
13844,637,2024-06-12 05:09:02,Tablet,15993.0
13845,706,2025-08-01 06:08:11,Web,286357.0
13846,246,2024-08-25 00:13:17,Desktop,136439.0
13847,312,2026-04-17 20:34:45,Tablet,204126.0
13848,182,2025-12-30 10:52:50,Desktop,33115.0
13849,895,2026-05-11 18:28:14,Smart TV,51150.0
13850,506,2026-09-06 11:42:37,Smart TV,154616.0
13851,879,2026-08-10 15:28:53,Web,223727.0
13852,581,2024-02-17 17:34:55,Unknown,246665.0
13853,946,2026-08-31 00:57:55,Mobile,109556.0
13854,474,2026-04-21 06:02:21,Unknown,178270.0
13855,342,2026-06-13 08:31:06,Smart TV,92788.0
13856,337,2025-10-08 11:52:04,Unknown,218662.0
13857,140,2026-02-17 13:49:15,Smart TV,114610.0
13858,668,2024-11-28 05:40:25,Desktop,61280.0
13859,351,2024-01-03 13:18:17,Desktop,225142.0
13860,959,2024-04-18 21:00:02,Unknown,171265.0
13861,66,2026-06-15 17:53:53,Smart TV,43699.0
13862,1017,2024-04-28 22:38:48,Web,51959.0
13863,800,2024-02-13 19:15:07,Unknown,59243.0
13864,1102,2024-05-22 04:04:00,Smart TV,160865.0
13865,286,2026-07-15 14:14:58,Web,79952.0
13866,745,2024-06-26 22:12:21,Desktop,109152.0
13867,1003,2025-03-17 17:59:25,Mobile,112497.0
13868,336,2026-09-10 06:23:55,Tablet,125613.0
13869,593,2026-08-18 19:41:25,Unknown,186828.0
13870,183,2024-03-23 14:39:52,Tablet,30608.0
13871,772,2025-10-23 04:41:46,Web,208127.0
13872,567,2026-02-24 06:24:58,Smart TV,48755.0
13873,1071,2024-03-13 18:34:42,Desktop,276347.0
13874,640,2024-11-07 19:31:22,Desktop,366317.0
13875,210,2025-05-26 06:32:28,Mobile,203620.0
13876,718,2025-10-22 12:06:43,Mobile,120209.0
13877,1188,2026-09-08 04:50:57,Web,377690.0
13878,1025,2026-05-15 11:10:34,Mobile,237587.0
13879,722,2024-10-20 10:59:48,Desktop,335521.0
13880,773,2024-03-08 19:28:19,Tablet,152146.0
13881,390,2024-03-09 11:25:08,Tablet,80526.0
13882,401,2025-12-02 23:30:20,Unknown,175922.0
13883,286,2025-02-26 21:28:06,Tablet,119333.0
13884,249,2026-06-28 07:02:30,Web,82147.0
13885,1072,2024-11-27 07:47:05,Tablet,256485.0
13886,746,2025-06-11 01:48:13,Unknown,100206.0
13887,945,2025-02-10 23:16:52,Unknown,111369.0
13888,392,2025-02-21 21:03:39,Tablet,154616.0
13889,232,2024-11-02 16:55:56,Mobile,154616.0
13890,161,2024-05-20 13:16:33,Tablet,157481.0
13891,348,2024-05-02 01:39:26,Unknown,136242.0
13892,476,2024-08-04 18:41:49,Smart TV,398773.0
13893,680,2024-05-08 13:01:40,Web,111799.0
13894,763,2026-09-01 07:23:30,Web,145813.0
13895,817,2024-12-13 02:11:19,Mobile,64227.0
13896,652,2024-09-05 10:01:08,Unknown,161006.0
13897,556,2024-01-08 10:44:01,Desktop,282152.0
13898,985,2024-03-26 02:26:53,Desktop,61523.0
13899,987,2025-08-02 02:16:08,Unknown,197278.0
13900,1146,2024-02-08 09:34:15,Tablet,193024.0
13901,840,2025-01-08 15:35:20,Web,186752.0
13902,882,2026-05-13 10:56:23,Tablet,367814.0
13903,116,2026-01-15 00:53:10,Web,318242.0
13904,496,2025-09-18 01:16:22,Desktop,134816.0
13905,226,2026-06-21 12:57:18,Smart TV,189742.0
13906,401,2026-04-25 15:08:30,Unknown,39326.0
13907,266,2026-09-08 10:24:03,Mobile,181814.0
13908,988,2026-07-12 03:05:20,Web,175961.0
13909,652,2024-05-14 18:16:42,Mobile,189615.0
13910,675,2024-08-22 08:44:32,Mobile,273318.0
13911,215,2025-11-16 01:10:39,Desktop,83967.0
13912,901,2025-11-12 11:45:31,Unknown,89413.0
13913,666,2026-04-23 18:51:41,Smart TV,266236.0
13914,633,2026-01-02 11:13:52,Desktop,123890.0
13915,322,2026-07-18 06:33:27,Desktop,165434.0
13916,296,2025-12-08 10:31:53,Tablet,217874.0
13917,255,2025-05-26 22:54:10,Unknown,149195.0
13918,258,2024-05-08 14:28:32,Mobile,80827.0
13919,606,2024-03-21 18:46:19,Unknown,117310.0
13920,1014,2025-04-11 16:57:45,Web,176986.0
13921,1189,2025-04-17 21:54:26,Desktop,114474.0
13922,777,2026-03-04 06:24:53,Mobile,31709.0
13923,231,2024-03-17 09:20:08,Tablet,114680.0
13924,143,2025-07-24 08:20:14,Smart TV,282546.0
13925,298,2026-05-15 13:49:59,Desktop,66874.0
13926,621,2025-02-13 07:09:18,Mobile,173944.0
13927,928,2025-06-11 22:21:08,Smart TV,51343.0
13928,497,2025-10-09 21:32:36,Desktop,162468.0
13929,892,2025-08-16 21:05:53,Smart TV,190568.0
13930,1129,2025-04-05 01:19:04,Unknown,34770.0
13931,546,2024-12-06 07:22:13,Desktop,243496.0
13932,311,2026-07-27 03:22:42,Mobile,138859.0
13933,316,2025-06-05 05:18:40,Web,115052.0
13934,508,2024-01-29 08:02:05,Mobile,132414.0
13935,160,2025-07-17 02:36:17,Desktop,204271.0
13936,255,2025-10-07 01:49:25,Web,92398.0
13937,509,2025-07-22 02:33:35,Web,56719.0
13938,586,2025-03-02 22:46:46,Tablet,208083.0
13939,727,2026-05-05 23:04:06,Smart TV,146320.0
13940,811,2024-12-10 09:28:01,Desktop,196782.0
13941,139,2026-05-07 19:17:32,Tablet,198421.0
13942,644,2026-06-28 21:06:46,Tablet,136515.0
13943,889,2024-08-29 10:50:55,Desktop,179277.0
13944,371,2025-08-30 12:06:05,Unknown,220745.0
13945,53,2026-08-04 19:22:56,Mobile,231993.0
13946,1197,2025-05-28 11:19:51,Desktop,249832.0
13947,978,2025-02-28 03:11:31,Tablet,172727.0
13948,1099,2024-01-10 06:19:21,Smart TV,108079.0
13949,547,2024-08-06 09:58:50,Web,56873.0
13950,259,2026-07-01 09:44:57,Mobile,112261.0
13951,529,2025-06-08 04:02:24,Web,255397.0
13952,1115,2024-12-24 08:27:28,Tablet,254107.0
13953,406,2024-03-25 19:59:24,Web,175300.0
13954,493,2024-10-12 16:56:45,Desktop,112182.0
13955,655,2026-03-09 16:21:24,Desktop,154616.0
13956,1129,2025-01-17 13:13:24,Unknown,163625.0
13957,84,2025-07-06 02:04:42,Desktop,99832.0
13958,702,2025-07-15 17:15:03,Desktop,157942.0
13959,772,2024-07-02 12:29:03,Desktop,179051.0
13960,271,2025-08-04 18:11:42,Tablet,162900.0
13961,187,2025-07-17 05:00:23,Web,345781.0
13962,466,2026-01-02 16:09:50,Mobile,106790.0
13963,114,2025-09-15 05:58:36,Tablet,179521.0
13964,847,2025-10-09 23:27:33,Tablet,198060.0
13965,13,2025-05-26 01:21:40,Smart TV,178365.0
13966,142,2025-06-17 19:04:06,Tablet,58323.0
13967,337,2024-05-31 16:44:32,Smart TV,264040.0
13968,294,2026-09-17 12:11:50,Web,140207.0
13969,634,2024-07-15 09:33:06,Smart TV,229610.0
13970,119,2025-09-19 17:52:02,Unknown,58400.0
13971,1175,2024-04-07 03:20:31,Desktop,239354.0
13972,1048,2024-04-04 03:46:48,Mobile,53533.0
13973,178,2024-08-27 18:38:46,Desktop,31357.0
13974,32,2025-03-01 07:03:08,Web,154345.0
13975,507,2024-10-27 09:47:21,Tablet,38102.0
13976,1153,2024-01-31 06:29:32,Smart TV,358963.0
13977,361,2024-03-02 16:38:48,Desktop,93820.0
13978,287,2025-04-30 15:50:21,Mobile,171537.0
13979,229,2025-04-28 06:34:13,Unknown,93943.0
13980,914,2024-11-29 04:21:23,Unknown,201205.0
13981,276,2026-04-26 23:13:14,Unknown,225994.0
13982,1045,2026-02-19 16:23:54,Web,14133.0
13983,1083,2024-12-01 21:45:41,Tablet,82524.0
13984,1020,2025-07-18 17:21:12,Smart TV,56016.0
13985,216,2025-09-14 15:45:28,Unknown,272527.0
13986,151,2026-01-07 14:32:34,Smart TV,204927.0
13987,705,2024-09-28 04:18:44,Smart TV,47857.0
13988,812,2024-06-20 21:34:23,Web,136306.0
13989,918,2026-01-31 22:13:37,Smart TV,58052.0
13990,164,2026-03-01 00:00:16,Smart TV,107553.0
13991,504,2026-07-14 00:32:36,Unknown,199824.0
13992,735,2025-05-14 08:13:01,Desktop,238599.0
13993,385,2026-07-18 02:59:49,Unknown,188451.0
13994,431,2026-01-15 17:43:47,Smart TV,130724.0
13995,594,2025-02-23 17:50:50,Web,335144.0
13996,299,2024-03-03 21:59:11,Web,195165.0
13997,705,2026-09-09 02:12:12,Mobile,119656.0
13998,1052,2024-03-05 11:09:49,Mobile,136306.0
13999,54,2024-06-11 00:00:54,Unknown,214222.0
14000,185,2025-02-09 17:13:52,Desktop,104591.0
14001,780,2025-12-16 03:15:35,Tablet,139829.0
14002,661,2025-06-08 04:38:08,Web,130170.0
14003,1137,2025-07-29 21:03:08,Tablet,203651.0
14004,184,2025-11-29 07:21:55,Web,114747.0
14005,821,2024-07-07 09:54:59,Desktop,93726.0
14006,138,2025-11-23 17:31:22,Desktop,332573.0
14007,679,2026-06-30 07:21:58,Desktop,166131.0
14008,875,2026-04-21 21:08:30,Mobile,190438.0
14009,35,2025-09-04 21:57:33,Desktop,172321.0
14010,19,2025-07-28 21:55:06,Unknown,179658.0
14011,332,2026-06-06 22:54:16,Web,122239.0
14012,215,2024-09-29 13:27:42,Desktop,82506.0
14013,732,2024-07-14 10:51:25,Unknown,87834.0
14014,203,2024-04-06 21:30:58,Smart TV,137889.0
14015,222,2024-08-31 17:53:02,Web,266998.0
14016,375,2024-09-20 12:48:23,Desktop,291232.0
14017,732,2026-03-23 09:05:23,Tablet,133782.0
14018,867,2025-12-02 09:44:56,Mobile,150555.0
14019,244,2024-10-01 13:35:38,Desktop,162887.0
14020,1182,2025-12-11 05:10:20,Unknown,293566.0
14021,1015,2025-05-04 02:15:16,Web,168008.0
14022,566,2024-01-07 15:43:02,Mobile,92103.0
14023,1041,2026-07-26 11:19:11,Web,194654.0
14024,748,2025-12-08 09:13:46,Unknown,295475.0
14025,404,2025-07-06 15:52:23,Unknown,74741.0
14026,767,2024-03-30 05:10:30,Tablet,227651.0
14027,557,2024-02-29 17:42:55,Unknown,124889.0
14028,1167,2024-02-02 10:38:11,Tablet,154616.0
14029,363,2024-11-08 07:59:18,Mobile,90136.0
14030,825,2024-01-02 15:28:58,Mobile,194336.0
14031,358,2025-01-05 20:06:09,Unknown,169575.0
14032,784,2026-03-20 20:00:48,Web,316922.0
14033,116,2025-01-30 07:38:18,Web,247940.0
14034,890,2026-09-14 15:26:03,Tablet,53416.0
14035,740,2024-08-20 19:07:33,Tablet,337457.0
14036,1072,2026-09-06 21:38:22,Web,168868.0
14037,425,2024-08-24 03:12:45,Smart TV,227758.0
14038,768,2025-01-24 00:38:55,Tablet,110873.0
14039,460,2025-11-27 17:06:40,Mobile,123379.0
14040,630,2026-07-23 22:45:57,Mobile,53826.0
14041,112,2026-03-05 05:21:59,Tablet,134220.0
14042,657,2024-07-11 15:59:37,Unknown,68955.0
14043,489,2024-11-29 00:10:28,Mobile,278702.0
14044,885,2025-05-03 05:34:44,Desktop,203631.0
14045,929,2025-06-25 03:49:30,Smart TV,135586.0
14046,773,2025-04-25 02:54:36,Tablet,91955.0
14047,814,2024-11-10 20:03:58,Tablet,161575.0
14048,1039,2025-11-27 23:27:35,Desktop,219198.0
14049,1038,2024-03-07 05:40:44,Smart TV,258073.0
14050,854,2026-08-07 01:14:56,Tablet,253680.0
14051,195,2026-09-07 04:37:58,Mobile,300096.0
14052,336,2025-01-10 21:52:29,Mobile,142010.0
14053,890,2025-03-11 11:00:41,Web,270541.0
14054,1122,2025-08-23 02:05:31,Mobile,278951.0
14055,449,2024-01-25 06:42:49,Tablet,361628.0
14056,464,2026-08-01 07:09:23,Smart TV,64364.0
14057,899,2025-12-21 03:09:20,Unknown,144111.0
14058,983,2025-10-03 02:14:31,Desktop,246682.0
14059,1047,2025-02-24 21:43:39,Unknown,272345.0
14060,291,2024-05-05 10:11:15,Desktop,246889.0
14061,709,2024-07-04 18:38:56,Tablet,110864.0
14062,875,2024-07-18 06:44:55,Desktop,296704.0
14063,146,2026-09-17 17:32:44,Mobile,351937.0
14064,906,2026-08-28 12:08:03,Web,171011.0
14065,989,2026-04-22 20:31:49,Mobile,234024.0
14066,326,2026-03-05 13:44:38,Tablet,91756.0
14067,899,2025-08-03 16:27:31,Desktop,63507.0
14068,294,2025-03-06 18:42:40,Smart TV,254159.0
14069,125,2024-04-22 15:05:16,Unknown,150561.0
14070,217,2025-07-10 03:37:36,Smart TV,135245.0
14071,283,2024-05-18 06:07:02,Smart TV,76185.0
14072,162,2024-04-15 20:57:18,Smart TV,154420.0
14073,713,2024-07-11 07:19:03,Smart TV,62272.0
14074,449,2025-09-26 11:45:30,Unknown,350663.0
14075,681,2024-12-29 15:24:29,Web,143950.0
14076,532,2024-06-10 17:03:17,Mobile,270024.0
14077,1152,2026-02-18 12:09:49,Tablet,238691.0
14078,957,2025-05-13 01:28:26,Web,31371.0
14079,1118,2024-10-14 13:01:16,Tablet,116059.0
14080,74,2024-08-17 13:26:58,Mobile,184936.0
14081,152,2024-12-20 15:09:55,Tablet,66489.0
14082,1009,2024-08-04 11:18:51,Web,62165.0
14083,388,2025-07-02 14:14:44,Unknown,182582.0
14084,1086,2024-05-06 16:12:32,Desktop,187408.0
14085,106,2025-09-26 01:16:23,Smart TV,180944.0
14086,1045,2024-03-19 20:09:07,Mobile,123427.0
14087,266,2024-09-13 18:53:27,Mobile,127694.0
14088,502,2026-02-20 17:56:49,Smart TV,114543.0
14089,315,2024-09-13 22:48:38,Mobile,37999.0
14090,283,2024-11-01 08:48:10,Web,154616.0
14091,75,2025-12-06 09:41:01,Tablet,150901.0
14092,98,2026-02-06 19:44:39,Mobile,168743.0
14093,476,2025-04-29 20:49:09,Unknown,393087.0
14094,307,2026-08-20 10:13:21,Mobile,188053.0
14095,919,2024-09-17 06:39:03,Smart TV,331335.0
14096,650,2024-09-15 20:22:29,Mobile,243113.0
14097,219,2024-01-02 04:35:50,Mobile,44811.0
14098,452,2025-11-15 07:23:30,Tablet,80855.0
14099,130,2024-09-27 06:31:39,Smart TV,165201.0
14100,507,2024-06-25 17:53:15,Web,97438.0
14101,1051,2025-04-30 11:39:49,Web,154412.0
14102,703,2026-06-30 22:30:19,Smart TV,363213.0
14103,1192,2025-08-21 15:51:57,Tablet,125809.0
14104,896,2025-03-12 10:56:51,Unknown,84341.0
14105,535,2025-10-07 05:39:49,Mobile,200360.0
14106,909,2024-12-24 07:32:23,Unknown,199576.0
14107,870,2026-05-23 17:34:18,Desktop,182483.0
14108,245,2026-02-08 00:16:56,Desktop,49295.0
14109,687,2025-07-18 02:17:51,Tablet,45442.0
14110,124,2024-06-02 10:40:52,Smart TV,160517.0
14111,12,2026-07-30 17:04:49,Desktop,313400.0
14112,140,2024-09-26 17:32:36,Web,178764.0
14113,647,2026-05-13 01:14:56,Unknown,335726.0
14114,1133,2025-10-11 05:06:19,Smart TV,53641.0
14115,1156,2024-08-17 04:28:31,Unknown,123728.0
14116,903,2024-11-28 10:17:09,Smart TV,58525.0
14117,1015,2026-03-21 20:14:04,Smart TV,86086.0
14118,35,2025-11-28 14:15:49,Unknown,114774.0
14119,933,2025-08-11 22:26:43,Tablet,181836.0
14120,783,2024-09-04 01:51:41,Desktop,146434.0
14121,73,2024-01-20 12:46:54,Smart TV,149363.0
14122,912,2025-12-08 00:16:05,Tablet,129603.0
14123,293,2024-06-19 05:58:51,Unknown,136508.0
14124,893,2026-05-15 15:49:53,Smart TV,229759.0
14125,518,2024-02-15 13:42:00,Tablet,101402.0
14126,1136,2026-05-14 15:28:51,Mobile,117543.0
14127,418,2024-07-19 03:46:56,Smart TV,74083.0
14128,753,2025-06-27 16:38:28,Smart TV,134766.0
14129,911,2025-03-26 12:48:53,Desktop,135217.0
14130,190,2024-05-27 21:25:15,Web,133510.0
14131,313,2025-08-14 15:34:18,Tablet,266440.0
14132,446,2025-08-26 20:00:31,Unknown,212236.0
14133,836,2024-05-07 04:08:50,Web,188861.0
14134,557,2024-08-23 10:26:16,Unknown,48037.0
14135,162,2025-02-15 06:43:23,Web,144211.0
14136,1134,2024-02-27 18:37:53,Smart TV,341138.0
14137,1035,2025-02-14 21:44:40,Desktop,155040.0
14138,1121,2025-06-30 16:36:36,Web,154009.0
14139,216,2026-03-01 02:47:42,Desktop,39172.0
14140,731,2025-07-29 08:34:13,Tablet,310196.0
14141,671,2024-05-16 11:46:10,Tablet,196813.0
14142,887,2024-07-17 03:06:36,Mobile,112255.0
14143,1174,2025-06-28 23:07:00,Mobile,99198.0
14144,830,2025-02-03 12:37:27,Desktop,233938.0
14145,651,2024-02-21 03:19:30,Mobile,64854.0
14146,23,2025-02-12 03:27:53,Unknown,187520.0
14147,972,2024-07-23 00:15:56,Web,44505.0
14148,569,2026-06-11 04:28:01,Desktop,294102.0
14149,489,2024-10-12 19:23:53,Web,81132.0
14150,946,2024-03-26 12:41:20,Mobile,181775.0
14151,653,2024-04-05 12:17:04,Tablet,177162.0
14152,739,2024-10-17 20:19:30,Tablet,166956.0
14153,1071,2025-03-26 03:24:06,Smart TV,78589.0
14154,64,2024-05-09 04:16:07,Tablet,169628.0
14155,812,2026-04-04 02:32:42,Unknown,180378.0
14156,1113,2024-08-27 20:34:05,Web,73445.0
14157,298,2026-01-28 17:51:05,Tablet,353633.0
14158,17,2024-10-14 05:45:12,Desktop,86957.0
14159,1020,2024-10-18 13:54:54,Smart TV,47479.0
14160,638,2024-10-31 08:31:00,Mobile,94086.0
14161,103,2024-02-04 21:30:23,Tablet,51170.0
14162,171,2026-05-31 08:14:19,Mobile,267076.0
14163,576,2026-07-13 01:55:16,Web,179996.0
14164,956,2026-04-12 14:21:42,Unknown,154616.0
14165,213,2025-02-19 10:35:14,Tablet,193505.0
14166,153,2024-11-16 20:26:45,Mobile,282689.0
14167,1064,2025-09-29 15:14:38,Web,199392.0
14168,802,2024-09-06 02:49:31,Web,244167.0
14169,704,2026-02-28 05:39:41,Unknown,258355.0
14170,878,2024-05-11 03:48:58,Smart TV,193189.0
14171,153,2026-01-03 14:08:43,Tablet,363099.0
14172,607,2024-09-16 04:22:47,Desktop,343582.0
14173,333,2025-10-22 23:33:43,Unknown,124430.0
14174,854,2024-07-28 09:48:25,Desktop,152083.0
14175,888,2024-07-28 13:29:27,Unknown,275432.0
14176,425,2024-12-06 04:33:36,Desktop,227698.0
14177,937,2025-12-20 16:40:36,Mobile,82767.0
14178,993,2025-03-11 14:24:22,Mobile,148030.0
14179,1160,2026-02-09 14:49:38,Web,254799.0
14180,1174,2024-06-18 23:10:57,Web,183990.0
14181,1180,2024-12-11 02:31:27,Web,247500.0
14182,341,2026-08-20 10:49:48,Smart TV,216345.0
14183,492,2025-07-20 09:21:16,Smart TV,223467.0
14184,859,2024-03-17 00:14:04,Web,283814.0
14185,513,2026-05-06 19:35:12,Smart TV,160279.0
14186,86,2026-02-21 15:13:24,Tablet,252490.0
14187,940,2025-10-30 04:04:09,Tablet,371458.0
14188,946,2024-06-08 18:34:05,Desktop,111890.0
14189,2,2025-06-16 05:46:13,Unknown,44568.0
14190,825,2024-10-26 14:05:31,Desktop,208912.0
14191,1080,2026-07-10 18:52:48,Tablet,146978.0
14192,739,2025-05-11 19:26:49,Web,102580.0
14193,1072,2024-01-09 09:19:14,Tablet,110792.0
14194,1092,2026-07-29 20:02:16,Tablet,160207.0
14195,881,2026-08-06 21:03:35,Mobile,171409.0
14196,611,2024-11-02 15:20:42,Desktop,396901.0
14197,106,2025-05-20 18:06:08,Smart TV,68398.0
14198,1050,2024-02-18 06:49:17,Smart TV,241201.0
14199,461,2025-08-03 19:23:22,Tablet,59152.0
14200,1047,2026-02-22 21:02:33,Web,138000.0
14201,915,2025-12-30 14:12:13,Unknown,203579.0
14202,696,2026-04-18 02:37:01,Unknown,31759.0
14203,445,2025-05-13 20:02:24,Tablet,168919.0
14204,879,2024-02-11 02:12:51,Web,217302.0
14205,286,2025-01-03 02:35:42,Tablet,108202.0
14206,104,2026-04-05 12:44:46,Tablet,167202.0
14207,1106,2024-09-25 08:16:19,Web,116113.0
14208,45,2026-01-23 22:04:22,Tablet,203314.0
14209,164,2024-10-23 22:18:51,Tablet,288275.0
14210,439,2024-12-03 01:37:07,Web,172057.0
14211,317,2026-06-22 19:17:27,Mobile,179721.0
14212,658,2025-09-19 16:19:36,Unknown,106787.0
14213,917,2026-02-06 16:05:24,Mobile,129451.0
14214,1090,2026-01-30 20:02:21,Smart TV,81108.0
14215,698,2026-09-14 09:49:34,Mobile,154616.0
14216,846,2026-08-19 21:18:12,Desktop,197967.0
14217,158,2026-08-04 07:26:47,Mobile,199663.0
14218,824,2025-01-05 03:04:44,Web,83875.0
14219,435,2024-05-30 22:02:02,Desktop,143674.0
14220,313,2025-06-19 11:10:04,Web,261774.0
14221,422,2024-08-27 19:52:18,Web,83391.0
14222,921,2026-01-11 22:06:52,Web,278880.0
14223,219,2025-09-09 16:54:06,Mobile,73963.0
14224,1099,2025-07-10 06:33:43,Desktop,277618.0
14225,285,2024-07-25 03:43:54,Desktop,297441.0
14226,202,2025-12-12 12:00:08,Unknown,78031.0
14227,1088,2026-07-29 16:02:12,Mobile,116160.0
14228,1075,2025-03-31 11:20:28,Web,266488.0
14229,122,2026-05-14 22:34:12,Web,33630.0
14230,444,2024-11-20 13:49:25,Mobile,148685.0
14231,52,2025-07-04 05:34:37,Mobile,86787.0
14232,225,2024-05-04 12:09:35,Web,59195.0
14233,1046,2025-03-05 23:31:19,Mobile,55161.0
14234,839,2024-08-10 13:04:16,Web,97009.0
14235,992,2025-05-30 19:05:58,Web,127324.0
14236,936,2024-10-20 17:26:37,Smart TV,92100.0
14237,1084,2025-10-21 23:21:39,Mobile,167568.0
14238,792,2026-04-10 08:12:28,Smart TV,89760.0
14239,941,2025-07-30 20:09:39,Mobile,118823.0
14240,1176,2025-03-26 12:34:10,Web,370558.0
14241,511,2024-03-04 23:39:11,Desktop,149355.0
14242,956,2026-04-30 01:54:27,Unknown,259486.0
14243,1019,2026-06-13 03:34:25,Desktop,88451.0
14244,1186,2025-02-25 20:40:40,Tablet,61982.0
14245,262,2025-06-22 06:09:54,Smart TV,161315.0
14246,476,2024-02-08 16:05:20,Smart TV,285197.0
14247,684,2025-04-22 02:10:30,Web,276433.0
14248,252,2024-09-25 04:31:34,Mobile,203877.0
14249,200,2025-11-20 23:32:08,Unknown,243945.0
14250,683,2025-09-06 12:59:44,Mobile,255904.0
14251,1126,2025-01-15 17:34:42,Tablet,283181.0
14252,909,2024-11-23 03:09:15,Smart TV,103127.0
14253,1089,2024-11-30 19:55:12,Desktop,111238.0
14254,947,2026-02-13 13:47:33,Unknown,47189.0
14255,45,2025-06-10 20:37:50,Unknown,195729.0
14256,1000,2026-07-02 09:31:40,Unknown,183537.0
14257,636,2026-06-21 06:05:21,Web,38069.0
14258,1149,2025-11-30 04:20:16,Unknown,93329.0
14259,684,2024-04-21 22:03:41,Mobile,48315.0
14260,1047,2025-03-19 17:17:16,Unknown,107716.0
14261,792,2024-06-28 13:46:51,Desktop,65158.0
14262,548,2024-03-29 12:56:46,Unknown,36494.0
14263,85,2024-03-26 16:51:03,Smart TV,95853.0
14264,210,2024-07-28 23:13:17,Desktop,300448.0
14265,658,2026-01-29 09:47:00,Web,76958.0
14266,38,2025-06-19 04:07:15,Tablet,184167.0
14267,984,2025-12-09 17:14:16,Unknown,61915.0
14268,1150,2026-03-13 13:51:52,Desktop,136047.0
14269,1146,2025-10-22 12:54:08,Desktop,183242.0
14270,743,2024-05-27 16:44:54,Mobile,291735.0
14271,575,2026-02-17 13:49:29,Smart TV,80462.0
14272,461,2026-06-04 23:11:55,Unknown,178519.0
14273,138,2025-01-03 16:30:48,Desktop,312451.0
14274,1168,2025-11-22 08:26:45,Tablet,154616.0
14275,1170,2025-12-30 20:13:35,Mobile,200943.0
14276,389,2025-06-01 06:09:06,Web,205557.0
14277,641,2026-02-13 08:26:11,Web,89781.0
14278,1030,2025-05-11 19:56:39,Mobile,312962.0
14279,282,2024-05-16 02:26:10,Web,55238.0
14280,524,2026-04-01 15:00:50,Web,299532.0
14281,211,2026-01-22 15:27:25,Smart TV,191086.0
14282,549,2024-12-12 20:41:51,Unknown,161247.0
14283,61,2025-05-03 09:59:54,Mobile,39168.0
14284,605,2025-12-04 12:52:50,Desktop,72526.0
14285,1045,2025-08-19 17:10:09,Web,149194.0
14286,992,2025-02-14 05:37:01,Unknown,224008.0
14287,902,2024-05-02 08:38:36,Tablet,229848.0
14288,398,2026-06-12 18:49:53,Smart TV,131182.0
14289,317,2025-12-26 04:42:39,Web,152368.0
14290,149,2026-07-27 13:52:12,Desktop,135499.0
14291,1041,2026-08-17 15:37:26,Smart TV,154616.0
14292,137,2024-01-09 13:52:23,Web,78414.0
14293,858,2024-07-09 15:32:24,Desktop,115511.0
14294,1145,2024-08-12 08:58:15,Smart TV,62048.0
14295,990,2025-01-19 18:09:04,Desktop,212948.0
14296,898,2025-08-12 19:33:42,Mobile,114700.0
14297,1032,2024-11-07 23:30:24,Tablet,100340.0
14298,765,2024-04-30 13:25:10,Tablet,209716.0
14299,211,2024-08-03 04:47:02,Web,65574.0
14300,1166,2025-01-04 09:58:22,Tablet,108671.0
14301,1163,2024-01-26 06:49:42,Mobile,98067.0
14302,639,2024-10-12 08:05:57,Web,191365.0
14303,146,2026-07-15 11:42:41,Unknown,344266.0
14304,373,2025-04-04 17:31:44,Desktop,193948.0
14305,599,2024-03-04 10:28:20,Smart TV,265992.0
14306,721,2024-02-27 10:25:31,Unknown,241344.0
14307,504,2025-06-10 06:20:26,Desktop,230106.0
14308,846,2025-03-01 19:31:43,Desktop,49463.0
14309,169,2024-12-31 05:46:28,Smart TV,279073.0
14310,906,2025-02-26 16:31:59,Desktop,122654.0
14311,79,2026-06-15 06:59:42,Mobile,156618.0
14312,1157,2024-09-27 09:56:28,Tablet,294214.0
14313,1192,2025-01-13 12:40:02,Smart TV,63657.0
14314,846,2026-06-06 05:30:46,Tablet,146386.0
14315,997,2025-02-20 04:24:16,Desktop,251962.0
14316,1166,2025-02-19 20:25:07,Unknown,240220.0
14317,1142,2026-03-25 02:47:40,Desktop,269677.0
14318,1115,2024-03-09 00:06:58,Smart TV,222439.0
14319,813,2025-11-04 19:48:03,Web,77484.0
14320,811,2026-04-22 11:41:44,Mobile,125702.0
14321,322,2024-06-24 15:27:04,Mobile,65441.0
14322,562,2025-11-05 04:09:19,Smart TV,278080.0
14323,497,2024-03-22 17:56:00,Smart TV,98726.0
14324,11,2024-04-08 18:57:30,Tablet,96979.0
14325,566,2026-09-09 04:31:24,Unknown,213984.0
14326,1104,2025-05-08 02:15:28,Smart TV,44221.0
14327,737,2025-07-25 00:11:21,Web,133699.0
14328,970,2026-08-29 11:58:20,Desktop,219766.0
14329,777,2025-12-13 15:54:46,Mobile,100821.0
14330,672,2026-06-12 13:04:59,Tablet,154616.0
14331,143,2025-09-24 01:52:44,Tablet,319116.0
14332,1149,2026-02-10 10:10:25,Web,120708.0
14333,429,2026-08-03 19:01:24,Tablet,191774.0
14334,63,2024-09-15 01:36:54,Smart TV,213345.0
14335,421,2025-11-19 22:49:37,Unknown,181103.0
14336,680,2024-08-15 05:28:18,Smart TV,159774.0
14337,1072,2024-09-21 03:14:28,Smart TV,137914.0
14338,843,2026-06-11 03:26:51,Web,216168.0
14339,1167,2025-03-16 06:50:35,Desktop,345150.0
14340,839,2026-01-25 10:00:04,Smart TV,70152.0
14341,380,2024-04-18 23:14:45,Web,241238.0
14342,108,2024-07-18 22:01:18,Desktop,223329.0
14343,300,2025-04-23 04:34:17,Mobile,109990.0
14344,582,2026-01-07 05:20:18,Web,41176.0
14345,902,2025-06-17 02:19:47,Unknown,173305.0
14346,823,2025-11-29 12:57:31,Smart TV,178395.0
14347,366,2024-02-07 16:20:20,Web,172336.0
14348,276,2026-08-14 02:38:25,Mobile,154616.0
14349,193,2026-03-20 19:48:36,Web,309488.0
14350,946,2025-12-21 12:35:02,Desktop,135669.0
14351,130,2025-06-02 23:52:56,Unknown,49587.0
14352,838,2024-09-01 14:18:09,Unknown,154616.0
14353,839,2024-05-08 19:59:10,Smart TV,114501.0
14354,103,2026-08-13 09:20:15,Tablet,154616.0
14355,1018,2024-12-24 16:24:57,Mobile,162702.0
14356,1148,2025-01-18 03:31:01,Smart TV,94060.0
14357,360,2024-02-18 11:12:48,Tablet,62347.0
14358,1056,2026-03-20 03:16:51,Tablet,292316.0
14359,193,2024-10-29 02:21:39,Tablet,366197.0
14360,382,2026-08-31 14:08:43,Web,145312.0
14361,913,2025-01-02 23:56:13,Mobile,293154.0
14362,910,2025-07-17 06:12:59,Web,79758.0
14363,1086,2025-12-04 01:43:41,Tablet,159993.0
14364,982,2024-08-04 09:55:34,Smart TV,28779.0
14365,138,2025-04-21 22:25:37,Smart TV,294526.0
14366,701,2026-01-19 07:25:45,Smart TV,182690.0
14367,410,2024-10-20 07:07:31,Tablet,59993.0
14368,382,2025-01-07 18:32:36,Tablet,32170.0
14369,1136,2024-05-23 12:03:20,Unknown,50144.0
14370,344,2025-07-01 03:00:50,Unknown,307828.0
14371,381,2026-01-29 16:11:57,Smart TV,187778.0
14372,564,2024-03-13 00:11:57,Desktop,337118.0
14373,1038,2024-08-26 09:38:21,Desktop,151757.0
14374,127,2025-11-07 17:42:41,Mobile,191597.0
14375,1043,2024-08-10 17:39:29,Tablet,343682.0
14376,14,2024-12-12 07:33:27,Tablet,183347.0
14377,1093,2024-11-23 02:21:51,Web,134566.0
14378,313,2025-07-06 10:43:14,Mobile,107202.0
14379,784,2024-10-07 22:16:50,Tablet,187113.0
14380,963,2025-08-26 20:46:09,Unknown,165872.0
14381,451,2026-08-12 19:08:38,Web,67757.0
14382,31,2024-01-20 00:20:50,Unknown,50046.0
14383,1165,2026-01-20 14:06:57,Web,118603.0
14384,171,2025-08-23 18:26:36,Mobile,253923.0
14385,1142,2026-07-20 21:01:06,Web,181721.0
14386,671,2024-11-19 06:07:42,Smart TV,116002.0
14387,532,2026-08-28 07:15:23,Mobile,196893.0
14388,649,2026-09-01 16:35:57,Tablet,206230.0
14389,473,2025-05-23 01:40:18,Desktop,105217.0
14390,801,2024-05-17 04:30:31,Desktop,192827.0
14391,424,2025-11-20 02:43:19,Tablet,298845.0
14392,921,2026-06-12 22:03:25,Tablet,141286.0
14393,492,2026-05-14 05:07:22,Smart TV,157446.0
14394,101,2024-10-16 10:21:17,Tablet,195704.0
14395,278,2024-12-26 05:26:49,Mobile,167541.0
14396,470,2025-08-22 01:16:13,Mobile,177256.0
14397,319,2024-12-16 23:30:00,Desktop,138671.0
14398,632,2026-08-09 20:07:52,Unknown,263887.0
14399,202,2024-05-30 09:29:34,Smart TV,84032.0
14400,1105,2025-05-24 22:51:45,Tablet,241338.0
14401,734,2025-02-24 11:30:51,Unknown,280760.0
14402,30,2026-08-26 13:04:12,Desktop,159313.0
14403,20,2024-11-02 10:44:35,Desktop,94167.0
14404,564,2025-03-04 09:39:23,Mobile,308572.0
14405,467,2025-09-19 10:29:45,Desktop,222439.0
14406,506,2024-04-14 23:42:29,Web,290638.0
14407,498,2026-03-19 17:51:37,Unknown,221552.0
14408,871,2025-10-16 06:14:00,Web,110055.0
14409,702,2025-06-29 06:53:53,Unknown,108763.0
14410,683,2026-06-08 06:45:49,Smart TV,67099.0
14411,684,2025-05-03 14:18:43,Desktop,191079.0
14412,581,2024-10-15 01:50:07,Web,334437.0
14413,398,2024-07-02 01:45:22,Tablet,82760.0
14414,1053,2024-01-05 08:08:45,Mobile,260136.0
14415,1008,2026-03-30 20:11:48,Web,195988.0
14416,609,2024-03-19 12:46:39,Smart TV,335557.0
14417,1143,2026-01-26 05:01:51,Unknown,118734.0
14418,107,2025-05-01 09:09:08,Tablet,204518.0
14419,1045,2025-01-19 16:46:05,Desktop,202455.0
14420,326,2025-12-07 19:43:02,Web,85931.0
14421,1000,2026-02-05 06:43:23,Unknown,285063.0
14422,43,2025-12-06 19:23:08,Web,48018.0
14423,716,2026-02-21 04:56:06,Tablet,118634.0
14424,636,2024-06-25 12:30:35,Desktop,141271.0
14425,916,2024-10-27 03:44:40,Mobile,304288.0
14426,371,2026-08-31 03:57:21,Mobile,76287.0
14427,224,2025-02-14 17:15:13,Unknown,76640.0
14428,1016,2025-03-17 06:25:17,Mobile,150871.0
14429,359,2024-04-07 12:05:23,Desktop,70770.0
14430,497,2025-06-28 22:15:36,Web,125773.0
14431,910,2024-12-05 19:38:23,Web,96434.0
14432,7,2024-05-08 23:20:45,Mobile,213002.0
14433,778,2025-10-13 04:36:39,Desktop,275153.0
14434,337,2025-03-27 12:15:36,Web,89773.0
14435,736,2024-06-02 07:57:17,Unknown,57852.0
14436,224,2025-12-13 09:09:41,Smart TV,67874.0
14437,428,2025-05-06 03:29:56,Tablet,56532.0
14438,821,2024-10-05 03:16:18,Web,50516.0
14439,796,2026-03-19 19:37:05,Tablet,108491.0
14440,131,2024-05-05 03:53:06,Tablet,303936.0
14441,922,2026-04-22 09:42:05,Web,199387.0
14442,236,2026-06-20 02:34:38,Unknown,218068.0
14443,280,2024-07-31 09:14:38,Desktop,239100.0
14444,1067,2024-01-07 20:40:56,Mobile,31638.0
14445,1014,2024-04-18 19:00:51,Mobile,299347.0
14446,474,2025-03-01 07:35:50,Web,168195.0
14447,920,2025-09-13 05:33:53,Mobile,65613.0
14448,453,2025-12-23 05:17:19,Unknown,309565.0
14449,232,2025-05-07 02:55:16,Smart TV,154255.0
14450,965,2024-04-27 09:59:38,Tablet,135788.0
14451,1074,2024-03-09 13:16:53,Desktop,158567.0
14452,66,2025-12-18 03:42:45,Desktop,29973.0
14453,743,2026-06-15 12:58:50,Mobile,200577.0
14454,50,2025-03-22 05:28:00,Tablet,196267.0
14455,231,2025-02-26 21:31:24,Smart TV,153203.0
14456,493,2026-01-31 15:03:26,Tablet,145311.0
14457,1026,2026-04-22 05:43:56,Mobile,216525.0
14458,1129,2025-03-07 00:19:55,Tablet,216196.0
14459,231,2025-02-17 14:11:54,Unknown,364918.0
14460,114,2026-05-12 20:18:12,Web,83621.0
14461,671,2026-09-07 12:14:10,Mobile,146964.0
14462,106,2025-09-22 01:19:10,Tablet,85935.0
14463,743,2025-02-10 11:29:18,Desktop,211103.0
14464,970,2026-09-06 22:25:16,Web,122474.0
14465,519,2026-04-01 12:55:06,Desktop,186162.0
14466,13,2026-08-01 05:18:34,Unknown,96639.0
14467,588,2024-12-23 22:09:26,Desktop,288410.0
14468,994,2024-10-06 14:37:04,Desktop,144287.0
14469,214,2025-02-23 17:19:12,Web,246163.0
14470,915,2026-05-13 15:12:17,Tablet,40968.0
14471,237,2025-04-08 14:07:38,Desktop,99557.0
14472,800,2024-10-08 01:13:29,Tablet,216955.0
14473,573,2025-08-09 13:27:15,Unknown,207245.0
14474,77,2025-02-17 09:49:29,Web,315887.0
14475,1198,2025-03-14 08:26:18,Tablet,72872.0
14476,1003,2025-10-16 04:10:22,Tablet,225044.0
14477,1084,2025-06-07 23:32:49,Mobile,117143.0
14478,895,2026-09-15 00:42:59,Smart TV,264984.0
14479,125,2024-12-06 00:36:21,Mobile,109336.0
14480,613,2025-11-09 16:37:45,Desktop,202439.0
14481,377,2025-01-13 04:10:42,Tablet,154573.0
14482,85,2026-07-12 21:17:39,Tablet,60045.0
14483,1054,2024-10-03 20:42:09,Tablet,37085.0
14484,196,2026-02-04 02:12:48,Mobile,72825.0
14485,95,2025-09-05 16:55:40,Desktop,186745.0
14486,405,2025-11-25 14:19:13,Web,355694.0
14487,66,2026-01-02 10:38:20,Desktop,27985.0
14488,509,2026-05-23 16:00:48,Desktop,63942.0
14489,785,2024-02-04 20:13:59,Desktop,154616.0
14490,1097,2025-03-28 06:35:09,Web,216149.0
14491,825,2026-03-02 12:00:50,Unknown,107427.0
14492,1087,2025-03-10 05:01:51,Unknown,60144.0
14493,778,2024-08-10 13:49:51,Mobile,277982.0
14494,25,2024-01-13 23:22:12,Tablet,291943.0
14495,188,2025-02-20 20:18:44,Unknown,322597.0
14496,634,2024-03-05 15:08:08,Mobile,149630.0
14497,169,2025-03-19 07:08:30,Mobile,272196.0
14498,1155,2025-04-20 08:56:00,Unknown,265430.0
14499,1038,2025-02-15 18:32:52,Smart TV,276342.0
14500,906,2025-12-10 01:51:42,Unknown,125974.0
14501,250,2025-08-04 21:24:33,Desktop,176214.0
14502,56,2025-03-03 22:06:16,Web,300929.0
14503,756,2025-09-06 17:57:49,Mobile,76003.0
14504,640,2024-11-27 03:51:13,Web,239801.0
14505,220,2026-05-05 13:35:48,Web,310203.0
14506,489,2024-10-25 12:15:28,Unknown,154616.0
14507,218,2024-09-08 10:40:05,Desktop,176635.0
14508,575,2025-03-07 07:56:29,Desktop,58389.0
14509,1052,2024-02-29 06:40:36,Desktop,228974.0
14510,663,2024-08-25 23:53:22,Smart TV,238777.0
14511,482,2026-02-19 16:01:51,Web,309383.0
14512,740,2025-06-17 17:50:54,Unknown,320863.0
14513,363,2026-05-17 20:14:52,Desktop,125154.0
14514,432,2024-04-07 04:01:16,Tablet,200522.0
14515,818,2026-08-31 02:27:37,Unknown,39750.0
14516,873,2026-06-09 00:46:17,Unknown,224616.0
14517,390,2026-07-21 08:38:57,Tablet,192082.0
14518,1094,2026-01-28 01:21:54,Mobile,154330.0
14519,613,2026-03-04 08:39:01,Unknown,244031.0
14520,1163,2026-08-30 20:53:18,Unknown,250567.0
14521,1025,2026-03-17 17:18:05,Tablet,36983.0
14522,137,2024-12-03 21:58:12,Smart TV,99585.0
14523,1034,2025-05-30 07:58:24,Mobile,34801.0
14524,841,2026-01-30 00:16:23,Smart TV,183249.0
14525,793,2025-06-06 02:57:51,Unknown,153700.0
14526,1001,2025-11-21 15:35:22,Mobile,164962.0
14527,1164,2026-03-04 16:01:55,Mobile,240665.0
14528,1032,2024-09-10 03:07:56,Tablet,236182.0
14529,955,2024-11-03 13:05:23,Tablet,234948.0
14530,923,2025-07-20 15:30:37,Tablet,57915.0
14531,586,2026-02-18 16:34:43,Unknown,176791.0
14532,824,2025-04-08 21:08:44,Web,101430.0
14533,707,2026-08-02 18:40:22,Unknown,149206.0
14534,692,2024-08-11 07:06:01,Web,92484.0
14535,983,2025-11-11 11:20:55,Tablet,202136.0
14536,995,2026-04-15 14:17:33,Web,236533.0
14537,376,2024-07-02 01:27:15,Web,94054.0
14538,1071,2025-09-19 01:58:27,Smart TV,105725.0
14539,70,2025-12-25 04:44:19,Desktop,356507.0
14540,532,2025-10-25 04:05:35,Tablet,331691.0
14541,991,2025-06-01 11:50:17,Tablet,245410.0
14542,800,2025-07-25 15:49:16,Web,130618.0
14543,1177,2024-03-21 15:42:39,Unknown,180230.0
14544,32,2024-03-31 13:15:42,Tablet,253593.0
14545,669,2024-04-12 00:06:46,Tablet,272555.0
14546,556,2025-11-20 05:25:31,Web,137237.0
14547,40,2024-11-18 02:39:20,Tablet,226818.0
14548,278,2024-03-12 22:13:11,Tablet,45215.0
14549,734,2024-05-31 03:55:33,Mobile,108325.0
14550,1020,2026-05-06 12:29:34,Mobile,207656.0
14551,911,2026-05-07 17:20:58,Web,109458.0
14552,78,2024-02-23 16:10:39,Desktop,46782.0
14553,313,2024-12-16 19:37:12,Smart TV,233960.0
14554,316,2025-12-31 19:22:01,Tablet,89579.0
14555,996,2024-04-15 05:07:55,Web,49051.0
14556,762,2024-02-22 23:14:17,Mobile,104218.0
14557,596,2026-02-18 22:26:23,Unknown,139079.0
14558,698,2024-01-25 22:08:29,Mobile,230476.0
14559,790,2025-12-09 21:04:55,Smart TV,325486.0
14560,790,2025-04-08 21:56:29,Smart TV,181775.0
14561,674,2025-09-08 08:37:11,Smart TV,38186.0
14562,247,2025-10-13 16:35:41,Web,167073.0
14563,627,2024-09-18 13:25:36,Unknown,280146.0
14564,987,2026-03-03 01:19:33,Unknown,107183.0
14565,1045,2025-05-12 08:06:57,Mobile,138368.0
14566,219,2024-12-06 20:12:23,Unknown,195399.0
14567,90,2024-04-26 08:24:11,Tablet,218957.0
14568,978,2026-06-19 10:23:22,Smart TV,75676.0
14569,558,2026-02-23 21:15:16,Web,312173.0
14570,298,2024-11-04 04:15:56,Web,139997.0
14571,40,2024-04-29 00:53:34,Tablet,162436.0
14572,21,2025-04-08 11:07:05,Mobile,123931.0
14573,368,2026-07-21 16:45:22,Unknown,96218.0
14574,1030,2025-02-04 06:17:34,Desktop,307829.0
14575,650,2024-01-30 23:07:47,Web,270106.0
14576,281,2024-10-04 02:31:36,Tablet,110285.0
14577,1168,2025-08-25 22:50:18,Desktop,362304.0
14578,16,2026-03-08 02:12:04,Desktop,140085.0
14579,1070,2026-01-05 19:52:48,Tablet,84968.0
14580,1036,2024-11-11 16:04:06,Tablet,98835.0
14581,807,2024-12-13 13:46:29,Desktop,75868.0
14582,669,2024-10-05 23:39:15,Smart TV,100815.0
14583,57,2024-01-22 12:15:59,Tablet,203283.0
14584,963,2026-05-07 10:47:59,Tablet,182068.0
14585,1012,2024-03-11 05:53:55,Unknown,69985.0
14586,1084,2026-05-03 07:39:53,Tablet,185197.0
14587,898,2026-07-07 20:12:01,Web,180689.0
14588,174,2024-07-09 22:58:38,Desktop,195628.0
14589,600,2024-12-28 17:22:01,Mobile,154616.0
14590,214,2024-02-29 05:42:43,Desktop,171987.0
14591,800,2024-12-17 16:22:31,Desktop,166611.0
14592,401,2026-08-28 10:49:12,Unknown,48920.0
14593,319,2026-01-30 00:19:49,Smart TV,181228.0
14594,747,2025-03-29 19:53:30,Unknown,63486.0
14595,776,2024-05-27 16:02:26,Unknown,88549.0
14596,577,2024-02-18 03:56:23,Smart TV,73971.0
14597,706,2024-09-08 16:13:21,Tablet,117997.0
14598,921,2025-07-01 13:22:21,Web,61446.0
14599,370,2024-09-04 08:53:07,Unknown,153350.0
14600,537,2025-10-01 22:12:35,Smart TV,237089.0
14601,950,2025-12-26 11:56:02,Desktop,35495.0
14602,622,2024-11-07 07:50:30,Tablet,232825.0
14603,229,2026-02-12 11:50:22,Desktop,110008.0
14604,657,2025-03-23 18:47:21,Unknown,94698.0
14605,276,2026-08-05 07:46:58,Unknown,150570.0
14606,1031,2024-12-13 13:28:20,Unknown,77534.0
14607,455,2026-06-18 19:16:15,Unknown,167877.0
14608,838,2025-01-24 02:40:59,Web,332532.0
14609,1044,2026-06-07 22:57:39,Smart TV,229044.0
14610,955,2025-11-05 11:39:27,Tablet,42851.0
14611,930,2026-04-25 12:47:38,Tablet,189055.0
14612,1117,2026-02-12 21:56:01,Mobile,33049.0
14613,233,2024-03-16 19:32:02,Mobile,78801.0
14614,742,2024-06-24 19:42:29,Tablet,140808.0
14615,469,2026-01-09 01:35:26,Smart TV,106147.0
14616,1180,2024-03-12 01:27:37,Smart TV,275287.0
14617,1133,2026-08-08 01:33:32,Web,107291.0
14618,835,2024-09-06 10:00:26,Desktop,138637.0
14619,912,2024-06-20 20:03:27,Desktop,120375.0
14620,78,2025-03-05 07:49:27,Unknown,63468.0
14621,214,2025-03-15 01:52:12,Web,109613.0
14622,316,2025-12-17 03:12:13,Unknown,181925.0
14623,375,2025-12-13 17:02:50,Mobile,175105.0
14624,729,2025-12-12 00:56:56,Unknown,327496.0
14625,1139,2026-03-05 08:24:12,Mobile,102388.0
14626,312,2024-03-24 07:27:06,Mobile,284882.0
14627,1040,2024-09-11 08:11:16,Web,148183.0
14628,885,2024-05-27 06:17:29,Web,115690.0
14629,22,2026-04-12 01:14:02,Smart TV,325649.0
14630,572,2026-04-09 06:09:39,Unknown,103997.0
14631,537,2025-05-06 08:41:43,Desktop,204848.0
14632,819,2025-05-02 01:27:36,Unknown,243689.0
14633,1060,2024-01-19 21:38:31,Smart TV,265268.0
14634,39,2024-12-15 04:58:43,Unknown,184558.0
14635,640,2024-01-11 20:26:31,Smart TV,276048.0
14636,223,2024-01-19 01:20:46,Smart TV,56636.0
14637,1143,2025-09-11 19:31:08,Smart TV,180487.0
14638,1018,2025-07-12 04:21:32,Web,180918.0
14639,102,2024-05-08 11:06:55,Unknown,270737.0
14640,1044,2026-07-31 20:41:43,Desktop,193369.0
14641,809,2026-07-12 23:48:25,Smart TV,204736.0
14642,441,2024-02-20 16:15:12,Desktop,73875.0
14643,954,2026-02-14 12:56:15,Mobile,224422.0
14644,1141,2026-06-05 06:28:39,Desktop,152637.0
14645,153,2026-03-19 08:09:05,Mobile,133859.0
14646,920,2025-08-05 05:43:41,Smart TV,247326.0
14647,283,2024-06-11 05:58:44,Smart TV,91879.0
14648,506,2025-09-25 14:39:30,Unknown,285257.0
14649,279,2025-01-23 14:58:15,Smart TV,185239.0
14650,1165,2025-02-06 07:10:21,Web,154616.0
14651,189,2024-11-17 22:35:56,Tablet,206820.0
14652,886,2025-04-14 21:24:02,Web,103943.0
14653,927,2024-04-19 14:37:59,Tablet,212281.0
14654,588,2026-02-21 18:34:52,Unknown,149673.0
14655,1149,2024-09-12 00:42:27,Tablet,180818.0
14656,111,2025-07-17 02:58:00,Smart TV,160482.0
14657,602,2024-03-01 07:19:40,Web,75240.0
14658,786,2025-11-29 05:57:22,Web,127075.0
14659,98,2025-06-29 12:50:27,Web,130465.0
14660,186,2024-11-02 21:51:54,Unknown,136862.0
14661,326,2025-07-28 03:38:57,Web,116288.0
14662,860,2024-02-16 11:48:38,Smart TV,79297.0
14663,944,2025-04-14 20:05:29,Tablet,253829.0
14664,1018,2025-02-03 16:34:54,Desktop,138743.0
14665,250,2024-11-07 19:58:42,Smart TV,86851.0
14666,764,2026-06-27 15:30:38,Mobile,65108.0
14667,317,2026-05-13 01:41:08,Web,96149.0
14668,927,2026-07-07 05:04:46,Unknown,313320.0
14669,232,2026-05-24 22:39:05,Smart TV,214700.0
14670,309,2025-03-18 07:23:28,Tablet,199822.0
14671,667,2026-01-18 15:39:55,Desktop,113414.0
14672,774,2024-06-06 12:35:01,Web,226739.0
14673,577,2025-06-18 03:50:10,Mobile,143699.0
14674,224,2026-03-17 23:28:54,Smart TV,56232.0
14675,1090,2026-07-12 04:34:10,Smart TV,260149.0
14676,861,2024-10-06 08:45:11,Tablet,162542.0
14677,889,2024-02-03 14:25:12,Smart TV,160138.0
14678,741,2024-01-22 17:29:58,Tablet,252643.0
14679,914,2025-11-04 06:04:54,Smart TV,139153.0
14680,220,2024-09-05 04:58:15,Tablet,245176.0
14681,971,2024-12-28 09:06:31,Tablet,185103.0
14682,55,2024-01-24 13:29:57,Tablet,111788.0
14683,293,2025-10-24 20:29:18,Web,152286.0
14684,77,2024-10-12 09:52:48,Smart TV,220136.0
14685,390,2026-06-09 01:37:25,Web,45388.0
14686,990,2025-07-13 16:53:45,Web,141096.0
14687,199,2026-02-15 11:30:14,Tablet,223259.0
14688,1180,2024-09-28 07:28:12,Unknown,87475.0
14689,863,2025-03-05 23:19:09,Smart TV,156653.0
14690,434,2024-02-22 22:57:53,Unknown,230715.0
14691,491,2026-06-29 16:19:14,Desktop,343733.0
14692,578,2025-07-26 11:46:39,Smart TV,336765.0
14693,680,2025-07-02 11:11:44,Tablet,225578.0
14694,8,2025-10-16 02:03:10,Web,267517.0
14695,450,2025-03-27 12:34:42,Smart TV,185754.0
14696,118,2025-12-30 18:24:52,Unknown,206031.0
14697,156,2025-01-24 14:20:50,Web,246066.0
14698,470,2024-11-01 09:50:45,Unknown,170280.0
14699,227,2025-10-10 03:54:38,Mobile,206742.0
14700,835,2024-06-04 08:37:05,Tablet,46083.0
14701,318,2026-07-15 20:51:07,Mobile,164197.0
14702,434,2025-12-06 06:39:23,Desktop,43691.0
14703,732,2025-05-06 12:14:45,Desktop,48899.0
14704,641,2024-11-20 10:45:28,Desktop,190729.0
14705,287,2025-08-05 07:49:22,Mobile,39920.0
14706,1001,2025-09-06 13:56:43,Web,104232.0
14707,716,2026-04-28 02:11:22,Web,200180.0
14708,160,2024-05-23 10:33:09,Tablet,274777.0
14709,109,2025-12-05 02:07:15,Desktop,54949.0
14710,237,2024-09-30 07:42:48,Mobile,154616.0
14711,630,2024-08-09 18:40:06,Mobile,275094.0
14712,621,2026-04-11 10:44:16,Web,88564.0
14713,262,2024-04-03 03:16:04,Tablet,161455.0
14714,345,2024-02-26 16:42:57,Smart TV,147127.0
14715,980,2026-07-13 05:22:36,Desktop,286975.0
14716,450,2024-08-08 23:20:08,Desktop,149674.0
14717,313,2025-08-25 11:06:59,Desktop,125842.0
14718,1051,2026-04-28 19:29:00,Desktop,251298.0
14719,799,2025-12-18 21:11:16,Desktop,208483.0
14720,1026,2025-09-20 09:33:03,Smart TV,182264.0
14721,981,2024-02-20 17:14:43,Smart TV,264323.0
14722,22,2025-07-13 17:40:06,Unknown,140481.0
14723,385,2025-07-01 23:04:28,Smart TV,59591.0
14724,732,2024-03-02 16:18:33,Tablet,110196.0
14725,857,2026-05-25 12:34:00,Tablet,232816.0
14726,235,2025-10-06 07:28:01,Unknown,202467.0
14727,827,2025-10-21 12:31:05,Tablet,378254.0
14728,942,2026-08-16 12:26:46,Tablet,287697.0
14729,828,2025-07-28 20:13:54,Desktop,199262.0
14730,696,2025-02-11 23:41:11,Tablet,172555.0
14731,899,2025-12-09 15:25:13,Smart TV,283245.0
14732,183,2024-10-17 15:47:42,Tablet,114016.0
14733,809,2026-05-28 23:02:31,Smart TV,114022.0
14734,948,2024-12-11 09:52:11,Web,383908.0
14735,735,2026-07-03 01:27:13,Desktop,309508.0
14736,537,2026-08-05 20:00:48,Desktop,124668.0
14737,1134,2025-09-04 22:32:34,Web,160120.0
14738,989,2025-08-02 04:33:39,Mobile,201049.0
14739,1183,2024-06-20 14:41:44,Mobile,237935.0
14740,293,2025-11-08 03:17:19,Tablet,84846.0
14741,1095,2024-12-07 07:58:04,Unknown,314417.0
14742,335,2026-05-13 21:37:32,Unknown,140359.0
14743,792,2026-05-02 12:37:35,Tablet,193423.0
14744,707,2025-11-07 23:31:27,Desktop,59002.0
14745,124,2026-05-22 19:15:25,Mobile,39311.0
14746,488,2025-12-08 19:54:40,Smart TV,195582.0
14747,559,2026-07-14 04:00:02,Mobile,74811.0
14748,19,2026-04-17 22:31:05,Desktop,79040.0
14749,1079,2024-02-17 16:14:40,Unknown,202780.0
14750,622,2026-04-07 23:45:17,Web,248759.0
14751,783,2026-08-30 05:52:46,Tablet,241748.0
14752,793,2024-10-18 01:16:55,Tablet,122549.0
14753,798,2024-08-16 22:55:21,Desktop,67454.0
14754,523,2024-12-09 13:15:34,Smart TV,149466.0
14755,25,2025-03-01 01:16:28,Web,224416.0
14756,637,2024-01-05 16:05:37,Tablet,69099.0
14757,1071,2025-09-25 21:37:35,Mobile,301908.0
14758,224,2024-03-23 17:52:03,Web,187909.0
14759,1028,2025-06-10 17:04:41,Unknown,60941.0
14760,83,2025-11-06 08:25:51,Desktop,270147.0
14761,432,2025-01-08 06:09:47,Desktop,294819.0
14762,304,2024-02-05 20:10:17,Unknown,230110.0
14763,1019,2026-07-18 11:21:21,Mobile,184567.0
14764,107,2026-08-28 00:15:07,Mobile,265426.0
14765,191,2024-05-13 18:39:39,Mobile,133245.0
14766,1015,2024-05-23 08:05:44,Smart TV,101747.0
14767,1022,2025-05-13 22:58:28,Tablet,329124.0
14768,749,2024-06-16 14:28:31,Tablet,298241.0
14769,89,2025-06-28 05:42:07,Tablet,281180.0
14770,175,2026-04-08 11:33:58,Desktop,70623.0
14771,1193,2024-03-22 21:32:38,Tablet,146737.0
14772,87,2025-12-16 10:11:17,Mobile,117924.0
14773,1124,2025-10-27 02:26:23,Unknown,138787.0
14774,36,2024-04-29 13:37:30,Unknown,148753.0
14775,954,2025-04-03 00:18:51,Web,211000.0
14776,459,2026-08-31 22:55:22,Smart TV,245330.0
14777,1039,2026-07-26 05:10:58,Smart TV,82056.0
14778,443,2025-07-23 20:36:12,Mobile,62075.0
14779,724,2025-02-24 23:20:29,Unknown,290200.0
14780,328,2024-01-17 04:52:12,Desktop,124622.0
14781,1072,2026-02-03 12:28:25,Unknown,205308.0
14782,697,2024-06-18 21:00:29,Desktop,116075.0
14783,107,2026-03-15 23:18:00,Desktop,154616.0
14784,713,2025-06-28 10:37:23,Tablet,135570.0
14785,185,2024-07-11 17:25:11,Smart TV,242392.0
14786,276,2024-06-08 10:01:23,Web,95316.0
14787,817,2026-07-03 08:03:51,Tablet,75061.0
14788,1135,2026-05-22 10:18:38,Mobile,117699.0
14789,670,2024-01-09 15:54:13,Smart TV,191887.0
14790,767,2025-06-26 11:31:06,Desktop,99762.0
14791,559,2026-03-14 21:39:57,Tablet,70547.0
14792,962,2025-03-03 09:38:33,Mobile,367294.0
14793,809,2025-08-09 15:29:31,Mobile,133662.0
14794,838,2024-10-28 10:02:43,Unknown,267397.0
14795,928,2024-01-10 02:53:21,Mobile,309099.0
14796,692,2026-06-08 13:18:28,Web,63897.0
14797,227,2025-03-27 17:45:07,Tablet,200250.0
14798,773,2024-03-26 23:37:26,Unknown,62050.0
14799,1026,2026-09-03 16:27:46,Tablet,148561.0
14800,103,2026-06-29 21:17:11,Smart TV,66106.0
14801,493,2026-02-23 05:58:54,Desktop,115392.0
14802,766,2024-07-11 15:58:15,Smart TV,144319.0
14803,125,2024-05-02 22:53:52,Unknown,175363.0
14804,254,2025-11-21 14:16:35,Tablet,236302.0
14805,914,2025-06-23 01:50:53,Unknown,286630.0
14806,275,2024-08-24 03:35:33,Web,190010.0
14807,1094,2025-02-15 09:17:45,Smart TV,211010.0
14808,76,2024-11-25 19:59:01,Mobile,186312.0
14809,990,2026-03-22 03:25:48,Smart TV,169367.0
14810,84,2024-04-25 01:19:24,Smart TV,143114.0
14811,344,2024-09-30 10:48:13,Mobile,64764.0
14812,497,2026-08-27 20:50:57,Desktop,104996.0
14813,159,2026-04-06 02:16:11,Tablet,95607.0
14814,790,2026-02-15 19:26:50,Smart TV,72000.0
14815,1196,2025-12-10 04:08:56,Smart TV,56597.0
14816,539,2024-08-30 05:22:56,Web,142391.0
14817,381,2024-09-24 08:00:16,Desktop,255732.0
14818,528,2026-01-04 10:03:34,Web,184453.0
14819,216,2025-01-18 08:45:00,Desktop,179662.0
14820,639,2024-01-31 21:53:08,Unknown,121789.0
14821,809,2024-01-27 14:27:16,Web,184537.0
14822,443,2024-05-06 03:37:09,Mobile,87272.0
14823,840,2026-08-02 08:41:57,Unknown,181516.0
14824,169,2025-09-14 09:37:01,Web,113854.0
14825,268,2024-06-27 01:21:01,Unknown,116266.0
14826,18,2025-10-14 00:12:34,Mobile,111355.0
14827,652,2024-01-31 09:48:37,Smart TV,194151.0
14828,1003,2024-07-19 11:10:44,Desktop,258451.0
14829,581,2025-03-10 11:31:10,Unknown,98900.0
14830,640,2025-09-25 21:47:41,Web,247936.0
14831,185,2025-09-28 21:52:11,Desktop,65681.0
14832,956,2026-05-02 15:41:20,Web,146106.0
14833,420,2026-03-10 16:41:30,Smart TV,132155.0
14834,577,2024-09-27 04:16:21,Tablet,191875.0
14835,770,2026-07-24 14:25:11,Smart TV,200020.0
14836,91,2026-03-14 11:08:39,Mobile,108328.0
14837,157,2025-07-26 13:20:52,Web,40220.0
14838,1186,2025-03-11 19:53:19,Tablet,125606.0
14839,608,2024-11-20 13:54:31,Mobile,66082.0
14840,481,2024-10-19 22:32:33,Unknown,245999.0
14841,783,2026-06-14 17:09:09,Unknown,111003.0
14842,427,2026-07-02 23:58:48,Tablet,170132.0
14843,409,2025-06-26 19:50:15,Smart TV,228413.0
14844,393,2025-04-11 22:29:01,Smart TV,234419.0
14845,994,2025-06-26 20:41:43,Mobile,144699.0
14846,198,2025-08-22 14:56:39,Mobile,253733.0
14847,540,2024-05-12 03:44:53,Desktop,61603.0
14848,677,2024-09-04 09:51:11,Web,207723.0
14849,555,2025-10-09 10:41:18,Desktop,28734.0
14850,182,2026-05-15 02:39:25,Desktop,156022.0
14851,655,2025-08-23 13:46:24,Smart TV,187621.0
14852,1176,2026-03-07 12:51:05,Tablet,185628.0
14853,392,2026-01-01 12:47:19,Desktop,101773.0
14854,825,2026-07-27 07:53:34,Smart TV,70640.0
14855,746,2025-05-02 17:15:57,Unknown,158866.0
14856,1010,2026-01-05 14:03:52,Smart TV,42297.0
14857,738,2024-04-25 09:20:45,Unknown,179457.0
14858,222,2024-01-08 02:11:49,Mobile,280827.0
14859,40,2026-04-29 09:54:21,Unknown,83850.0
14860,494,2025-02-26 14:48:55,Smart TV,200010.0
14861,874,2024-03-30 00:15:20,Mobile,259024.0
14862,189,2025-12-18 16:25:14,Unknown,123076.0
14863,1035,2025-10-23 19:20:25,Desktop,278497.0
14864,541,2025-04-02 16:41:29,Mobile,127025.0
14865,64,2025-02-19 01:51:52,Tablet,154616.0
14866,683,2025-08-21 17:14:22,Mobile,105046.0
14867,360,2026-05-08 10:08:09,Tablet,82149.0
14868,752,2026-07-24 02:20:09,Unknown,79276.0
14869,261,2024-06-15 23:30:46,Web,50416.0
14870,88,2025-09-08 19:41:39,Unknown,40638.0
14871,110,2026-04-14 22:47:51,Unknown,302103.0
14872,605,2025-09-05 01:20:56,Tablet,76285.0
14873,1129,2024-10-08 17:54:39,Web,55864.0
14874,150,2024-06-28 00:29:16,Web,34620.0
14875,254,2024-11-19 18:30:58,Desktop,85825.0
14876,803,2024-12-03 15:48:05,Unknown,243421.0
14877,1124,2026-02-19 14:08:51,Web,168496.0
14878,543,2026-03-05 08:19:17,Tablet,51656.0
14879,199,2024-03-20 16:43:32,Smart TV,313596.0
14880,222,2025-10-03 18:52:09,Web,142230.0
14881,537,2024-02-08 09:45:49,Web,192795.0
14882,949,2025-03-11 19:35:58,Web,44249.0
14883,139,2024-08-16 06:09:06,Mobile,53008.0
14884,979,2025-05-01 20:28:29,Tablet,206188.0
14885,584,2024-07-27 21:57:14,Web,220292.0
14886,903,2026-01-21 19:56:17,Smart TV,175133.0
14887,715,2024-01-03 12:23:19,Web,139215.0
14888,547,2025-10-29 12:15:24,Tablet,90583.0
14889,855,2025-05-06 18:56:41,Unknown,61295.0
14890,1014,2026-02-05 23:29:37,Desktop,189386.0
14891,416,2026-04-20 17:19:14,Unknown,171341.0
14892,186,2025-05-01 02:36:44,Unknown,248244.0
14893,477,2024-06-09 05:19:39,Desktop,232362.0
14894,1067,2024-04-22 11:13:58,Mobile,58797.0
14895,269,2025-07-13 17:34:46,Web,152519.0
14896,11,2026-08-18 07:21:54,Web,142395.0
14897,799,2024-06-07 21:04:37,Unknown,102086.0
14898,603,2024-05-09 21:45:09,Web,89973.0
14899,677,2026-03-29 05:33:33,Desktop,200863.0
14900,867,2025-11-24 00:55:31,Tablet,99577.0
14901,217,2025-04-01 23:45:52,Smart TV,58155.0
14902,53,2026-06-26 02:53:06,Unknown,234197.0
14903,30,2026-02-17 06:54:05,Mobile,109616.0
14904,1106,2024-05-24 17:07:24,Unknown,106120.0
14905,910,2026-01-01 13:02:34,Tablet,194104.0
14906,974,2024-12-31 12:55:12,Desktop,215290.0
14907,1070,2026-05-11 02:31:26,Unknown,142560.0
14908,1196,2024-08-03 03:56:48,Tablet,271547.0
14909,1182,2025-02-15 08:14:36,Mobile,176133.0
14910,467,2024-09-03 12:04:57,Smart TV,208755.0
14911,1039,2026-04-22 12:37:02,Web,58613.0
14912,19,2026-06-29 10:13:52,Tablet,374306.0
14913,781,2025-10-30 01:46:48,Unknown,80657.0
14914,421,2024-05-31 22:40:40,Unknown,52960.0
14915,338,2024-04-16 22:22:47,Tablet,218741.0
14916,447,2026-07-19 21:37:35,Smart TV,100997.0
14917,397,2024-07-13 04:06:38,Unknown,62599.0
14918,803,2024-03-14 09:37:45,Desktop,225568.0
14919,231,2024-09-27 01:18:30,Unknown,103805.0
14920,1061,2026-04-20 19:51:04,Unknown,248358.0
14921,599,2025-12-04 04:34:58,Mobile,67779.0
14922,244,2024-11-24 04:36:11,Tablet,52135.0
14923,602,2024-04-02 13:18:38,Desktop,161473.0
14924,942,2025-05-05 13:41:14,Tablet,137849.0
14925,372,2026-08-29 13:05:17,Web,69735.0
14926,337,2024-11-20 09:44:25,Tablet,302458.0
14927,663,2025-04-28 14:09:31,Desktop,102749.0
14928,1114,2025-09-29 15:20:30,Smart TV,211034.0
14929,672,2024-06-19 18:53:34,Smart TV,104316.0
14930,82,2024-06-15 15:32:38,Web,63222.0
14931,263,2024-06-02 10:44:05,Smart TV,287211.0
14932,918,2024-05-14 01:54:07,Tablet,167063.0
14933,1061,2024-11-02 23:55:35,Mobile,387460.0
14934,1067,2025-02-21 06:13:23,Unknown,182683.0
14935,657,2025-09-15 02:52:53,Unknown,154616.0
14936,852,2026-07-03 15:53:41,Web,219279.0
14937,65,2026-05-20 13:22:08,Tablet,125030.0
14938,919,2026-09-15 12:16:30,Desktop,158515.0
14939,1136,2024-09-17 04:12:31,Mobile,153877.0
14940,1047,2024-12-20 22:48:13,Unknown,77102.0
14941,388,2025-07-22 18:41:48,Unknown,74479.0
14942,925,2024-12-23 08:41:06,Desktop,111597.0
14943,790,2024-12-15 20:43:46,Smart TV,298019.0
14944,883,2026-08-23 02:19:03,Mobile,82874.0
14945,981,2025-01-30 04:25:01,Unknown,230169.0
14946,1027,2026-02-06 15:12:23,Web,132584.0
14947,1034,2026-07-31 17:05:43,Tablet,36887.0
14948,916,2024-06-15 19:02:54,Mobile,228861.0
14949,25,2025-03-23 17:03:30,Unknown,252478.0
14950,719,2025-11-06 09:59:43,Desktop,43071.0
14951,120,2026-08-15 02:17:53,Tablet,103712.0
14952,683,2026-02-02 14:28:38,Mobile,134029.0
14953,114,2024-12-24 22:51:47,Unknown,154616.0
14954,455,2024-10-02 15:16:57,Desktop,72719.0
14955,311,2024-10-26 00:52:05,Mobile,180433.0
14956,973,2024-01-11 08:13:46,Unknown,48350.0
14957,693,2025-10-20 09:58:19,Unknown,180119.0
14958,635,2026-02-18 18:51:06,Smart TV,221891.0
14959,846,2026-02-17 08:36:48,Smart TV,170696.0
14960,103,2025-06-12 22:16:11,Unknown,256455.0
14961,386,2026-01-01 14:27:52,Smart TV,122113.0
14962,514,2025-02-27 02:09:54,Mobile,80215.0
14963,1146,2024-09-30 06:52:39,Tablet,131742.0
14964,110,2026-05-15 03:04:50,Unknown,206133.0
14965,509,2024-12-29 18:51:59,Smart TV,116531.0
14966,42,2026-08-30 01:59:14,Mobile,271190.0
14967,26,2025-09-28 13:09:18,Unknown,183459.0
14968,581,2024-02-10 08:46:52,Tablet,266185.0
14969,1183,2026-01-11 02:28:56,Unknown,310068.0
14970,528,2024-01-04 04:12:30,Tablet,192943.0
14971,735,2024-01-21 06:58:19,Tablet,297549.0
14972,257,2024-11-17 08:08:18,Tablet,149035.0
14973,192,2024-07-13 11:49:56,Unknown,103670.0
14974,849,2026-03-16 10:02:26,Unknown,56377.0
14975,414,2025-07-23 23:55:42,Tablet,372425.0
14976,1122,2025-10-05 14:29:55,Smart TV,283642.0
14977,832,2025-03-10 10:02:35,Desktop,80760.0
14978,1058,2025-05-12 11:25:24,Tablet,57842.0
14979,900,2025-10-18 07:01:21,Mobile,353591.0
14980,1126,2024-10-29 18:33:50,Web,59417.0
14981,682,2024-11-21 19:12:32,Tablet,74067.0
14982,244,2024-03-25 15:16:07,Unknown,91497.0
14983,565,2025-12-18 17:56:37,Mobile,105071.0
14984,1188,2025-09-08 02:33:33,Mobile,153493.0
14985,1169,2025-03-26 01:40:37,Unknown,249143.0
14986,92,2024-06-06 23:15:03,Desktop,34865.0
14987,583,2025-09-13 06:29:52,Unknown,180478.0
14988,825,2024-03-25 19:58:57,Desktop,216797.0
14989,1045,2026-08-20 15:05:09,Tablet,101112.0
14990,244,2026-05-21 20:26:10,Desktop,132249.0
14991,327,2025-07-11 09:20:45,Smart TV,308987.0
14992,1050,2026-05-14 05:03:05,Tablet,195879.0
14993,427,2026-09-16 02:43:04,Web,125260.0
14994,215,2026-07-18 21:27:42,Mobile,151000.0
14995,364,2024-05-11 12:33:51,Desktop,203587.0
14996,433,2026-05-19 09:28:06,Web,157525.0
14997,376,2025-10-17 04:00:51,Tablet,19958.0
14998,223,2024-03-13 22:15:26,Desktop,131648.0
14999,111,2026-02-04 12:59:33,Desktop,100788.0
15000,517,2024-09-18 02:32:44,Mobile,213681.0
